2026-08-12 13:58:32,203 - INFO - ============================================================
2026-08-12 13:58:32,205 - INFO - INICIANDO ROBÔ DE GERENCIAMENTO DE COLEÇÕES - SPORTBAY
2026-08-12 13:58:32,205 - INFO - ============================================================
2026-08-12 13:58:32,206 - INFO - Lendo planilha: c:\Users\Protork\Desktop\Analise de preços site\Atualização de coleções\ATUALIZAÇÃO DE COLEÇÕES.xlsx
2026-08-12 13:58:32,731 - INFO - Coleção alvo: 'Oferta do Dia'
2026-08-12 13:58:32,731 - INFO - Total de shortHashes a adicionar: 16
2026-08-12 13:58:38,631 - INFO - Acessando página de login...
2026-08-12 13:58:41,769 - INFO - ✓ Login realizado com sucesso
2026-08-12 13:58:41,769 - INFO - Navegando direto para: https://www.marketplace.sportbay.com.br/dashboard/categories
2026-08-12 13:58:43,121 - INFO - ✓ Página de lista de categorias/coleções carregada
2026-08-12 13:58:43,127 - INFO - Procurando coleção: 'Oferta do Dia'
2026-08-12 13:58:47,617 - INFO - ✓ Coleção aberta para edição
2026-08-12 13:58:47,618 - INFO - Removendo produtos atuais da coleção...
2026-08-12 13:58:49,160 - INFO -   ➖ Produto removido (total até agora: 1)
2026-08-12 13:58:50,086 - INFO -   ➖ Produto removido (total até agora: 2)
2026-08-12 13:58:50,952 - INFO -   ➖ Produto removido (total até agora: 3)
2026-08-12 13:58:51,706 - INFO -   ➖ Produto removido (total até agora: 4)
2026-08-12 13:58:52,606 - INFO -   ➖ Produto removido (total até agora: 5)
2026-08-12 13:58:53,685 - INFO -   ➖ Produto removido (total até agora: 6)
2026-08-12 13:58:54,507 - INFO -   ➖ Produto removido (total até agora: 7)
2026-08-12 13:58:55,117 - INFO -   ➖ Produto removido (total até agora: 8)
2026-08-12 13:58:55,748 - INFO -   ➖ Produto removido (total até agora: 9)
2026-08-12 13:58:56,700 - INFO -   ➖ Produto removido (total até agora: 10)
2026-08-12 13:58:57,726 - INFO -   ➖ Produto removido (total até agora: 11)
2026-08-12 13:59:08,924 - INFO - ✓ Remoção concluída — 11 produto(s) removido(s)
2026-08-12 13:59:08,924 - INFO - Removendo filtro de Merchant 'Sportbay'...
2026-08-12 13:59:09,106 - INFO - ✓ Filtro de Merchant removido e confirmado (tag não existe mais no DOM)
2026-08-12 13:59:09,106 - INFO - Adicionando 16 produto(s) por shortHash...
2026-08-12 13:59:09,129 - INFO -   Total de produtos na coleção antes de adicionar: 0
2026-08-12 13:59:12,033 - INFO -   ➕ Produto adicionado: P-4B5YTT09OV (total 0 → 1)
2026-08-12 13:59:14,966 - INFO -   ➕ Produto adicionado: P-EP27HR8IMQ (total 1 → 2)
2026-08-12 13:59:17,917 - WARNING -   ⚠ shortHash 'P-5OHAUAQSN4': código '126178' não bate com o SKU da linha ('', Merchant: '') — pulando para não arriscar adicionar o produto errado
2026-08-12 13:59:22,479 - INFO -   ➕ Produto adicionado: P-F4AXIG0GOS (total 2 → 3)
2026-08-12 13:59:34,025 - WARNING -   ⚠ shortHash 'P-28JK3COFFP': tabela não convergiu para 1 resultado novo (contagem no timeout: 10) — pesquisando novamente...
2026-08-12 13:59:36,656 - INFO -   ➕ Produto adicionado: P-28JK3COFFP (total 3 → 4)
2026-08-12 13:59:39,500 - INFO -   ➕ Produto adicionado: P-3BFQSZZ0CL (total 4 → 5)
2026-08-12 13:59:42,373 - INFO -   ➕ Produto adicionado: P-A7KRR79S2P (total 5 → 6)
2026-08-12 13:59:45,129 - INFO -   ➕ Produto adicionado: P-971MV5XKII (total 6 → 7)
2026-08-12 13:59:48,186 - INFO -   ➕ Produto adicionado: P-VSABUEC4IZ (total 7 → 8)
2026-08-12 13:59:50,873 - INFO -   ➕ Produto adicionado: P-76NGUW9GFR (total 8 → 9)
2026-08-12 13:59:53,813 - INFO -   ➕ Produto adicionado: P-BCJ67V3E0D (total 9 → 10)
2026-08-12 13:59:56,393 - INFO -   ➕ Produto adicionado: P-D8Y64DA4OI (total 10 → 11)
2026-08-12 13:59:59,398 - INFO -   ➕ Produto adicionado: P-A8441BTXN2 (total 11 → 12)
2026-08-12 14:00:02,388 - INFO -   ➕ Produto adicionado: P-25HP3G0BQ9 (total 12 → 13)
2026-08-12 14:00:05,169 - INFO -   ➕ Produto adicionado: P-378ERPQPJF (total 13 → 14)
2026-08-12 14:00:08,655 - INFO -   ➕ Produto adicionado: P-80LR23WGOS (total 14 → 15)
2026-08-12 14:00:08,852 - INFO - ✓ Adição concluída — 15 adicionado(s), 0 não encontrado(s), 0 sem efeito, 1 com código divergente
2026-08-12 14:00:08,852 - WARNING -   shortHashes com código divergente do SKU (não adicionados): ['P-5OHAUAQSN4']
2026-08-12 14:00:08,853 - INFO - Salvando alterações...
2026-08-12 14:00:09,054 - INFO - ✓ Alterações salvas com sucesso
2026-08-12 14:00:09,055 - INFO - Conferindo resultado final da coleção...
2026-08-12 14:00:15,068 - ERROR -   ✗ DIVERGÊNCIA FINAL — esperado: 16 | encontrado na coleção: 0 | diferença: 16
2026-08-12 14:00:17,133 - INFO - ============================================================
2026-08-12 14:00:17,133 - INFO - ✓ FLUXO CONCLUÍDO
2026-08-12 14:00:17,133 - INFO - ============================================================
2026-08-12 14:00:19,525 - INFO - Chrome fechado
2026-08-12 14:00:19,526 - INFO - ============================================================
2026-08-12 14:00:19,526 - INFO - RESUMO DE TEMPOS POR FASE (MEDIR_TEMPOS=True)
2026-08-12 14:00:19,526 - INFO -   busca                       39.35s total |   16x | média 2.459s |  48.9%
2026-08-12 14:00:19,526 - INFO -   remocao_item                20.81s total |   12x | média 1.734s |  25.8%
2026-08-12 14:00:19,526 - INFO -   confirmacao_contador        14.00s total |   15x | média 0.933s |  17.4%
2026-08-12 14:00:19,526 - INFO -   limpeza_filtro               4.56s total |   16x | média 0.285s |   5.7%
2026-08-12 14:00:19,527 - INFO -   clique                       1.34s total |   15x | média 0.089s |   1.7%
2026-08-12 14:00:19,527 - INFO -   validacao_sku                0.47s total |   16x | média 0.030s |   0.6%
2026-08-12 14:00:19,527 - INFO -   TOTAL MEDIDO                80.53s
2026-08-12 14:00:19,527 - INFO - ============================================================
2026-08-12 14:34:48,565 - INFO - ============================================================
2026-08-12 14:34:48,565 - INFO - INICIANDO ROBÔ DE GERENCIAMENTO DE COLEÇÕES - SPORTBAY
2026-08-12 14:34:48,566 - INFO - ============================================================
2026-08-12 14:34:48,566 - INFO - Lendo planilha: c:\Users\Protork\Desktop\Analise de preços site\Atualização de coleções\ATUALIZAÇÃO DE COLEÇÕES.xlsx
2026-08-12 14:34:48,909 - INFO - Coleção alvo: 'Mais Potência'
2026-08-12 14:34:48,910 - INFO - Total de shortHashes a adicionar: 14
2026-08-12 14:34:49,901 - INFO - Acessando página de login...
2026-08-12 14:34:52,972 - INFO - ✓ Login realizado com sucesso
2026-08-12 14:34:52,973 - INFO - Navegando direto para: https://www.marketplace.sportbay.com.br/dashboard/categories
2026-08-12 14:34:54,219 - INFO - ✓ Página de lista de categorias/coleções carregada
2026-08-12 14:34:54,219 - INFO - Procurando coleção: 'Mais Potência'
2026-08-12 14:34:58,502 - INFO - ✓ Coleção aberta para edição
2026-08-12 14:34:58,502 - INFO - Removendo produtos atuais da coleção...
2026-08-12 14:35:00,365 - INFO -   ➖ Produto removido (total até agora: 1)
2026-08-12 14:35:01,130 - INFO -   ➖ Produto removido (total até agora: 2)
2026-08-12 14:35:01,710 - INFO -   ➖ Produto removido (total até agora: 3)
2026-08-12 14:35:02,363 - INFO -   ➖ Produto removido (total até agora: 4)
2026-08-12 14:35:03,034 - INFO -   ➖ Produto removido (total até agora: 5)
2026-08-12 14:35:03,722 - INFO -   ➖ Produto removido (total até agora: 6)
2026-08-12 14:35:04,321 - INFO -   ➖ Produto removido (total até agora: 7)
2026-08-12 14:35:05,192 - INFO -   ➖ Produto removido (total até agora: 8)
2026-08-12 14:35:05,876 - INFO -   ➖ Produto removido (total até agora: 9)
2026-08-12 14:35:06,566 - INFO -   ➖ Produto removido (total até agora: 10)
2026-08-12 14:35:08,450 - INFO -   ➖ Produto removido (total até agora: 11)
2026-08-12 14:35:19,654 - INFO - ✓ Remoção concluída — 11 produto(s) removido(s)
2026-08-12 14:35:19,654 - INFO - Removendo filtro de Merchant 'Sportbay'...
2026-08-12 14:35:19,895 - INFO - ✓ Filtro de Merchant removido e confirmado (tag não existe mais no DOM)
2026-08-12 14:35:19,895 - INFO - Adicionando 14 produto(s) por shortHash...
2026-08-12 14:35:19,926 - INFO -   Total de produtos na coleção antes de adicionar: 0
2026-08-12 14:35:22,762 - INFO -   ➕ Produto adicionado: P-CLHVJCSSLT (total 0 → 1)
2026-08-12 14:35:25,427 - INFO -   ➕ Produto adicionado: P-1SCVGM87OC (total 1 → 2)
2026-08-12 14:35:28,422 - INFO -   ➕ Produto adicionado: P-12X4J04NQF (total 2 → 3)
2026-08-12 14:35:31,196 - INFO -   ➕ Produto adicionado: P-DUURWXUGAN (total 3 → 4)
2026-08-12 14:35:34,687 - INFO -   ➕ Produto adicionado: P-5NVW8J8H30 (total 4 → 5)
2026-08-12 14:35:37,477 - INFO -   ➕ Produto adicionado: P-4HR0HK6O8G (total 5 → 6)
2026-08-12 14:35:40,128 - INFO -   ➕ Produto adicionado: P-2FM063KBK1 (total 6 → 7)
2026-08-12 14:35:42,759 - INFO -   ➕ Produto adicionado: P-6VABUFLVPB (total 7 → 8)
2026-08-12 14:35:45,560 - INFO -   ➕ Produto adicionado: P-5PSBJO90X1 (total 8 → 9)
2026-08-12 14:35:48,019 - INFO -   ➕ Produto adicionado: P-ARHX3TKMVR (total 9 → 10)
2026-08-12 14:35:50,702 - INFO -   ➕ Produto adicionado: P-E2GND2N3PV (total 10 → 11)
2026-08-12 14:35:53,423 - INFO -   ➕ Produto adicionado: P-EY5WACLXCZ (total 11 → 12)
2026-08-12 14:35:56,110 - INFO -   ➕ Produto adicionado: P-C7V6A6R4R4 (total 12 → 13)
2026-08-12 14:35:58,541 - INFO -   ➕ Produto adicionado: P-47WFMD5H1L (total 13 → 14)
2026-08-12 14:35:58,677 - INFO - ✓ Adição concluída — 14 adicionado(s), 0 não encontrado(s), 0 sem efeito, 0 com código divergente
2026-08-12 14:35:58,678 - INFO - Salvando alterações...
2026-08-12 14:35:58,850 - INFO - ✓ Alterações salvas com sucesso
2026-08-12 14:35:58,850 - INFO - Conferindo resultado final da coleção...
2026-08-12 14:36:00,954 - INFO -   ✓ Contagem final confere: 14 produto(s) na coleção
2026-08-12 14:36:00,954 - INFO - ============================================================
2026-08-12 14:36:00,955 - INFO - ✓ FLUXO CONCLUÍDO
2026-08-12 14:36:00,956 - INFO - ============================================================
2026-08-12 14:36:03,237 - INFO - Chrome fechado
2026-08-12 14:36:03,237 - INFO - ============================================================
2026-08-12 14:36:03,238 - INFO - RESUMO DE TEMPOS POR FASE (MEDIR_TEMPOS=True)
2026-08-12 14:36:03,238 - INFO -   busca                       23.98s total |   14x | média 1.713s |  40.5%
2026-08-12 14:36:03,238 - INFO -   remocao_item                20.50s total |   12x | média 1.708s |  34.6%
2026-08-12 14:36:03,238 - INFO -   confirmacao_contador        10.43s total |   14x | média 0.745s |  17.6%
2026-08-12 14:36:03,239 - INFO -   limpeza_filtro               2.87s total |   14x | média 0.205s |   4.8%
2026-08-12 14:36:03,239 - INFO -   clique                       1.35s total |   14x | média 0.097s |   2.3%
2026-08-12 14:36:03,239 - INFO -   validacao_sku                0.12s total |   14x | média 0.008s |   0.2%
2026-08-12 14:36:03,239 - INFO -   TOTAL MEDIDO                59.25s
2026-08-12 14:36:03,239 - INFO - ============================================================
2026-08-12 14:37:24,704 - INFO - ============================================================
2026-08-12 14:37:24,704 - INFO - INICIANDO ROBÔ DE GERENCIAMENTO DE COLEÇÕES - SPORTBAY
2026-08-12 14:37:24,705 - INFO - ============================================================
2026-08-12 14:37:24,705 - INFO - Lendo planilha: c:\Users\Protork\Desktop\Analise de preços site\Atualização de coleções\ATUALIZAÇÃO DE COLEÇÕES.xlsx
2026-08-12 14:37:24,984 - INFO - Coleção alvo: 'Mais Vendidos em Capacetes'
2026-08-12 14:37:24,984 - INFO - Total de shortHashes a adicionar: 14
2026-08-12 14:37:25,823 - INFO - Acessando página de login...
2026-08-12 14:37:28,749 - INFO - ✓ Login realizado com sucesso
2026-08-12 14:37:28,750 - INFO - Navegando direto para: https://www.marketplace.sportbay.com.br/dashboard/categories
2026-08-12 14:37:30,058 - INFO - ✓ Página de lista de categorias/coleções carregada
2026-08-12 14:37:30,059 - INFO - Procurando coleção: 'Mais Vendidos em Capacetes'
2026-08-12 14:37:34,375 - INFO - ✓ Coleção aberta para edição
2026-08-12 14:37:34,375 - INFO - Removendo produtos atuais da coleção...
2026-08-12 14:37:36,391 - INFO -   ➖ Produto removido (total até agora: 1)
2026-08-12 14:37:37,223 - INFO -   ➖ Produto removido (total até agora: 2)
2026-08-12 14:37:38,017 - INFO -   ➖ Produto removido (total até agora: 3)
2026-08-12 14:37:38,983 - INFO -   ➖ Produto removido (total até agora: 4)
2026-08-12 14:37:39,912 - INFO -   ➖ Produto removido (total até agora: 5)
2026-08-12 14:37:40,637 - INFO -   ➖ Produto removido (total até agora: 6)
2026-08-12 14:37:41,746 - INFO -   ➖ Produto removido (total até agora: 7)
2026-08-12 14:37:42,572 - INFO -   ➖ Produto removido (total até agora: 8)
2026-08-12 14:37:53,709 - INFO - ✓ Remoção concluída — 8 produto(s) removido(s)
2026-08-12 14:37:53,709 - INFO - Removendo filtro de Merchant 'Sportbay'...
2026-08-12 14:37:53,895 - INFO - ✓ Filtro de Merchant removido e confirmado (tag não existe mais no DOM)
2026-08-12 14:37:53,895 - INFO - Adicionando 14 produto(s) por shortHash...
2026-08-12 14:37:53,916 - INFO -   Total de produtos na coleção antes de adicionar: 0
2026-08-12 14:37:56,675 - INFO -   ➕ Produto adicionado: P-DB1SCFOR39 (total 0 → 1)
2026-08-12 14:37:59,283 - INFO -   ➕ Produto adicionado: P-EVKN70J9L3 (total 1 → 2)
2026-08-12 14:38:02,101 - INFO -   ➕ Produto adicionado: P-82FQMWLQQE (total 2 → 3)
2026-08-12 14:38:04,920 - INFO -   ➕ Produto adicionado: P-36ICMN7CJ5 (total 3 → 4)
2026-08-12 14:38:08,233 - INFO -   ➕ Produto adicionado: P-59BKMISOK6 (total 4 → 5)
2026-08-12 14:38:10,922 - INFO -   ➕ Produto adicionado: P-39J97Y80G9 (total 5 → 6)
2026-08-12 14:38:14,132 - INFO -   ➕ Produto adicionado: P-615GJSJ3UB (total 6 → 7)
2026-08-12 14:38:16,604 - INFO -   ➕ Produto adicionado: P-9HDNHT0DJT (total 7 → 8)
2026-08-12 14:38:19,408 - INFO -   ➕ Produto adicionado: P-79BZV6J200 (total 8 → 9)
2026-08-12 14:38:22,024 - INFO -   ➕ Produto adicionado: P-4QV5PYUOWF (total 9 → 10)
2026-08-12 14:38:24,909 - INFO -   ➕ Produto adicionado: P-9RZSC042BT (total 10 → 11)
2026-08-12 14:38:27,527 - INFO -   ➕ Produto adicionado: P-T0VRPECIR2 (total 11 → 12)
2026-08-12 14:38:30,456 - INFO -   ➕ Produto adicionado: P-EPOE1JXNPT (total 12 → 13)
2026-08-12 14:38:32,949 - INFO -   ➕ Produto adicionado: P-2C530YHUZG (total 13 → 14)
2026-08-12 14:38:33,088 - INFO - ✓ Adição concluída — 14 adicionado(s), 0 não encontrado(s), 0 sem efeito, 0 com código divergente
2026-08-12 14:38:33,088 - INFO - Salvando alterações...
2026-08-12 14:38:33,269 - INFO - ✓ Alterações salvas com sucesso
2026-08-12 14:38:33,269 - INFO - Conferindo resultado final da coleção...
2026-08-12 14:38:35,698 - ERROR -   ✗ DIVERGÊNCIA FINAL — esperado: 14 | encontrado na coleção: 0 | diferença: 14
2026-08-12 14:38:37,878 - INFO - ============================================================
2026-08-12 14:38:37,879 - INFO - ✓ FLUXO CONCLUÍDO
2026-08-12 14:38:37,879 - INFO - ============================================================
2026-08-12 14:38:40,274 - INFO - Chrome fechado
2026-08-12 14:38:40,274 - INFO - ============================================================
2026-08-12 14:38:40,274 - INFO - RESUMO DE TEMPOS POR FASE (MEDIR_TEMPOS=True)
2026-08-12 14:38:40,275 - INFO -   busca                       23.18s total |   14x | média 1.656s |  40.0%
2026-08-12 14:38:40,275 - INFO -   remocao_item                18.76s total |    9x | média 2.085s |  32.4%
2026-08-12 14:38:40,275 - INFO -   confirmacao_contador        12.83s total |   14x | média 0.916s |  22.1%
2026-08-12 14:38:40,275 - INFO -   limpeza_filtro               2.11s total |   14x | média 0.151s |   3.6%
2026-08-12 14:38:40,275 - INFO -   clique                       0.98s total |   14x | média 0.070s |   1.7%
2026-08-12 14:38:40,276 - INFO -   validacao_sku                0.07s total |   14x | média 0.005s |   0.1%
2026-08-12 14:38:40,276 - INFO -   TOTAL MEDIDO                57.93s
2026-08-12 14:38:40,276 - INFO - ============================================================
2026-08-12 14:42:53,580 - INFO - ============================================================
2026-08-12 14:42:53,580 - INFO - INICIANDO ROBÔ DE GERENCIAMENTO DE COLEÇÕES - SPORTBAY
2026-08-12 14:42:53,580 - INFO - ============================================================
2026-08-12 14:42:53,581 - INFO - Lendo planilha: c:\Users\Protork\Desktop\Analise de preços site\Atualização de coleções\ATUALIZAÇÃO DE COLEÇÕES.xlsx
2026-08-12 14:42:53,876 - INFO - Coleção alvo: 'Renove sua Moto'
2026-08-12 14:42:53,882 - INFO - Total de shortHashes a adicionar: 12
2026-08-12 14:42:54,814 - INFO - Acessando página de login...
2026-08-12 14:42:57,563 - INFO - ✓ Login realizado com sucesso
2026-08-12 14:42:57,564 - INFO - Navegando direto para: https://www.marketplace.sportbay.com.br/dashboard/categories
2026-08-12 14:42:58,728 - INFO - ✓ Página de lista de categorias/coleções carregada
2026-08-12 14:42:58,729 - INFO - Procurando coleção: 'Renove sua Moto'
2026-08-12 14:43:03,319 - INFO - ✓ Coleção aberta para edição
2026-08-12 14:43:03,319 - INFO - Removendo produtos atuais da coleção...
2026-08-12 14:43:05,087 - INFO -   ➖ Produto removido (total até agora: 1)
2026-08-12 14:43:05,855 - INFO -   ➖ Produto removido (total até agora: 2)
2026-08-12 14:43:06,441 - INFO -   ➖ Produto removido (total até agora: 3)
2026-08-12 14:43:07,229 - INFO -   ➖ Produto removido (total até agora: 4)
2026-08-12 14:43:07,975 - INFO -   ➖ Produto removido (total até agora: 5)
2026-08-12 14:43:08,748 - INFO -   ➖ Produto removido (total até agora: 6)
2026-08-12 14:43:09,734 - INFO -   ➖ Produto removido (total até agora: 7)
2026-08-12 14:43:10,527 - INFO -   ➖ Produto removido (total até agora: 8)
2026-08-12 14:43:11,344 - INFO -   ➖ Produto removido (total até agora: 9)
2026-08-12 14:43:12,020 - INFO -   ➖ Produto removido (total até agora: 10)
2026-08-12 14:43:12,666 - INFO -   ➖ Produto removido (total até agora: 11)
2026-08-12 14:43:23,772 - INFO - ✓ Remoção concluída — 11 produto(s) removido(s)
2026-08-12 14:43:23,772 - INFO - Removendo filtro de Merchant 'Sportbay'...
2026-08-12 14:43:24,025 - INFO - ✓ Filtro de Merchant removido e confirmado (tag não existe mais no DOM)
2026-08-12 14:43:24,025 - INFO - Adicionando 12 produto(s) por shortHash...
2026-08-12 14:43:24,059 - INFO -   Total de produtos na coleção antes de adicionar: 0
2026-08-12 14:43:26,535 - INFO -   ➕ Produto adicionado: P-4R8NIZC37Y (total 0 → 1)
2026-08-12 14:43:29,039 - INFO -   ➕ Produto adicionado: P-9E5QA4UOQL (total 1 → 2)
2026-08-12 14:43:31,822 - INFO -   ➕ Produto adicionado: P-63US57R2BU (total 2 → 3)
2026-08-12 14:43:34,370 - INFO -   ➕ Produto adicionado: P-D4BGGEPYLB (total 3 → 4)
2026-08-12 14:43:37,043 - INFO -   ➕ Produto adicionado: P-BDGQL5M8H0 (total 4 → 5)
2026-08-12 14:43:39,608 - INFO -   ➕ Produto adicionado: P-DIHV2Z73VS (total 5 → 6)
2026-08-12 14:43:42,184 - INFO -   ➕ Produto adicionado: P-HEYR6GG0IW (total 6 → 7)
2026-08-12 14:43:44,641 - INFO -   ➕ Produto adicionado: P-EB2T5J8ZYN (total 7 → 8)
2026-08-12 14:43:47,161 - INFO -   ➕ Produto adicionado: P-CI5XQE44JQ (total 8 → 9)
2026-08-12 14:43:49,792 - INFO -   ➕ Produto adicionado: P-8VH6MWNTWR (total 9 → 10)
2026-08-12 14:43:52,513 - INFO -   ➕ Produto adicionado: P-C7D6BD8WW4 (total 10 → 11)
2026-08-12 14:43:55,322 - INFO -   ➕ Produto adicionado: P-6NT4M8ZQMB (total 11 → 12)
2026-08-12 14:43:55,521 - INFO - ✓ Adição concluída — 12 adicionado(s), 0 não encontrado(s), 0 sem efeito, 0 com código divergente
2026-08-12 14:43:55,521 - INFO - Salvando alterações...
2026-08-12 14:43:55,688 - INFO - ✓ Alterações salvas com sucesso
2026-08-12 14:43:55,689 - INFO - Conferindo resultado final da coleção...
2026-08-12 14:43:58,377 - INFO -   ✓ Contagem final confere: 12 produto(s) na coleção
2026-08-12 14:43:58,379 - INFO - ============================================================
2026-08-12 14:43:58,380 - INFO - ✓ FLUXO CONCLUÍDO
2026-08-12 14:43:58,380 - INFO - ============================================================
2026-08-12 14:44:00,684 - INFO - Chrome fechado
2026-08-12 14:44:00,715 - INFO - ============================================================
2026-08-12 14:44:00,716 - INFO - RESUMO DE TEMPOS POR FASE (MEDIR_TEMPOS=True)
2026-08-12 14:44:00,716 - INFO -   remocao_item                19.68s total |   12x | média 1.640s |  38.5%
2026-08-12 14:44:00,717 - INFO -   busca                       19.46s total |   12x | média 1.622s |  38.1%
2026-08-12 14:44:00,717 - INFO -   confirmacao_contador         8.98s total |   12x | média 0.749s |  17.6%
2026-08-12 14:44:00,721 - INFO -   limpeza_filtro               2.22s total |   12x | média 0.185s |   4.3%
2026-08-12 14:44:00,721 - INFO -   clique                       0.73s total |   12x | média 0.061s |   1.4%
2026-08-12 14:44:00,725 - INFO -   validacao_sku                0.06s total |   12x | média 0.005s |   0.1%
2026-08-12 14:44:00,748 - INFO -   TOTAL MEDIDO                51.14s
2026-08-12 14:44:00,749 - INFO - ============================================================
2026-08-14 10:28:21,049 - INFO - ============================================================
2026-08-14 10:28:21,049 - INFO - INICIANDO ROBÔ DE GERENCIAMENTO DE COLEÇÕES - SPORTBAY
2026-08-14 10:28:21,050 - INFO - ============================================================
2026-08-14 10:28:21,050 - INFO - Lendo planilha: c:\Users\Protork\Desktop\Analise de preços site\Atualização de coleções\ATUALIZAÇÃO DE COLEÇÕES.xlsx
2026-08-14 10:28:21,376 - INFO - Coleção alvo: 'Promoções do Dia'
2026-08-14 10:28:21,376 - INFO - Total de shortHashes a adicionar: 62
2026-08-14 10:28:25,656 - INFO - Acessando página de login...
2026-08-14 10:28:28,435 - INFO - ✓ Login realizado com sucesso
2026-08-14 10:28:28,435 - INFO - Navegando direto para: https://www.marketplace.sportbay.com.br/dashboard/categories
2026-08-14 10:28:29,751 - INFO - ✓ Página de lista de categorias/coleções carregada
2026-08-14 10:28:29,768 - INFO - Procurando coleção: 'Promoções do Dia'
2026-08-14 10:28:33,739 - INFO - ✓ Coleção aberta para edição
2026-08-14 10:28:33,739 - INFO - Removendo produtos atuais da coleção...
2026-08-14 10:28:35,562 - INFO -   ➖ Produto removido (total até agora: 1)
2026-08-14 10:28:36,403 - INFO -   ➖ Produto removido (total até agora: 2)
2026-08-14 10:28:37,169 - INFO -   ➖ Produto removido (total até agora: 3)
2026-08-14 10:28:37,867 - INFO -   ➖ Produto removido (total até agora: 4)
2026-08-14 10:28:38,674 - INFO -   ➖ Produto removido (total até agora: 5)
2026-08-14 10:28:39,712 - INFO -   ➖ Produto removido (total até agora: 6)
2026-08-14 10:28:40,687 - INFO -   ➖ Produto removido (total até agora: 7)
2026-08-14 10:28:41,542 - INFO -   ➖ Produto removido (total até agora: 8)
2026-08-14 10:28:42,191 - INFO -   ➖ Produto removido (total até agora: 9)
2026-08-14 10:28:42,925 - INFO -   ➖ Produto removido (total até agora: 10)
2026-08-14 10:28:43,827 - INFO -   ➖ Produto removido (total até agora: 11)
2026-08-14 10:28:44,491 - INFO -   ➖ Produto removido (total até agora: 12)
2026-08-14 10:28:45,124 - INFO -   ➖ Produto removido (total até agora: 13)
2026-08-14 10:28:45,903 - INFO -   ➖ Produto removido (total até agora: 14)
2026-08-14 10:28:46,685 - INFO -   ➖ Produto removido (total até agora: 15)
2026-08-14 10:28:47,335 - INFO -   ➖ Produto removido (total até agora: 16)
2026-08-14 10:28:47,988 - INFO -   ➖ Produto removido (total até agora: 17)
2026-08-14 10:28:48,756 - INFO -   ➖ Produto removido (total até agora: 18)
2026-08-14 10:28:49,538 - INFO -   ➖ Produto removido (total até agora: 19)
2026-08-14 10:28:50,253 - INFO -   ➖ Produto removido (total até agora: 20)
2026-08-14 10:28:51,250 - INFO -   ➖ Produto removido (total até agora: 21)
2026-08-14 10:28:52,292 - INFO -   ➖ Produto removido (total até agora: 22)
2026-08-14 10:28:52,954 - INFO -   ➖ Produto removido (total até agora: 23)
2026-08-14 10:28:53,573 - INFO -   ➖ Produto removido (total até agora: 24)
2026-08-14 10:28:54,404 - INFO -   ➖ Produto removido (total até agora: 25)
2026-08-14 10:28:55,095 - INFO -   ➖ Produto removido (total até agora: 26)
2026-08-14 10:28:55,728 - INFO -   ➖ Produto removido (total até agora: 27)
2026-08-14 10:28:56,499 - INFO -   ➖ Produto removido (total até agora: 28)
2026-08-14 10:28:57,167 - INFO -   ➖ Produto removido (total até agora: 29)
2026-08-14 10:28:57,860 - INFO -   ➖ Produto removido (total até agora: 30)
2026-08-14 10:28:58,559 - INFO -   ➖ Produto removido (total até agora: 31)
2026-08-14 10:28:59,244 - INFO -   ➖ Produto removido (total até agora: 32)
2026-08-14 10:29:00,393 - INFO -   ➖ Produto removido (total até agora: 33)
2026-08-14 10:29:00,945 - INFO -   ➖ Produto removido (total até agora: 34)
2026-08-14 10:29:01,666 - INFO -   ➖ Produto removido (total até agora: 35)
2026-08-14 10:29:02,467 - INFO -   ➖ Produto removido (total até agora: 36)
2026-08-14 10:29:03,245 - INFO -   ➖ Produto removido (total até agora: 37)
2026-08-14 10:29:03,785 - INFO -   ➖ Produto removido (total até agora: 38)
2026-08-14 10:29:04,636 - INFO -   ➖ Produto removido (total até agora: 39)
2026-08-14 10:29:05,238 - INFO -   ➖ Produto removido (total até agora: 40)
2026-08-14 10:29:05,967 - INFO -   ➖ Produto removido (total até agora: 41)
2026-08-14 10:29:06,865 - INFO -   ➖ Produto removido (total até agora: 42)
2026-08-14 10:29:07,835 - INFO -   ➖ Produto removido (total até agora: 43)
2026-08-14 10:29:08,458 - INFO -   ➖ Produto removido (total até agora: 44)
2026-08-14 10:29:09,064 - INFO -   ➖ Produto removido (total até agora: 45)
2026-08-14 10:29:09,778 - INFO -   ➖ Produto removido (total até agora: 46)
2026-08-14 10:29:10,429 - INFO -   ➖ Produto removido (total até agora: 47)
2026-08-14 10:29:11,025 - INFO -   ➖ Produto removido (total até agora: 48)
2026-08-14 10:29:11,670 - INFO -   ➖ Produto removido (total até agora: 49)
2026-08-14 10:29:12,365 - INFO -   ➖ Produto removido (total até agora: 50)
2026-08-14 10:29:13,196 - INFO -   ➖ Produto removido (total até agora: 51)
2026-08-14 10:29:13,915 - INFO -   ➖ Produto removido (total até agora: 52)
2026-08-14 10:29:14,568 - INFO -   ➖ Produto removido (total até agora: 53)
2026-08-14 10:29:15,338 - INFO -   ➖ Produto removido (total até agora: 54)
2026-08-14 10:29:15,996 - INFO -   ➖ Produto removido (total até agora: 55)
2026-08-14 10:29:16,780 - INFO -   ➖ Produto removido (total até agora: 56)
2026-08-14 10:29:17,419 - INFO -   ➖ Produto removido (total até agora: 57)
2026-08-14 10:29:18,511 - INFO -   ➖ Produto removido (total até agora: 58)
2026-08-14 10:29:19,344 - INFO -   ➖ Produto removido (total até agora: 59)
2026-08-14 10:29:20,103 - INFO -   ➖ Produto removido (total até agora: 60)
2026-08-14 10:29:31,351 - INFO - ✓ Remoção concluída — 60 produto(s) removido(s)
2026-08-14 10:29:31,352 - INFO - Removendo filtro de Merchant 'Sportbay'...
2026-08-14 10:29:31,539 - INFO - ✓ Filtro de Merchant removido e confirmado (tag não existe mais no DOM)
2026-08-14 10:29:31,539 - INFO - Adicionando 62 produto(s) por shortHash...
2026-08-14 10:29:31,559 - INFO -   Total de produtos na coleção antes de adicionar: 0
2026-08-14 10:29:41,711 - WARNING -   ⚠ shortHash 'P-ANLDG969WO': tabela não convergiu para o resultado desta busca (contagem no timeout: 10) — pesquisando novamente...
2026-08-14 10:29:51,885 - WARNING -   ⚠ shortHash 'P-ANLDG969WO': tabela não convergiu para o resultado desta busca mesmo após repetir (contagem no timeout: 1) — pulando
2026-08-14 10:30:02,108 - WARNING -   ⚠ shortHash 'P-6HB76BSI23': tabela não convergiu para o resultado desta busca (contagem no timeout: 1) — pesquisando novamente...
2026-08-14 10:30:12,407 - WARNING -   ⚠ shortHash 'P-6HB76BSI23': tabela não convergiu para o resultado desta busca mesmo após repetir (contagem no timeout: 1) — pulando
2026-08-14 10:30:22,656 - WARNING -   ⚠ shortHash 'P-36ICMN7CJ5': tabela não convergiu para o resultado desta busca (contagem no timeout: 1) — pesquisando novamente...
2026-08-14 10:30:32,818 - WARNING -   ⚠ shortHash 'P-36ICMN7CJ5': tabela não convergiu para o resultado desta busca mesmo após repetir (contagem no timeout: 1) — pulando
2026-08-14 10:30:42,979 - WARNING -   ⚠ shortHash 'P-3L4ZG7W6X0': tabela não convergiu para o resultado desta busca (contagem no timeout: 1) — pesquisando novamente...
2026-08-14 10:30:53,262 - WARNING -   ⚠ shortHash 'P-3L4ZG7W6X0': tabela não convergiu para o resultado desta busca mesmo após repetir (contagem no timeout: 1) — pulando
2026-08-14 10:31:03,415 - WARNING -   ⚠ shortHash 'P-1NZRGAPH6Z': tabela não convergiu para o resultado desta busca (contagem no timeout: 1) — pesquisando novamente...
2026-08-14 10:31:13,603 - WARNING -   ⚠ shortHash 'P-1NZRGAPH6Z': tabela não convergiu para o resultado desta busca mesmo após repetir (contagem no timeout: 1) — pulando
2026-08-14 11:03:09,574 - INFO - ============================================================
2026-08-14 11:03:09,574 - INFO - INICIANDO ROBÔ DE GERENCIAMENTO DE COLEÇÕES - SPORTBAY
2026-08-14 11:03:09,575 - INFO - ============================================================
2026-08-14 11:03:09,575 - INFO - Lendo planilha: c:\Users\Protork\Desktop\Analise de preços site\Atualização de coleções\ATUALIZAÇÃO DE COLEÇÕES.xlsx
2026-08-14 11:03:09,942 - INFO - Coleção alvo: 'Promoções do Dia'
2026-08-14 11:03:09,942 - INFO - Total de shortHashes a adicionar: 62
2026-08-14 11:03:11,517 - INFO - Acessando página de login...
2026-08-14 11:03:14,834 - INFO - ✓ Login realizado com sucesso
2026-08-14 11:03:14,834 - INFO - Navegando direto para: https://www.marketplace.sportbay.com.br/dashboard/categories
2026-08-14 11:03:16,127 - INFO - ✓ Página de lista de categorias/coleções carregada
2026-08-14 11:03:16,132 - INFO - Procurando coleção: 'Promoções do Dia'
2026-08-14 11:03:20,702 - INFO - ✓ Coleção aberta para edição
2026-08-14 11:03:20,703 - INFO - Removendo produtos atuais da coleção...
2026-08-14 11:03:21,997 - INFO - ✓ Coleção já está sem produtos ('Nenhum produto encontrado') — nada a remover, indo direto para a Seleção Manual de Produtos
2026-08-14 11:03:21,997 - INFO - Removendo filtro de Merchant 'Sportbay'...
2026-08-14 11:03:22,255 - INFO - ✓ Filtro de Merchant removido e confirmado (tag não existe mais no DOM)
2026-08-14 11:03:22,255 - INFO - Adicionando 62 produto(s) por shortHash...
2026-08-14 11:03:22,297 - INFO -   Total de produtos na coleção antes de adicionar: 0
2026-08-14 11:03:25,213 - INFO -   ➕ Produto adicionado: P-ANLDG969WO — Capacete Fechado Pro Tork R8 Vis. Fumê (SKU PAI-116746A) (total 0 → 1)
2026-08-14 11:03:27,796 - INFO -   ➕ Produto adicionado: P-6HB76BSI23 — Capacete Fechado Pro Tork Sport Moto 788 (SKU PAI-110731A) (total 1 → 2)
2026-08-14 11:03:30,212 - INFO -   ➕ Produto adicionado: P-36ICMN7CJ5 — Capacete Aberto New Liberty Three Pro Tork (SKU 110866) (total 2 → 3)
2026-08-14 11:03:32,671 - INFO -   ➕ Produto adicionado: P-3L4ZG7W6X0 — Capacete Fechado Pro Tork Evolution 788 G8 Evo (SKU PAI-119943) (total 3 → 4)
2026-08-14 11:03:35,055 - INFO -   ➕ Produto adicionado: P-1NZRGAPH6Z — Capacete Sport Moto 788 Pro Tork com Viseira Fumê (SKU 124969) (total 4 → 5)
2026-08-14 11:03:37,247 - INFO -   ➕ Produto adicionado: P-59BKMISOK6 — Capacete Fechado New Liberty Four Viseira Fumê Pro Tork (SKU 116695) (total 5 → 6)
2026-08-14 11:03:39,396 - INFO -   ➕ Produto adicionado: P-2BBKLOH3WL — Capacete Aberto New Atomic Solid Fosco Pro Tork (SKU 5478) (total 6 → 7)
2026-08-14 11:03:41,836 - INFO -   ➕ Produto adicionado: P-F4AXIG0GOS — Capacete Escamoteável Attack Evo Fosco Pro Tork (SKU 117524) (total 7 → 8)
2026-08-14 11:03:44,186 - INFO -   ➕ Produto adicionado: P-808ACCI9K2 — Capacete Pro Tork New Liberty Four (SKU 4634) (total 8 → 9)
2026-08-14 11:03:46,492 - INFO -   ➕ Produto adicionado: P-69G0S3I18N — Capacete New Atomic Elite Pro Tork (SKU 119949) (total 9 → 10)
2026-08-14 11:03:48,818 - INFO -   ➕ Produto adicionado: P-28JK3COFFP — Capacete Aberto New Liberty 3 Frequency Pro Tork (SKU 127051) (total 10 → 11)
2026-08-14 11:03:51,023 - INFO -   ➕ Produto adicionado: P-43E67HI2WZ — Capacete Sport Moto For Girls Pro Tork (SKU 5170) (total 11 → 12)
2026-08-14 11:03:53,226 - INFO -   ➕ Produto adicionado: P-2RTJESJ2YW — Escapamento Powercore 3 Steel Technology NXR Bros 160 2016-2025 Pro Tork (SKU 127020) (total 12 → 13)
2026-08-14 11:03:55,528 - INFO -   ➕ Produto adicionado: P-4KWQGIPG2V — Bauleto Plástico Superior 28 Litros Pro Tork Smart Box (SKU PAI-5501A) (total 13 → 14)
2026-08-14 11:03:57,645 - INFO -   ➕ Produto adicionado: P-12X4J04NQF — Ponteira Modelo Original CBX 250 Twister 2002-2008 Pro Tork (SKU 1223) (total 14 → 15)
2026-08-14 11:03:59,747 - INFO -   ➕ Produto adicionado: P-6KDGUKC9UP — Baú Moto 80 Litros Pro Tork (SKU 112178) (total 15 → 16)
2026-08-14 11:04:01,966 - INFO -   ➕ Produto adicionado: P-5QWTN8WDRZ — Baú 45 Litros Smart Box 2 Pro Tork (SKU 5499) (total 16 → 17)
2026-08-14 11:04:04,317 - INFO -   ➕ Produto adicionado: P-971MV5XKII — Escapamento Competition para Titan 150 2009 a 2013 e Fan 150 2009 a 2013 e Fan 125 2009 a 2014 Pro Tork (SKU 119822) (total 17 → 18)
2026-08-14 11:04:06,459 - INFO -   ➕ Produto adicionado: P-D6TD92N9T5 — Escapamento Powercore 3 Steel Technology para NXR Bros 125 2003 a 2005 Pro Tork (SKU 126442) (total 18 → 19)
2026-08-14 11:04:08,794 - INFO -   ➕ Produto adicionado: P-AKDY0PGAYF — Kit Carenagem 4 Peças Cromo Forte Biz 125 2011/13 (SKU PAI-123481) (total 19 → 20)
2026-08-14 11:04:11,048 - INFO -   ➕ Produto adicionado: P-E8T46IGA5V — Escapamento Competition para YBR 125 2002 a 2008 Pro Tork (SKU 126643) (total 20 → 21)
2026-08-14 11:04:13,179 - INFO -   ➕ Produto adicionado: P-4HR0HK6O8G — Escapamento Powercore 4 CRF 230 2008-2020 Pro Tork (SKU 119490) (total 21 → 22)
2026-08-14 11:04:15,498 - INFO -   ➕ Produto adicionado: P-BDGQL5M8H0 — Kit Carenagem 9 Peças XRE 300 2010 a 2012 Pro Tork (SKU 110864) (total 22 → 23)
2026-08-14 11:04:17,659 - INFO -   ➕ Produto adicionado: P-2FM063KBK1 — Escapamento Powercore 4 para CRF 250F 2019 e 2025 Pro Tork (SKU 119503) (total 23 → 24)
2026-08-14 11:04:19,814 - INFO -   ➕ Produto adicionado: P-6VABUFLVPB — Escapamento Powercore 3 Steel Technology para NXR Bros 150 2009 a 2015 Pro Tork (SKU 126441) (total 24 → 25)
2026-08-14 11:04:22,151 - INFO -   ➕ Produto adicionado: P-7UAWSPJJJG — Escapamento Powercore 4 Pro Series CRF 300F 2025 Pro Tork (SKU 127025) (total 25 → 26)
2026-08-14 11:04:24,295 - INFO -   ➕ Produto adicionado: P-5PSBJO90X1 — Escapamento Competition para Titan 125 KS 2000 a 2004 e Fan 125 2004 a 2008 Pro Tork (SKU 119804) (total 26 → 27)
2026-08-14 11:04:26,735 - INFO -   ➕ Produto adicionado: P-9VS8T9OFW6 — Kit Carenagem 3 Peças Cromo Forte Ybr 125 2000/08 (SKU PAI-123496) (total 27 → 28)
2026-08-14 11:04:29,156 - INFO -   ➕ Produto adicionado: P-9PGSYW3ESE — Protetor De Mão Pro Tork Hps (SKU PAI-422A) (total 28 → 29)
2026-08-14 11:04:31,264 - INFO -   ➕ Produto adicionado: P-4A5WPZG0IM — Alça Modelo Especial para CBX 250 Twister 2001 a 2008 Cromo Forte (SKU 123137) (total 29 → 30)
2026-08-14 11:04:33,402 - INFO -   ➕ Produto adicionado: P-1EB8MIBY54 — Espelho Retrovisor Pro Tork Original Cbx 200 (par) (SKU PAI-117150) (total 30 → 31)
2026-08-14 11:04:35,631 - INFO -   ➕ Produto adicionado: P-1CBBVNVATN — Protetor De Motor Pro Tork Barra Dupla Fan 125 2014/15 (SKU PAI-3621) (total 31 → 32)
2026-08-14 11:04:37,748 - INFO -   ➕ Produto adicionado: P-CGMX1C5ROG — Protetor De Carenagem Cromo Forte Shield Com Pedaleira Retrátil Nxr 150 2009/ Nxr 160 (SKU PAI-125649) (total 32 → 33)
2026-08-14 11:04:39,819 - INFO -   ➕ Produto adicionado: P-76NGUW9GFR — Baú Moto Stronger 90 Litros Pro Tork (SKU 127063) (total 33 → 34)
2026-08-14 11:04:42,086 - INFO -   ➕ Produto adicionado: P-F1Q3IXTIJB — Protetor Traseiro Pro Tork Cb 400/450 (SKU PAI-122671) (total 34 → 35)
2026-08-14 11:04:44,181 - INFO -   ➕ Produto adicionado: P-PK0BCYI0QE — Protetor de Motor Francês Mata Cachorro para Suzuki Yes Pro Tork (SKU 1954) (total 35 → 36)
2026-08-14 11:04:46,300 - INFO -   ➕ Produto adicionado: P-BFOSISI6GT — Pinhão 14 Dentes Pro Tork Web 100 (SKU PAI-2162) (total 36 → 37)
2026-08-14 11:04:48,542 - INFO -   ➕ Produto adicionado: P-8Z643RVTV8 — Protetor De Motor Pro Tork Francês Cb 400/450 (SKU PAI-1918) (total 37 → 38)
2026-08-14 11:04:50,645 - INFO -   ➕ Produto adicionado: P-41G45J22NZ — Alça Cromo Forte Especial Cbx 200 Strada 1993/03 (SKU PAI-123135) (total 38 → 39)
2026-08-14 11:04:52,988 - INFO -   ➕ Produto adicionado: P-139KX49DSG — Protetor De Mão Em Alumínio Pro Tork Hps 2 (SKU PAI-123483) (total 39 → 40)
2026-08-14 11:04:55,314 - INFO -   ➕ Produto adicionado: P-D9BRXC20WF — Protetor De Motor Cromo Forte Barra Dupla Suzuki Intruder 125 (SKU PAI-125324) (total 40 → 41)
2026-08-14 11:04:57,471 - INFO -   ➕ Produto adicionado: P-1C4NV32HOZ — Protetor De Motor Cromo Forte Barra Dupla Nxr 150 Bros 2009/14 / Nxr 160 Bros (SKU PAI-125326) (total 41 → 42)
2026-08-14 11:04:59,590 - INFO -   ➕ Produto adicionado: P-51WLS4JCLC — Protetor de Carenagem Modelo Armor com Pedaleira Retrátil para Fazer 250 2010 a 2014 Pro Tork (SKU 120009) (total 42 → 43)
2026-08-14 11:05:01,844 - INFO -   ➕ Produto adicionado: P-1LG2VKH3SG — Protetor de Motor Barra Dupla para XRE 300 Pro Tork (SKU 1976) (total 43 → 44)
2026-08-14 11:05:03,975 - INFO -   ➕ Produto adicionado: P-A3E2OSV32X — Protetor Traseiro Cromo Forte Cg 125 1979/89 / Today 125 1990/94 / Titan 125 1995/99 (SKU PAI-125945) (total 44 → 45)
2026-08-14 11:05:06,229 - INFO -   ➕ Produto adicionado: P-2LJ0DYQNJP — Protetor De Motor Super Adventure Street Titan 150 2004/09 / Titan 125/150 / Fan 2009 (SKU PAI-113290) (total 45 → 46)
2026-08-14 11:05:08,650 - INFO -   ➕ Produto adicionado: P-CTF7AWVVVN — Alça Cromo Forte Especial Falcon 400 (SKU PAI-123139) (total 46 → 47)
2026-08-14 11:05:10,789 - INFO -   ➕ Produto adicionado: P-2Y471A7C7Z — Protetor de Motor Modelo Tradicional para NXR Bros 125 2003 a 2008 e NXR Bros 150 2003 a 2008 Pro Tork (SKU 124577) (total 47 → 48)
2026-08-14 11:05:13,059 - INFO -   ➕ Produto adicionado: P-CB900RWF7E — Protetor De Escape Pro Tork Modelo Original Tela Cbx 250 Twister 2001/08 (SKU PAI-112389) (total 48 → 49)
2026-08-14 11:05:15,338 - INFO -   ➕ Produto adicionado: P-BLKTZPL3ZA — Protetor De Carenagem Super Adventure Cb 250 Twister 2015 (SKU PAI-119994) (total 49 → 50)
2026-08-14 11:05:17,478 - INFO -   ➕ Produto adicionado: P-C3K179DA99 — Alça Pro Tork Especial Shineray Phoenix 49 (SKU PAI-123944) (total 50 → 51)
2026-08-14 11:05:19,728 - INFO -   ➕ Produto adicionado: P-BE9ZFHEMN6 — Alça Traseira Modelo Original Lado Direito para Titan 160 2015 a 2023 Pro Tork (SKU 126655) (total 51 → 52)
2026-08-14 11:05:22,031 - INFO -   ➕ Produto adicionado: P-B33C6OU2AN — Alça Cromo Forte Especial Bros 125/150 2003/08 (SKU PAI-123141) (total 52 → 53)
2026-08-14 11:05:24,190 - INFO -   ➕ Produto adicionado: P-EOI0OQOFDS — Protetor De Motor Pro Tork Racing Sport Titan 150 / Fan 125/150 2009/13 (SKU PAI-1991) (total 53 → 54)
2026-08-14 11:05:26,333 - INFO -   ➕ Produto adicionado: P-9WR9XIPU0N — Protetor Lateral De Carenagem Super Adventure Titan 150 / Fan 125/150 /start 160 2009/13 (par) (SKU PAI-119989) (total 54 → 55)
2026-08-14 11:05:28,637 - INFO -   ➕ Produto adicionado: P-105Y8EIQXT — Alça Modelo Arrow para CB 250 Twister 2015 Pro Tork (SKU 116370) (total 55 → 56)
2026-08-14 11:05:30,756 - INFO -   ➕ Produto adicionado: P-1Z5467N90R — Espelho Retrovisor Pro Tork Esportivo Oval (par) (SKU PAI-117156) (total 56 → 57)
2026-08-14 11:05:32,876 - INFO -   ➕ Produto adicionado: P-7XG19GNI0A — Espelho Retrovisor Pro Tork Original Nxr Bros 160 2015 (par) (SKU PAI-5391) (total 57 → 58)
2026-08-14 11:05:35,162 - INFO -   ➕ Produto adicionado: P-4EQ4AR2OJP — Alça Pro Tork Modelo Original Crypton 110 (SKU PAI-116928) (total 58 → 59)
2026-08-14 11:05:37,551 - INFO -   ➕ Produto adicionado: P-LBWKYCH6N5 — Bicicleta Aro 24 Ultra Bikes Rebaixada Solid 18 Marchas (SKU PAI-111606A) (total 59 → 60)
2026-08-14 11:05:39,865 - INFO -   ➕ Produto adicionado: P-5WRGWOYRV4 — Bicicleta Aro 26 Ultra Bikes Summer Solid [sem Marchas] (SKU PAI-116329A) (total 60 → 61)
2026-08-14 11:05:42,400 - INFO -   ➕ Produto adicionado: P-1PVUNJTOYL — Bicicleta Aro 16 Ultra Bikes Kids T Masculina (SKU PAI-117618A) (total 61 → 62)
2026-08-14 11:05:42,429 - INFO - ✓ Adição concluída — 62 adicionado(s), 0 não encontrado(s), 0 sem efeito, 0 com código divergente
2026-08-14 11:05:42,430 - INFO - Salvando alterações...
2026-08-14 11:05:42,840 - INFO - ✓ Alterações salvas com sucesso
2026-08-14 11:05:42,840 - INFO - Conferindo resultado final da coleção...
2026-08-14 11:05:48,462 - ERROR -   ✗ DIVERGÊNCIA FINAL — esperado: 62 | encontrado na coleção: 0 | diferença: 62
2026-08-14 11:05:50,472 - INFO - ============================================================
2026-08-14 11:05:50,472 - INFO - ✓ FLUXO CONCLUÍDO
2026-08-14 11:05:50,472 - INFO - ============================================================
2026-08-14 11:05:52,841 - INFO - Chrome fechado
2026-08-14 11:05:52,841 - INFO - ============================================================
2026-08-14 11:05:52,842 - INFO - RESUMO DE TEMPOS POR FASE (MEDIR_TEMPOS=True)
2026-08-14 11:05:52,842 - INFO -   busca                       97.81s total |   62x | média 1.578s |  69.8%
2026-08-14 11:05:52,842 - INFO -   confirmacao_contador        41.51s total |   62x | média 0.670s |  29.6%
2026-08-14 11:05:52,842 - INFO -   clique                       0.78s total |   62x | média 0.013s |   0.6%
2026-08-14 11:05:52,842 - INFO -   validacao_sku                0.00s total |   62x | média 0.000s |   0.0%
2026-08-14 11:05:52,842 - INFO -   TOTAL MEDIDO               140.10s
2026-08-14 11:05:52,843 - INFO - ============================================================
2026-08-14 13:36:02,766 - INFO - ============================================================
2026-08-14 13:36:02,766 - INFO - INICIANDO ROBÔ DE GERENCIAMENTO DE COLEÇÕES - SPORTBAY
2026-08-14 13:36:02,767 - INFO - ============================================================
2026-08-14 13:36:02,767 - INFO - Lendo planilha: c:\Users\Protork\Desktop\Analise de preços site\Atualização de coleções\ATUALIZAÇÃO DE COLEÇÕES.xlsx
2026-08-14 13:36:03,055 - INFO - Coleção alvo: 'Oferta do Dia'
2026-08-14 13:36:03,055 - INFO - Total de shortHashes a adicionar: 13
2026-08-14 13:36:05,717 - INFO - Acessando página de login...
2026-08-14 13:36:08,759 - INFO - ✓ Login realizado com sucesso
2026-08-14 13:36:08,760 - INFO - Navegando direto para: https://www.marketplace.sportbay.com.br/dashboard/categories
2026-08-14 13:36:10,165 - INFO - ✓ Página de lista de categorias/coleções carregada
2026-08-14 13:36:10,165 - INFO - Procurando coleção: 'Oferta do Dia'
2026-08-14 13:36:14,174 - INFO - ✓ Coleção aberta para edição
2026-08-14 13:36:14,174 - INFO - Removendo produtos atuais da coleção...
2026-08-14 13:36:16,196 - INFO -   ➖ Produto removido (total até agora: 1)
2026-08-14 13:36:17,413 - INFO -   ➖ Produto removido (total até agora: 2)
2026-08-14 13:36:20,501 - INFO - ✓ Remoção concluída — 2 produto(s) removido(s)
2026-08-14 13:36:20,502 - INFO - Removendo filtro de Merchant 'Sportbay'...
2026-08-14 13:36:20,829 - INFO - ✓ Filtro de Merchant removido e confirmado (tag não existe mais no DOM)
2026-08-14 13:36:20,829 - INFO - Adicionando 13 produto(s) por shortHash...
2026-08-14 13:36:20,859 - INFO -   Total de produtos na coleção antes de adicionar: 14
2026-08-14 13:36:23,774 - INFO -   ➕ Produto adicionado: P-DB1SCFOR39 — Capacete Fechado Pro Tork Sport Moto 788 (SKU PAI-110731A) (total 14 → 15)
2026-08-14 13:36:26,104 - INFO -   ➕ Produto adicionado: P-F0PFGJKLB1 — Capacete Aberto Etceter Open (SKU PAI-121163) (total 15 → 16)
2026-08-14 13:36:28,380 - INFO -   ➕ Produto adicionado: P-DRB48IA76W — Capacete Fechado Pro Tork R8 (SKU PAI-116086A) (total 16 → 17)
2026-08-14 13:36:30,685 - INFO -   ➕ Produto adicionado: P-3SNN35MWJ6 — Triciclo Infantil Ultra Bikes Top Boy Jr [roda Em Pp] (SKU PAI-124799) (total 17 → 18)
2026-08-14 13:36:32,832 - INFO -   ➕ Produto adicionado: P-2RTJESJ2YW — Escapamento Powercore 3 Steel Technology NXR Bros 160 2016-2025 Pro Tork (SKU 127020) (total 18 → 19)
2026-08-14 13:54:30,708 - INFO - ============================================================
2026-08-14 13:54:30,708 - INFO - INICIANDO ROBÔ DE GERENCIAMENTO DE COLEÇÕES - SPORTBAY
2026-08-14 13:54:30,709 - INFO - ============================================================
2026-08-14 13:54:30,709 - INFO - Lendo planilha: c:\Users\Protork\Desktop\Analise de preços site\Atualização de coleções\ATUALIZAÇÃO DE COLEÇÕES.xlsx
2026-08-14 13:54:31,160 - INFO - Coleção alvo: 'Oferta do Dia'
2026-08-14 13:54:31,161 - INFO - Total de shortHashes a adicionar: 13
2026-08-14 13:54:32,747 - INFO - Acessando página de login...
2026-08-14 13:54:36,209 - INFO - ✓ Login realizado com sucesso
2026-08-14 13:54:36,212 - INFO - Navegando direto para: https://www.marketplace.sportbay.com.br/dashboard/categories
2026-08-14 13:54:37,459 - INFO - ✓ Página de lista de categorias/coleções carregada
2026-08-14 13:54:37,459 - INFO - Procurando coleção: 'Oferta do Dia'
2026-08-14 13:54:41,586 - INFO - ✓ Coleção aberta para edição
2026-08-14 13:54:41,586 - INFO - Removendo produtos atuais da coleção...
2026-08-14 13:54:43,857 - INFO -   ➖ Produto removido (total até agora: 1)
2026-08-14 13:54:44,757 - INFO -   ➖ Produto removido (total até agora: 2)
2026-08-14 13:54:45,433 - INFO -   ➖ Produto removido (total até agora: 3)
2026-08-14 13:54:46,091 - INFO -   ➖ Produto removido (total até agora: 4)
2026-08-14 13:54:46,736 - INFO -   ➖ Produto removido (total até agora: 5)
2026-08-14 13:54:47,802 - INFO -   ➖ Produto removido (total até agora: 6)
2026-08-14 13:54:48,571 - INFO -   ➖ Produto removido (total até agora: 7)
2026-08-14 13:54:49,184 - INFO -   ➖ Produto removido (total até agora: 8)
2026-08-14 13:54:49,871 - INFO -   ➖ Produto removido (total até agora: 9)
2026-08-14 13:54:50,831 - INFO -   ➖ Produto removido (total até agora: 10)
2026-08-14 13:54:51,440 - INFO -   ➖ Produto removido (total até agora: 11)
2026-08-14 13:54:52,051 - INFO -   ➖ Produto removido (total até agora: 12)
2026-08-14 13:54:52,685 - INFO -   ➖ Produto removido (total até agora: 13)
2026-08-14 13:54:53,643 - INFO -   ➖ Produto removido (total até agora: 14)
2026-08-14 13:54:54,401 - INFO -   ➖ Produto removido (total até agora: 15)
2026-08-14 13:54:55,076 - INFO -   ➖ Produto removido (total até agora: 16)
2026-08-14 13:54:55,746 - INFO -   ➖ Produto removido (total até agora: 17)
2026-08-14 13:54:56,366 - INFO -   ➖ Produto removido (total até agora: 18)
2026-08-14 13:54:57,132 - INFO -   ➖ Produto removido (total até agora: 19)
2026-08-14 13:54:57,280 - INFO - ✓ Remoção concluída — 19 produto(s) removido(s)
2026-08-14 13:54:57,281 - INFO - Removendo filtro de Merchant 'Sportbay'...
2026-08-14 13:54:57,566 - INFO - ✓ Filtro de Merchant removido e confirmado (tag não existe mais no DOM)
2026-08-14 13:54:57,566 - INFO - Adicionando 13 produto(s) por shortHash...
2026-08-14 13:54:57,603 - INFO -   Total de produtos na coleção antes de adicionar: 0
2026-08-14 13:55:00,012 - INFO -   ➕ Produto adicionado: P-DB1SCFOR39 — Capacete Fechado Pro Tork Sport Moto 788 (SKU PAI-110731A) (total 0 → 1)
2026-08-14 13:55:02,158 - INFO -   ➕ Produto adicionado: P-F0PFGJKLB1 — Capacete Aberto Etceter Open (SKU PAI-121163) (total 1 → 2)
2026-08-14 13:55:04,262 - INFO -   ➕ Produto adicionado: P-DRB48IA76W — Capacete Fechado Pro Tork R8 (SKU PAI-116086A) (total 2 → 3)
2026-08-14 13:55:06,505 - INFO -   ➕ Produto adicionado: P-3SNN35MWJ6 — Triciclo Infantil Ultra Bikes Top Boy Jr [roda Em Pp] (SKU PAI-124799) (total 3 → 4)
2026-08-14 13:55:08,607 - INFO -   ➕ Produto adicionado: P-2RTJESJ2YW — Escapamento Powercore 3 Steel Technology NXR Bros 160 2016-2025 Pro Tork (SKU 127020) (total 4 → 5)
2026-08-14 13:55:10,723 - INFO -   ➕ Produto adicionado: P-7VX1YBXR1K — Escapamento Competition para Pop 100 2007 a 2015 Pro Tork (SKU 119942) (total 5 → 6)
2026-08-14 13:55:13,161 - INFO -   ➕ Produto adicionado: P-4R8NIZC37Y — Kit Carenagem 5 Peças Pro Tork Biz 100 1998/05 (SKU PAI-112481) (total 6 → 7)
2026-08-14 13:55:15,342 - INFO -   ➕ Produto adicionado: P-6KDGUKC9UP — Baú Moto 80 Litros Pro Tork (SKU 112178) (total 7 → 8)
2026-08-14 13:55:17,466 - INFO -   ➕ Produto adicionado: P-D6TD92N9T5 — Escapamento Powercore 3 Steel Technology para NXR Bros 125 2003 a 2005 Pro Tork (SKU 126442) (total 8 → 9)
2026-08-14 13:55:20,536 - INFO -   ➕ Produto adicionado: P-617A8E9VKU — Calça Motocross Brave 2025 Pro Tork (SKU 126937) (total 9 → 10)
2026-08-14 13:55:23,342 - INFO -   ➕ Produto adicionado: P-1SAXZMCYI4 — Camisa Motocross Brave 2025 Pro Tork (SKU 126936) (total 10 → 11)
2026-08-14 13:55:25,819 - INFO -   ➕ Produto adicionado: P-DV4Z0GKM9I — Calça Motocross Next 2024 Pro Tork (SKU 126769) (total 11 → 12)
2026-08-14 13:55:28,059 - INFO -   ➕ Produto adicionado: P-7Z0H3SPN5T — Camisa Motocross Next 2024 Pro Tork (SKU 126771) (total 12 → 13)
2026-08-14 13:55:28,060 - INFO - ✓ Adição concluída — 13 adicionado(s), 0 não encontrado(s), 0 sem efeito, 0 com código divergente
2026-08-14 13:55:28,060 - INFO - Salvando alterações...
2026-08-14 13:55:28,228 - INFO - ✓ Alterações salvas com sucesso
2026-08-14 13:55:28,229 - INFO - Conferindo resultado final da coleção...
2026-08-14 13:55:30,429 - INFO -   ✓ Contagem final confere: 13 produto(s) na coleção
2026-08-14 13:55:30,433 - INFO - ============================================================
2026-08-14 13:55:30,433 - INFO - ✓ FLUXO CONCLUÍDO
2026-08-14 13:55:30,433 - INFO - ============================================================
2026-08-14 13:55:32,795 - INFO - Chrome fechado
2026-08-14 13:55:32,795 - INFO - ============================================================
2026-08-14 13:55:32,795 - INFO - RESUMO DE TEMPOS POR FASE (MEDIR_TEMPOS=True)
2026-08-14 13:55:32,795 - INFO -   busca                       20.29s total |   13x | média 1.561s |  45.5%
2026-08-14 13:55:32,795 - INFO -   remocao_item                14.14s total |   20x | média 0.707s |  31.7%
2026-08-14 13:55:32,796 - INFO -   confirmacao_contador        10.01s total |   13x | média 0.770s |  22.5%
2026-08-14 13:55:32,796 - INFO -   clique                       0.13s total |   13x | média 0.010s |   0.3%
2026-08-14 13:55:32,796 - INFO -   validacao_sku                0.00s total |   13x | média 0.000s |   0.0%
2026-08-14 13:55:32,796 - INFO -   TOTAL MEDIDO                44.57s
2026-08-14 13:55:32,796 - INFO - ============================================================
2026-08-14 13:59:43,023 - INFO - ============================================================
2026-08-14 13:59:43,023 - INFO - INICIANDO ROBÔ DE GERENCIAMENTO DE COLEÇÕES - SPORTBAY
2026-08-14 13:59:43,023 - INFO - ============================================================
2026-08-14 13:59:43,024 - INFO - Lendo planilha: c:\Users\Protork\Desktop\Analise de preços site\Atualização de coleções\ATUALIZAÇÃO DE COLEÇÕES.xlsx
2026-08-14 13:59:43,334 - INFO - Coleção alvo: 'Mais Vendidos em Capacetes'
2026-08-14 13:59:43,334 - INFO - Total de shortHashes a adicionar: 14
2026-08-14 13:59:45,762 - INFO - Acessando página de login...
2026-08-14 13:59:49,231 - INFO - ✓ Login realizado com sucesso
2026-08-14 13:59:49,232 - INFO - Navegando direto para: https://www.marketplace.sportbay.com.br/dashboard/categories
2026-08-14 13:59:50,456 - INFO - ✓ Página de lista de categorias/coleções carregada
2026-08-14 13:59:50,456 - INFO - Procurando coleção: 'Mais Vendidos em Capacetes'
2026-08-14 13:59:54,638 - INFO - ✓ Coleção aberta para edição
2026-08-14 13:59:54,638 - INFO - Removendo produtos atuais da coleção...
2026-08-14 13:59:56,635 - INFO -   ➖ Produto removido (total até agora: 1)
2026-08-14 13:59:57,377 - INFO -   ➖ Produto removido (total até agora: 2)
2026-08-14 13:59:58,054 - INFO -   ➖ Produto removido (total até agora: 3)
2026-08-14 13:59:58,844 - INFO -   ➖ Produto removido (total até agora: 4)
2026-08-14 13:59:59,724 - INFO -   ➖ Produto removido (total até agora: 5)
2026-08-14 14:00:00,672 - INFO -   ➖ Produto removido (total até agora: 6)
2026-08-14 14:00:01,462 - INFO -   ➖ Produto removido (total até agora: 7)
2026-08-14 14:00:02,113 - INFO -   ➖ Produto removido (total até agora: 8)
2026-08-14 14:00:02,830 - INFO -   ➖ Produto removido (total até agora: 9)
2026-08-14 14:00:03,898 - INFO -   ➖ Produto removido (total até agora: 10)
2026-08-14 14:00:04,825 - INFO -   ➖ Produto removido (total até agora: 11)
2026-08-14 14:00:05,606 - INFO -   ➖ Produto removido (total até agora: 12)
2026-08-14 14:00:06,546 - INFO -   ➖ Produto removido (total até agora: 13)
2026-08-14 14:00:07,306 - INFO -   ➖ Produto removido (total até agora: 14)
2026-08-14 14:00:07,333 - INFO - ✓ Remoção concluída — 14 produto(s) removido(s)
2026-08-14 14:00:07,335 - INFO - Removendo filtro de Merchant 'Sportbay'...
2026-08-14 14:00:07,581 - INFO - ✓ Filtro de Merchant removido e confirmado (tag não existe mais no DOM)
2026-08-14 14:00:07,581 - INFO - Adicionando 14 produto(s) por shortHash...
2026-08-14 14:00:07,620 - INFO -   Total de produtos na coleção antes de adicionar: 0
2026-08-14 14:00:10,020 - INFO -   ➕ Produto adicionado: P-4B5YTT09OV — Capacete Fechado Pro Tork R8 Vis. Fumê (SKU PAI-116746A) (total 0 → 1)
2026-08-14 14:00:12,532 - INFO -   ➕ Produto adicionado: P-4U80ZN5O9W — Capacete Fechado Pro Tork Evolution 788 G8 Evo (SKU PAI-119943) (total 1 → 2)
2026-08-14 14:00:14,800 - INFO -   ➕ Produto adicionado: P-1NZRGAPH6Z — Capacete Sport Moto 788 Pro Tork com Viseira Fumê (SKU 124969) (total 2 → 3)
2026-08-14 14:00:16,967 - INFO -   ➕ Produto adicionado: P-2BBKLOH3WL — Capacete Aberto New Atomic Solid Fosco Pro Tork (SKU 5478) (total 3 → 4)
2026-08-14 14:00:19,324 - INFO -   ➕ Produto adicionado: P-5OHAUAQSN4 — Capacete Aberto New Atomic Universe Brilhante Pro Tork (SKU 126178) (total 4 → 5)
2026-08-14 14:00:21,588 - INFO -   ➕ Produto adicionado: P-F4AXIG0GOS — Capacete Escamoteável Attack Evo Fosco Pro Tork (SKU 117524) (total 5 → 6)
2026-08-14 14:00:24,033 - INFO -   ➕ Produto adicionado: P-CTCTU8VAYL — Capacete Aberto Pro Tork New Liberty 3 Solid Viseira Fumê (SKU PAI-121059) (total 6 → 7)
2026-08-14 14:00:26,501 - INFO -   ➕ Produto adicionado: P-808ACCI9K2 — Capacete Pro Tork New Liberty Four (SKU 4634) (total 7 → 8)
2026-08-14 14:00:28,789 - INFO -   ➕ Produto adicionado: P-69G0S3I18N — Capacete New Atomic Elite Pro Tork (SKU 119949) (total 8 → 9)
2026-08-14 14:00:30,878 - INFO -   ➕ Produto adicionado: P-28JK3COFFP — Capacete Aberto New Liberty 3 Frequency Pro Tork (SKU 127051) (total 9 → 10)
2026-08-14 14:00:33,221 - INFO -   ➕ Produto adicionado: P-43E67HI2WZ — Capacete Sport Moto For Girls Pro Tork (SKU 5170) (total 10 → 11)
2026-08-14 14:00:35,454 - INFO -   ➕ Produto adicionado: P-3BFQSZZ0CL — Capacete Pro Tork Fast Tech Limited Edition (SKU 121016) (total 11 → 12)
2026-08-14 14:00:37,827 - INFO -   ➕ Produto adicionado: P-ALQ2T12FFF — Capacete Escamoteável V-Pro Jet 3 Viseira Fumê Pro Tork (SKU 116735) (total 12 → 13)
2026-08-14 14:00:40,516 - INFO -   ➕ Produto adicionado: P-8MN63I3MY4 — Capacete Mixs Mx2 Storm Fosco (SKU 119776) (total 13 → 14)
2026-08-14 14:00:40,517 - INFO - ✓ Adição concluída — 14 adicionado(s), 0 não encontrado(s), 0 sem efeito, 0 com código divergente
2026-08-14 14:00:40,517 - INFO - Salvando alterações...
2026-08-14 14:00:40,696 - INFO - ✓ Alterações salvas com sucesso
2026-08-14 14:00:40,696 - INFO - Conferindo resultado final da coleção...
2026-08-14 14:00:42,634 - INFO -   ✓ Contagem final confere: 14 produto(s) na coleção
2026-08-14 14:00:42,635 - INFO - ============================================================
2026-08-14 14:00:42,635 - INFO - ✓ FLUXO CONCLUÍDO
2026-08-14 14:00:42,635 - INFO - ============================================================
2026-08-14 14:00:44,971 - INFO - Chrome fechado
2026-08-14 14:00:44,971 - INFO - ============================================================
2026-08-14 14:00:44,972 - INFO - RESUMO DE TEMPOS POR FASE (MEDIR_TEMPOS=True)
2026-08-14 14:00:44,972 - INFO -   busca                       21.69s total |   14x | média 1.549s |  48.9%
2026-08-14 14:00:44,972 - INFO -   remocao_item                11.45s total |   15x | média 0.764s |  25.8%
2026-08-14 14:00:44,972 - INFO -   confirmacao_contador        11.04s total |   14x | média 0.788s |  24.9%
2026-08-14 14:00:44,972 - INFO -   clique                       0.13s total |   14x | média 0.009s |   0.3%
2026-08-14 14:00:44,973 - INFO -   validacao_sku                0.00s total |   14x | média 0.000s |   0.0%
2026-08-14 14:00:44,973 - INFO -   TOTAL MEDIDO                44.31s
2026-08-14 14:00:44,973 - INFO - ============================================================
2026-08-14 14:46:26,002 - INFO - ============================================================
2026-08-14 14:46:26,003 - INFO - INICIANDO ROBÔ DE GERENCIAMENTO DE COLEÇÕES - SPORTBAY
2026-08-14 14:46:26,003 - INFO - ============================================================
2026-08-14 14:46:26,003 - INFO - Lendo planilha: c:\Users\Protork\Desktop\Analise de preços site\Atualização de coleções\ATUALIZAÇÃO DE COLEÇÕES.xlsx
2026-08-14 14:46:26,293 - INFO - Coleção alvo: 'Capacetes Mais Vendidos'
2026-08-14 14:46:26,294 - INFO - Total de shortHashes a adicionar: 12
2026-08-14 14:46:28,070 - INFO - Acessando página de login...
2026-08-14 14:46:30,645 - INFO - ✓ Login realizado com sucesso
2026-08-14 14:46:30,645 - INFO - Navegando direto para: https://www.marketplace.sportbay.com.br/dashboard/categories
2026-08-14 14:46:32,147 - INFO - ✓ Página de lista de categorias/coleções carregada
2026-08-14 14:46:32,147 - INFO - Procurando coleção: 'Capacetes Mais Vendidos'
2026-08-14 14:46:35,750 - INFO - ✓ Coleção aberta para edição
2026-08-14 14:46:35,750 - INFO - Removendo produtos atuais da coleção...
2026-08-14 14:46:37,327 - INFO -   ➖ Produto removido (total até agora: 1)
2026-08-14 14:46:37,914 - INFO -   ➖ Produto removido (total até agora: 2)
2026-08-14 14:46:38,452 - INFO -   ➖ Produto removido (total até agora: 3)
2026-08-14 14:46:39,037 - INFO -   ➖ Produto removido (total até agora: 4)
2026-08-14 14:46:39,621 - INFO -   ➖ Produto removido (total até agora: 5)
2026-08-14 14:46:40,204 - INFO -   ➖ Produto removido (total até agora: 6)
2026-08-14 14:46:40,303 - INFO - ✓ Remoção concluída — 6 produto(s) removido(s)
2026-08-14 14:46:40,304 - INFO - Removendo filtro de Merchant 'Sportbay'...
2026-08-14 14:46:40,582 - INFO - ✓ Filtro de Merchant removido e confirmado (tag não existe mais no DOM)
2026-08-14 14:46:40,582 - INFO - Adicionando 12 produto(s) por shortHash...
2026-08-14 14:46:40,605 - INFO -   Total de produtos na coleção antes de adicionar: 0
2026-08-14 14:46:43,081 - INFO -   ➕ Produto adicionado: P-4B5YTT09OV — Capacete Fechado Pro Tork R8 Vis. Fumê (SKU PAI-116746A) (total 0 → 1)
2026-08-14 14:46:45,324 - INFO -   ➕ Produto adicionado: P-DB1SCFOR39 — Capacete Fechado Pro Tork Sport Moto 788 (SKU PAI-110731A) (total 1 → 2)
2026-08-14 14:46:47,455 - INFO -   ➕ Produto adicionado: P-F0PFGJKLB1 — Capacete Aberto Etceter Open (SKU PAI-121163) (total 2 → 3)
2026-08-14 14:46:49,834 - INFO -   ➕ Produto adicionado: P-DRB48IA76W — Capacete Fechado Pro Tork R8 (SKU PAI-116086A) (total 3 → 4)
2026-08-14 14:46:52,098 - INFO -   ➕ Produto adicionado: P-36ICMN7CJ5 — Capacete Aberto New Liberty Three Pro Tork (SKU 110866) (total 4 → 5)
2026-08-14 14:46:54,352 - INFO -   ➕ Produto adicionado: P-4U80ZN5O9W — Capacete Fechado Pro Tork Evolution 788 G8 Evo (SKU PAI-119943) (total 5 → 6)
2026-08-14 14:46:56,710 - INFO -   ➕ Produto adicionado: P-1NZRGAPH6Z — Capacete Sport Moto 788 Pro Tork com Viseira Fumê (SKU 124969) (total 6 → 7)
2026-08-14 14:46:58,912 - INFO -   ➕ Produto adicionado: P-59BKMISOK6 — Capacete Fechado New Liberty Four Viseira Fumê Pro Tork (SKU 116695) (total 7 → 8)
2026-08-14 14:47:01,047 - INFO -   ➕ Produto adicionado: P-2BBKLOH3WL — Capacete Aberto New Atomic Solid Fosco Pro Tork (SKU 5478) (total 8 → 9)
2026-08-14 14:47:03,304 - INFO -   ➕ Produto adicionado: P-5OHAUAQSN4 — Capacete Aberto New Atomic Universe Brilhante Pro Tork (SKU 126178) (total 9 → 10)
2026-08-14 14:47:05,574 - INFO -   ➕ Produto adicionado: P-F4AXIG0GOS — Capacete Escamoteável Attack Evo Fosco Pro Tork (SKU 117524) (total 10 → 11)
2026-08-14 14:47:08,054 - INFO -   ➕ Produto adicionado: P-39J97Y80G9 — Capacete Fechado Stealth Concept Brilhante Viseira Fumê Pro Tork (SKU 124963) (total 11 → 12)
2026-08-14 14:47:08,055 - INFO - ✓ Adição concluída — 12 adicionado(s), 0 não encontrado(s), 0 sem efeito, 0 com código divergente
2026-08-14 14:47:08,055 - INFO - Salvando alterações...
2026-08-14 14:47:08,196 - INFO - ✓ Alterações salvas com sucesso
2026-08-14 14:47:08,196 - INFO - Conferindo resultado final da coleção...
2026-08-14 14:47:13,186 - ERROR -   ✗ DIVERGÊNCIA FINAL — esperado: 12 | encontrado na coleção: 0 | diferença: 12
2026-08-14 14:47:15,281 - INFO - ============================================================
2026-08-14 14:47:15,281 - INFO - ✓ FLUXO CONCLUÍDO
2026-08-14 14:47:15,281 - INFO - ============================================================
2026-08-14 14:47:17,794 - INFO - Chrome fechado
2026-08-14 14:47:17,794 - INFO - ============================================================
2026-08-14 14:47:17,794 - INFO - RESUMO DE TEMPOS POR FASE (MEDIR_TEMPOS=True)
2026-08-14 14:47:17,794 - INFO -   busca                       18.69s total |   12x | média 1.557s |  60.4%
2026-08-14 14:47:17,795 - INFO -   confirmacao_contador         8.61s total |   12x | média 0.718s |  27.9%
2026-08-14 14:47:17,795 - INFO -   remocao_item                 3.49s total |    7x | média 0.498s |  11.3%
2026-08-14 14:47:17,795 - INFO -   clique                       0.12s total |   12x | média 0.010s |   0.4%
2026-08-14 14:47:17,795 - INFO -   validacao_sku                0.00s total |   12x | média 0.000s |   0.0%
2026-08-14 14:47:17,796 - INFO -   TOTAL MEDIDO                30.91s
2026-08-14 14:47:17,796 - INFO - ============================================================
2026-08-14 14:58:35,569 - INFO - ============================================================
2026-08-14 14:58:35,570 - INFO - INICIANDO ROBÔ DE GERENCIAMENTO DE COLEÇÕES - SPORTBAY
2026-08-14 14:58:35,570 - INFO - ============================================================
2026-08-14 14:58:35,570 - INFO - Lendo planilha: c:\Users\Protork\Desktop\Analise de preços site\Atualização de coleções\ATUALIZAÇÃO DE COLEÇÕES.xlsx
2026-08-14 14:58:35,947 - INFO - Coleção alvo: 'Ofertas de Capacetes'
2026-08-14 14:58:35,947 - INFO - Total de shortHashes a adicionar: 20
2026-08-14 14:58:39,467 - INFO - Acessando página de login...
2026-08-14 14:58:42,127 - INFO - ✓ Login realizado com sucesso
2026-08-14 14:58:42,128 - INFO - Navegando direto para: https://www.marketplace.sportbay.com.br/dashboard/categories
2026-08-14 14:58:43,516 - INFO - ✓ Página de lista de categorias/coleções carregada
2026-08-14 14:58:43,524 - INFO - Procurando coleção: 'Ofertas de Capacetes'
2026-08-14 14:58:47,442 - INFO - ✓ Coleção aberta para edição
2026-08-14 14:58:47,442 - INFO - Removendo produtos atuais da coleção...
2026-08-14 14:58:49,398 - INFO -   ➖ Produto removido (total até agora: 1)
2026-08-14 14:58:50,184 - INFO -   ➖ Produto removido (total até agora: 2)
2026-08-14 14:58:50,894 - INFO -   ➖ Produto removido (total até agora: 3)
2026-08-14 14:58:51,658 - INFO -   ➖ Produto removido (total até agora: 4)
2026-08-14 14:58:52,377 - INFO -   ➖ Produto removido (total até agora: 5)
2026-08-14 14:58:53,249 - INFO -   ➖ Produto removido (total até agora: 6)
2026-08-14 14:58:54,388 - INFO -   ➖ Produto removido (total até agora: 7)
2026-08-14 14:58:55,002 - INFO -   ➖ Produto removido (total até agora: 8)
2026-08-14 14:58:55,562 - INFO -   ➖ Produto removido (total até agora: 9)
2026-08-14 14:58:56,308 - INFO -   ➖ Produto removido (total até agora: 10)
2026-08-14 14:58:56,919 - INFO -   ➖ Produto removido (total até agora: 11)
2026-08-14 14:58:57,584 - INFO -   ➖ Produto removido (total até agora: 12)
2026-08-14 14:58:58,174 - INFO -   ➖ Produto removido (total até agora: 13)
2026-08-14 14:58:58,814 - INFO -   ➖ Produto removido (total até agora: 14)
2026-08-14 14:58:59,718 - INFO -   ➖ Produto removido (total até agora: 15)
2026-08-14 14:59:00,400 - INFO -   ➖ Produto removido (total até agora: 16)
2026-08-14 14:59:00,975 - INFO -   ➖ Produto removido (total até agora: 17)
2026-08-14 14:59:01,556 - INFO -   ➖ Produto removido (total até agora: 18)
2026-08-14 14:59:02,489 - INFO -   ➖ Produto removido (total até agora: 19)
2026-08-14 14:59:03,156 - INFO -   ➖ Produto removido (total até agora: 20)
2026-08-14 14:59:03,727 - INFO -   ➖ Produto removido (total até agora: 21)
2026-08-14 14:59:04,517 - INFO -   ➖ Produto removido (total até agora: 22)
2026-08-14 14:59:05,398 - INFO -   ➖ Produto removido (total até agora: 23)
2026-08-14 14:59:06,137 - INFO -   ➖ Produto removido (total até agora: 24)
2026-08-14 14:59:06,807 - INFO -   ➖ Produto removido (total até agora: 25)
2026-08-14 14:59:07,383 - INFO -   ➖ Produto removido (total até agora: 26)
2026-08-14 14:59:07,978 - INFO -   ➖ Produto removido (total até agora: 27)
2026-08-14 14:59:08,001 - INFO - ✓ Remoção concluída — 27 produto(s) removido(s)
2026-08-14 14:59:08,002 - INFO - Removendo filtro de Merchant 'Sportbay'...
2026-08-14 14:59:08,176 - INFO - ✓ Filtro de Merchant removido e confirmado (tag não existe mais no DOM)
2026-08-14 14:59:08,177 - INFO - Adicionando 20 produto(s) por shortHash...
2026-08-14 14:59:08,216 - INFO -   Total de produtos na coleção antes de adicionar: 0
2026-08-14 14:59:10,778 - INFO -   ➕ Produto adicionado: P-CTCTU8VAYL — Capacete Aberto Pro Tork New Liberty 3 Solid Viseira Fumê (SKU PAI-121059) (total 0 → 1)
2026-08-14 14:59:12,976 - INFO -   ➕ Produto adicionado: P-69G0S3I18N — Capacete New Atomic Elite Pro Tork (SKU 119949) (total 1 → 2)
2026-08-14 14:59:15,118 - INFO -   ➕ Produto adicionado: P-9HDNHT0DJT — Capacete Moto Escamoteável Robocop Pro Tork V-pro Jet (SKU 5351) (total 2 → 3)
2026-08-14 14:59:17,410 - INFO -   ➕ Produto adicionado: P-28JK3COFFP — Capacete Aberto New Liberty 3 Frequency Pro Tork (SKU 127051) (total 3 → 4)
2026-08-14 14:59:19,650 - INFO -   ➕ Produto adicionado: P-ALQ2T12FFF — Capacete Escamoteável V-Pro Jet 3 Viseira Fumê Pro Tork (SKU 116735) (total 4 → 5)
2026-08-14 14:59:21,729 - INFO -   ➕ Produto adicionado: P-BI6WY57BKQ — Capacete Fechado Pro Tork Evolution 788 G8 Evo Solid (SKU PAI-119944) (total 5 → 6)
2026-08-14 14:59:24,155 - INFO -   ➕ Produto adicionado: P-8MN63I3MY4 — Capacete Mixs Mx2 Storm Fosco (SKU 119776) (total 6 → 7)
2026-08-14 14:59:26,346 - INFO -   ➕ Produto adicionado: P-9RZSC042BT — Capacete Fechado Stealth Concept Pro Tork (SKU 124915) (total 7 → 8)
2026-08-14 14:59:28,445 - INFO -   ➕ Produto adicionado: P-D35IERIY3R — Capacete Infantil Pro Tork Liberty Four Kids Paint Fosco (SKU 125058) (total 8 → 9)
2026-08-14 14:59:30,812 - INFO -   ➕ Produto adicionado: P-APUAECTRQZ — Capacete Fechado Pro Tork Liberty Mx Pro Vision (SKU 769) (total 9 → 10)
2026-08-14 14:59:33,140 - INFO -   ➕ Produto adicionado: P-9ZR8OFZ3T4 — Capacete Motocross Fast 788 Solid Pro Tork (SKU 119952) (total 10 → 11)
2026-08-14 14:59:35,317 - INFO -   ➕ Produto adicionado: P-AK5JG9KQBN — Capacete Fechado Stealth Solid Brilhante Viseira Fumê Pro Tork (SKU 124926) (total 11 → 12)
2026-08-14 14:59:37,888 - INFO -   ➕ Produto adicionado: P-9C1BXO6AKP — Capacete Mixs Mx2 Storm Brilhante (SKU 119768) (total 12 → 13)
2026-08-14 14:59:40,132 - INFO -   ➕ Produto adicionado: P-85EOVTGNDL — Capacete Fechado Stealth Hawk Pro Tork (SKU 126199) (total 13 → 14)
2026-08-14 14:59:42,245 - INFO -   ➕ Produto adicionado: P-3NO0GS5RH6 — Capacete Escamoteável V-Pro Jet Factor Fosco Pro Tork (SKU 123902) (total 14 → 15)
2026-08-14 14:59:44,505 - INFO -   ➕ Produto adicionado: P-6QMJ9YQO9P — Capacete Fechado Pro Tork Liberty For Kids Solid (SKU PAI-719A) (total 15 → 16)
2026-08-14 14:59:46,616 - INFO -   ➕ Produto adicionado: P-830U4STCD7 — Capacete Fechado Infantil Pro Tork Liberty Four Kids Girls (SKU PAI-3441A) (total 16 → 17)
2026-08-14 14:59:48,717 - INFO -   ➕ Produto adicionado: P-3TMFZ2X61I — Capacete Motocross Infantil Fast Next Brilhante Pro Tork (SKU 126794) (total 17 → 18)
2026-08-14 14:59:51,113 - INFO -   ➕ Produto adicionado: P-1VO7L84OG6 — Capacete Motocross Fast Next Brilhante Pro Tork (SKU 126767) (total 18 → 19)
2026-08-14 14:59:53,561 - INFO -   ➕ Produto adicionado: P-8AOR4YTFHM — Capacete Escamoteável Attack Solid Pro Tork (SKU 110694) (total 19 → 20)
2026-08-14 14:59:53,562 - INFO - ✓ Adição concluída — 20 adicionado(s), 0 não encontrado(s), 0 sem efeito, 0 com código divergente
2026-08-14 14:59:53,562 - INFO - Salvando alterações...
2026-08-14 14:59:53,746 - INFO - ✓ Alterações salvas com sucesso
2026-08-14 14:59:53,746 - INFO - Conferindo resultado final da coleção...
2026-08-14 14:59:59,255 - ERROR -   ✗ DIVERGÊNCIA FINAL — esperado: 20 | encontrado na coleção: 0 | diferença: 20
2026-08-14 15:00:01,334 - INFO - ============================================================
2026-08-14 15:00:01,334 - INFO - ✓ FLUXO CONCLUÍDO
2026-08-14 15:00:01,335 - INFO - ============================================================
2026-08-14 15:00:03,622 - INFO - Chrome fechado
2026-08-14 15:00:03,622 - INFO - ============================================================
2026-08-14 15:00:03,622 - INFO - RESUMO DE TEMPOS POR FASE (MEDIR_TEMPOS=True)
2026-08-14 15:00:03,622 - INFO -   busca                       30.87s total |   20x | média 1.543s |  47.8%
2026-08-14 15:00:03,622 - INFO -   remocao_item                19.31s total |   28x | média 0.690s |  29.9%
2026-08-14 15:00:03,623 - INFO -   confirmacao_contador        14.28s total |   20x | média 0.714s |  22.1%
2026-08-14 15:00:03,623 - INFO -   clique                       0.18s total |   20x | média 0.009s |   0.3%
2026-08-14 15:00:03,623 - INFO -   validacao_sku                0.00s total |   20x | média 0.000s |   0.0%
2026-08-14 15:00:03,623 - INFO -   TOTAL MEDIDO                64.63s
2026-08-14 15:00:03,623 - INFO - ============================================================
2026-08-14 15:06:03,545 - INFO - ============================================================
2026-08-14 15:06:03,545 - INFO - INICIANDO ROBÔ DE GERENCIAMENTO DE COLEÇÕES - SPORTBAY
2026-08-14 15:06:03,546 - INFO - ============================================================
2026-08-14 15:06:03,546 - INFO - Lendo planilha: c:\Users\Protork\Desktop\Analise de preços site\Atualização de coleções\ATUALIZAÇÃO DE COLEÇÕES.xlsx
2026-08-14 15:06:03,873 - INFO - Coleção alvo: 'Promoção de Capacetes Abertos'
2026-08-14 15:06:03,873 - INFO - Total de shortHashes a adicionar: 12
2026-08-14 15:06:04,723 - INFO - Acessando página de login...
2026-08-14 15:06:07,939 - INFO - ✓ Login realizado com sucesso
2026-08-14 15:06:07,940 - INFO - Navegando direto para: https://www.marketplace.sportbay.com.br/dashboard/categories
2026-08-14 15:06:09,246 - INFO - ✓ Página de lista de categorias/coleções carregada
2026-08-14 15:06:09,247 - INFO - Procurando coleção: 'Promoção de Capacetes Abertos'
2026-08-14 15:06:13,288 - INFO - ✓ Coleção aberta para edição
2026-08-14 15:06:13,288 - INFO - Removendo produtos atuais da coleção...
2026-08-14 15:06:15,242 - INFO -   ➖ Produto removido (total até agora: 1)
2026-08-14 15:06:15,944 - INFO -   ➖ Produto removido (total até agora: 2)
2026-08-14 15:06:16,794 - INFO -   ➖ Produto removido (total até agora: 3)
2026-08-14 15:06:17,430 - INFO -   ➖ Produto removido (total até agora: 4)
2026-08-14 15:06:18,149 - INFO -   ➖ Produto removido (total até agora: 5)
2026-08-14 15:06:18,840 - INFO -   ➖ Produto removido (total até agora: 6)
2026-08-14 15:06:19,980 - INFO -   ➖ Produto removido (total até agora: 7)
2026-08-14 15:06:20,879 - INFO -   ➖ Produto removido (total até agora: 8)
2026-08-14 15:06:21,742 - INFO -   ➖ Produto removido (total até agora: 9)
2026-08-14 15:06:22,379 - INFO -   ➖ Produto removido (total até agora: 10)
2026-08-14 15:06:23,214 - INFO -   ➖ Produto removido (total até agora: 11)
2026-08-14 15:06:23,853 - INFO -   ➖ Produto removido (total até agora: 12)
2026-08-14 15:06:24,638 - INFO -   ➖ Produto removido (total até agora: 13)
2026-08-14 15:06:25,594 - INFO -   ➖ Produto removido (total até agora: 14)
2026-08-14 15:06:25,671 - INFO - ✓ Remoção concluída — 14 produto(s) removido(s)
2026-08-14 15:06:25,671 - INFO - Removendo filtro de Merchant 'Sportbay'...
2026-08-14 15:06:25,860 - INFO - ✓ Filtro de Merchant removido e confirmado (tag não existe mais no DOM)
2026-08-14 15:06:25,861 - INFO - Adicionando 12 produto(s) por shortHash...
2026-08-14 15:06:25,886 - INFO -   Total de produtos na coleção antes de adicionar: 0
2026-08-14 15:06:28,440 - INFO -   ➕ Produto adicionado: P-EPOE1JXNPT — Capacete New Liberty Three Elite (SKU 119954) (total 0 → 1)
2026-08-14 15:06:30,738 - INFO -   ➕ Produto adicionado: P-1UM3FJCURS — Capacete Aberto New Liberty Three Cristo Pro Tork (SKU 126979) (total 1 → 2)
2026-08-14 15:06:32,789 - INFO -   ➕ Produto adicionado: P-BN9YAPPJEK — Capacete Aberto New Liberty Three Coyote Brilhante Pro Tork com Viseria Fumê (SKU 125024) (total 2 → 3)
2026-08-14 15:06:35,105 - INFO -   ➕ Produto adicionado: P-C4Y876UI8V — Capacete Aberto Pro Tork New Liberty Three Elite Vis. Fumê (SKU 121060) (total 3 → 4)
2026-08-14 15:06:37,414 - INFO -   ➕ Produto adicionado: P-ALQEKU38LM — Capacete Aberto Compact Pro Tork (SKU 688) (total 4 → 5)
2026-08-14 15:06:39,562 - INFO -   ➕ Produto adicionado: P-B1ANAVI6KW — Capacete Aberto Pro Tork New Liberty 3 Coyote Brilhante (SKU PAI-124853) (total 5 → 6)
2026-08-14 15:06:41,711 - INFO -   ➕ Produto adicionado: P-DGEE2KU5V7 — Capacete Liberty Three Vis.Fume (SKU 116710) (total 6 → 7)
2026-08-14 15:06:44,155 - INFO -   ➕ Produto adicionado: P-8UI3H45GXL — Capacete Aberto Pro Tork Liberty Solid (SKU PAI-115826A) (total 7 → 8)
2026-08-14 15:06:46,214 - INFO -   ➕ Produto adicionado: P-8WEYEQFIDB — Capacete Aberto New Liberty Three Coyote Fosco Pro Tork com Viseria Fumê (SKU 125025) (total 8 → 9)
2026-08-14 15:06:48,326 - INFO -   ➕ Produto adicionado: P-2H3MPERO9X — Capacete Aberto Mixs Way Viseira Fumê (SKU 124903) (total 9 → 10)
2026-08-14 15:06:50,606 - INFO -   ➕ Produto adicionado: P-7B39FP9EWE — Capacete Mixs Way (SKU 120499) (total 10 → 11)
2026-08-14 15:06:52,762 - INFO -   ➕ Produto adicionado: P-55UTKK8NR3 — Capacete Liberty Three Amarelo Vis.Cromada (SKU 116713) (total 11 → 12)
2026-08-14 15:06:52,762 - INFO - ✓ Adição concluída — 12 adicionado(s), 0 não encontrado(s), 0 sem efeito, 0 com código divergente
2026-08-14 15:06:52,763 - INFO - Salvando alterações...
2026-08-14 15:06:52,913 - INFO - ✓ Alterações salvas com sucesso
2026-08-14 15:06:52,914 - INFO - Conferindo resultado final da coleção...
2026-08-14 15:06:57,986 - ERROR -   ✗ DIVERGÊNCIA FINAL — esperado: 12 | encontrado na coleção: 0 | diferença: 12
2026-08-14 15:07:00,102 - INFO - ============================================================
2026-08-14 15:07:00,103 - INFO - ✓ FLUXO CONCLUÍDO
2026-08-14 15:07:00,103 - INFO - ============================================================
2026-08-14 15:07:02,299 - INFO - Chrome fechado
2026-08-14 15:07:02,299 - INFO - ============================================================
2026-08-14 15:07:02,299 - INFO - RESUMO DE TEMPOS POR FASE (MEDIR_TEMPOS=True)
2026-08-14 15:07:02,300 - INFO -   busca                       18.77s total |   12x | média 1.565s |  49.4%
2026-08-14 15:07:02,300 - INFO -   remocao_item                11.12s total |   15x | média 0.741s |  29.3%
2026-08-14 15:07:02,300 - INFO -   confirmacao_contador         7.98s total |   12x | média 0.665s |  21.0%
2026-08-14 15:07:02,300 - INFO -   clique                       0.11s total |   12x | média 0.009s |   0.3%
2026-08-14 15:07:02,301 - INFO -   validacao_sku                0.00s total |   12x | média 0.000s |   0.0%
2026-08-14 15:07:02,301 - INFO -   TOTAL MEDIDO                37.98s
2026-08-14 15:07:02,301 - INFO - ============================================================
2026-08-14 16:14:46,633 - INFO - ============================================================
2026-08-14 16:14:46,633 - INFO - INICIANDO ROBÔ DE GERENCIAMENTO DE COLEÇÕES - SPORTBAY
2026-08-14 16:14:46,633 - INFO - ============================================================
2026-08-14 16:14:46,634 - INFO - Lendo planilha: c:\Users\Protork\Desktop\Analise de preços site\Atualização de coleções\ATUALIZAÇÃO DE COLEÇÕES.xlsx
2026-08-14 16:14:46,922 - INFO - Coleção alvo: 'Escapamentos Modelo Original em Oferta'
2026-08-14 16:14:46,922 - INFO - Total de shortHashes a adicionar: 16
2026-08-14 16:14:47,951 - INFO - Acessando página de login...
2026-08-14 16:14:50,941 - INFO - ✓ Login realizado com sucesso
2026-08-14 16:14:50,968 - INFO - Navegando direto para: https://www.marketplace.sportbay.com.br/dashboard/categories
2026-08-14 16:14:52,345 - INFO - ✓ Página de lista de categorias/coleções carregada
2026-08-14 16:14:52,349 - INFO - Procurando coleção: 'Escapamentos Modelo Original em Oferta'
2026-08-14 16:14:56,457 - INFO - ✓ Coleção aberta para edição
2026-08-14 16:14:56,457 - INFO - Removendo produtos atuais da coleção...
2026-08-14 16:14:58,355 - INFO -   ➖ Produto removido (total até agora: 1)
2026-08-14 16:14:59,057 - INFO -   ➖ Produto removido (total até agora: 2)
2026-08-14 16:14:59,697 - INFO -   ➖ Produto removido (total até agora: 3)
2026-08-14 16:15:00,332 - INFO -   ➖ Produto removido (total até agora: 4)
2026-08-14 16:15:00,988 - INFO -   ➖ Produto removido (total até agora: 5)
2026-08-14 16:15:01,681 - INFO -   ➖ Produto removido (total até agora: 6)
2026-08-14 16:15:02,301 - INFO -   ➖ Produto removido (total até agora: 7)
2026-08-14 16:15:03,491 - INFO -   ➖ Produto removido (total até agora: 8)
2026-08-14 16:15:04,100 - INFO -   ➖ Produto removido (total até agora: 9)
2026-08-14 16:15:04,698 - INFO -   ➖ Produto removido (total até agora: 10)
2026-08-14 16:15:05,296 - INFO -   ➖ Produto removido (total até agora: 11)
2026-08-14 16:15:05,957 - INFO -   ➖ Produto removido (total até agora: 12)
2026-08-14 16:15:06,690 - INFO -   ➖ Produto removido (total até agora: 13)
2026-08-14 16:15:07,312 - INFO -   ➖ Produto removido (total até agora: 14)
2026-08-14 16:15:07,905 - INFO -   ➖ Produto removido (total até agora: 15)
2026-08-14 16:15:08,674 - INFO -   ➖ Produto removido (total até agora: 16)
2026-08-14 16:15:09,316 - INFO -   ➖ Produto removido (total até agora: 17)
2026-08-14 16:15:09,895 - INFO -   ➖ Produto removido (total até agora: 18)
2026-08-14 16:15:10,496 - INFO -   ➖ Produto removido (total até agora: 19)
2026-08-14 16:15:11,081 - INFO -   ➖ Produto removido (total até agora: 20)
2026-08-14 16:15:11,694 - INFO -   ➖ Produto removido (total até agora: 21)
2026-08-14 16:15:12,274 - INFO -   ➖ Produto removido (total até agora: 22)
2026-08-14 16:15:12,879 - INFO -   ➖ Produto removido (total até agora: 23)
2026-08-14 16:15:13,456 - INFO -   ➖ Produto removido (total até agora: 24)
2026-08-14 16:15:14,168 - INFO -   ➖ Produto removido (total até agora: 25)
2026-08-14 16:15:14,738 - INFO -   ➖ Produto removido (total até agora: 26)
2026-08-14 16:15:15,301 - INFO -   ➖ Produto removido (total até agora: 27)
2026-08-14 16:15:15,328 - INFO - ✓ Remoção concluída — 27 produto(s) removido(s)
2026-08-14 16:15:15,330 - INFO - Removendo filtro de Merchant 'Sportbay'...
2026-08-14 16:15:15,506 - INFO - ✓ Filtro de Merchant removido e confirmado (tag não existe mais no DOM)
2026-08-14 16:15:15,506 - INFO - Adicionando 16 produto(s) por shortHash...
2026-08-14 16:15:15,525 - INFO -   Total de produtos na coleção antes de adicionar: 0
2026-08-14 16:15:17,816 - INFO -   ➕ Produto adicionado: P-12X4J04NQF — Ponteira Modelo Original CBX 250 Twister 2002-2008 Pro Tork (SKU 1223) (total 0 → 1)
2026-08-14 16:15:20,132 - INFO -   ➕ Produto adicionado: P-8QY5N5GFD4 — Escapamento Modelo Original para Titan 160 2024 a 2025, Fan 160 2024 a 2025 e Start 160 2024 a 2025 Pro Tork (SKU 126960) (total 1 → 2)
2026-08-14 16:15:22,242 - INFO -   ➕ Produto adicionado: P-7EYGRLTTB7 — Escapamento Modelo Original para YBR 125 2000 a 2009 Cromo Forte (SKU 124285) (total 2 → 3)
2026-08-14 16:15:24,368 - INFO -   ➕ Produto adicionado: P-44NT04DXED — Escapamento Modelo Original para Titan 1995 a 1999 Pro Tork (SKU 112038) (total 3 → 4)
2026-08-14 16:15:26,584 - INFO -   ➕ Produto adicionado: P-BD24L1OPW2 — Ponteira Modelo Original para XTZ 125 2003 a 2016 Cromo Forte (SKU 125731) (total 4 → 5)
2026-08-14 16:15:28,694 - INFO -   ➕ Produto adicionado: P-1MOPE5ORO2 — Escapamento Cromo Forte Mod. Original [b] Biz 100 1998/05 Cromado (SKU PAI-124234) (total 5 → 6)
2026-08-14 16:15:30,782 - INFO -   ➕ Produto adicionado: P-EY5WACLXCZ — Escapamento Modelo Original para Titan 150 KS ES 2005 a 2008 Pro Tork (SKU 112012) (total 6 → 7)
2026-08-14 16:15:33,055 - INFO -   ➕ Produto adicionado: P-BATC6U0O2Y — Escapamento Power para Fan 125 KS ES 2006 a 2008 Cromo Forte (SKU 124238) (total 7 → 8)
2026-08-14 16:15:35,186 - INFO -   ➕ Produto adicionado: P-CYQWXIA0C1 — Escapamento Modelo Original B para YBR 125 2000 a 2008 Cromo Forte (SKU 124251) (total 8 → 9)
2026-08-14 16:15:37,328 - INFO -   ➕ Produto adicionado: P-BPJGLTCCQ1 — Escapamento Modelo Original [B] para Fan 125 KS ES 2009 a 2013 Cromo Forte (SKU 124237) (total 9 → 10)
2026-08-14 16:15:39,575 - INFO -   ➕ Produto adicionado: P-A3A1WT0JU0 — Escapamento Modelo Original para XLR 125 1996 a 2003 Super Adventure (SKU 111723) (total 10 → 11)
2026-08-14 16:15:41,835 - INFO -   ➕ Produto adicionado: P-BJRKPPPHQQ — Escapamento Power para Titan KS ES 2000 a 2004 e Fan 125 KS 2004 a 2006 Cromo Forte (SKU 124249) (total 11 → 12)
2026-08-14 16:15:43,965 - INFO -   ➕ Produto adicionado: P-AIOCO9AT6C — Ponteira Modelo Original para XR 250 Tornado 2001 a 2008 Cromo Forte (SKU 125730) (total 12 → 13)
2026-08-14 16:15:46,343 - INFO -   ➕ Produto adicionado: P-BWFO4IJUQ9 — Escapamento Pro Tork Mod. Original Biz 125 2006/10 Preto (SKU PAI-111742) (total 13 → 14)
2026-08-14 16:15:48,514 - INFO -   ➕ Produto adicionado: P-9VQ6O9VE5T — Ponteira Modelo Original para NX 200 Pro Tork (SKU 1228) (total 14 → 15)
2026-08-14 16:15:50,626 - INFO -   ➕ Produto adicionado: P-CITU1C1VMI — Escapamento Modelo Original para Titan 160, Fan 160, Start 160 e Cargo 160 Pro Tork (SKU 126641) (total 15 → 16)
2026-08-14 16:15:50,626 - INFO - ✓ Adição concluída — 16 adicionado(s), 0 não encontrado(s), 0 sem efeito, 0 com código divergente
2026-08-14 16:15:50,627 - INFO - Salvando alterações...
2026-08-14 16:15:50,777 - INFO - ✓ Alterações salvas com sucesso
2026-08-14 16:15:50,777 - INFO - Conferindo resultado final da coleção...
2026-08-14 16:15:52,804 - ERROR -   ✗ DIVERGÊNCIA FINAL — esperado: 16 | encontrado na coleção: 0 | diferença: 16
2026-08-14 16:15:54,859 - INFO - ============================================================
2026-08-14 16:15:54,859 - INFO - ✓ FLUXO CONCLUÍDO
2026-08-14 16:15:54,859 - INFO - ============================================================
2026-08-14 16:15:57,076 - INFO - Chrome fechado
2026-08-14 16:15:57,077 - INFO - ============================================================
2026-08-14 16:15:57,077 - INFO - RESUMO DE TEMPOS POR FASE (MEDIR_TEMPOS=True)
2026-08-14 16:15:57,077 - INFO -   busca                       24.85s total |   16x | média 1.553s |  47.2%
2026-08-14 16:15:57,077 - INFO -   remocao_item                17.57s total |   28x | média 0.628s |  33.4%
2026-08-14 16:15:57,077 - INFO -   confirmacao_contador        10.09s total |   16x | média 0.630s |  19.2%
2026-08-14 16:15:57,077 - INFO -   clique                       0.14s total |   16x | média 0.009s |   0.3%
2026-08-14 16:15:57,078 - INFO -   validacao_sku                0.00s total |   16x | média 0.000s |   0.0%
2026-08-14 16:15:57,078 - INFO -   TOTAL MEDIDO                52.65s
2026-08-14 16:15:57,078 - INFO - ============================================================
2026-08-14 16:22:38,196 - INFO - ============================================================
2026-08-14 16:22:38,197 - INFO - INICIANDO ROBÔ DE GERENCIAMENTO DE COLEÇÕES - SPORTBAY
2026-08-14 16:22:38,197 - INFO - ============================================================
2026-08-14 16:22:38,197 - INFO - Lendo planilha: c:\Users\Protork\Desktop\Analise de preços site\Atualização de coleções\ATUALIZAÇÃO DE COLEÇÕES.xlsx
2026-08-14 16:22:38,475 - INFO - Coleção alvo: 'Escapamentos em Promoção'
2026-08-14 16:22:38,475 - INFO - Total de shortHashes a adicionar: 30
2026-08-14 16:22:39,309 - INFO - Acessando página de login...
2026-08-14 16:22:42,111 - INFO - ✓ Login realizado com sucesso
2026-08-14 16:22:42,113 - INFO - Navegando direto para: https://www.marketplace.sportbay.com.br/dashboard/categories
2026-08-14 16:22:43,745 - INFO - ✓ Página de lista de categorias/coleções carregada
2026-08-14 16:22:43,745 - INFO - Procurando coleção: 'Escapamentos em Promoção'
2026-08-14 16:22:47,860 - INFO - ✓ Coleção aberta para edição
2026-08-14 16:22:47,861 - INFO - Removendo produtos atuais da coleção...
2026-08-14 16:22:49,821 - INFO -   ➖ Produto removido (total até agora: 1)
2026-08-14 16:22:51,596 - INFO -   ➖ Produto removido (total até agora: 2)
2026-08-14 16:22:52,300 - INFO -   ➖ Produto removido (total até agora: 3)
2026-08-14 16:22:52,980 - INFO -   ➖ Produto removido (total até agora: 4)
2026-08-14 16:22:54,020 - INFO -   ➖ Produto removido (total até agora: 5)
2026-08-14 16:22:54,887 - INFO -   ➖ Produto removido (total até agora: 6)
2026-08-14 16:22:55,591 - INFO -   ➖ Produto removido (total até agora: 7)
2026-08-14 16:22:56,275 - INFO -   ➖ Produto removido (total até agora: 8)
2026-08-14 16:22:57,145 - INFO -   ➖ Produto removido (total até agora: 9)
2026-08-14 16:22:57,866 - INFO -   ➖ Produto removido (total até agora: 10)
2026-08-14 16:22:58,608 - INFO -   ➖ Produto removido (total até agora: 11)
2026-08-14 16:22:59,440 - INFO -   ➖ Produto removido (total até agora: 12)
2026-08-14 16:23:00,068 - INFO -   ➖ Produto removido (total até agora: 13)
2026-08-14 16:23:01,202 - INFO -   ➖ Produto removido (total até agora: 14)
2026-08-14 16:23:01,881 - INFO -   ➖ Produto removido (total até agora: 15)
2026-08-14 16:23:02,539 - INFO -   ➖ Produto removido (total até agora: 16)
2026-08-14 16:23:03,179 - INFO -   ➖ Produto removido (total até agora: 17)
2026-08-14 16:23:03,805 - INFO -   ➖ Produto removido (total até agora: 18)
2026-08-14 16:23:04,648 - INFO -   ➖ Produto removido (total até agora: 19)
2026-08-14 16:23:05,322 - INFO -   ➖ Produto removido (total até agora: 20)
2026-08-14 16:23:06,025 - INFO -   ➖ Produto removido (total até agora: 21)
2026-08-14 16:23:06,666 - INFO -   ➖ Produto removido (total até agora: 22)
2026-08-14 16:23:07,299 - INFO -   ➖ Produto removido (total até agora: 23)
2026-08-14 16:23:07,919 - INFO -   ➖ Produto removido (total até agora: 24)
2026-08-14 16:23:08,560 - INFO -   ➖ Produto removido (total até agora: 25)
2026-08-14 16:23:09,189 - INFO -   ➖ Produto removido (total até agora: 26)
2026-08-14 16:23:10,021 - INFO -   ➖ Produto removido (total até agora: 27)
2026-08-14 16:23:10,636 - INFO -   ➖ Produto removido (total até agora: 28)
2026-08-14 16:23:11,295 - INFO -   ➖ Produto removido (total até agora: 29)
2026-08-14 16:23:12,078 - INFO -   ➖ Produto removido (total até agora: 30)
2026-08-14 16:23:13,039 - INFO -   ➖ Produto removido (total até agora: 31)
2026-08-14 16:23:13,958 - INFO -   ➖ Produto removido (total até agora: 32)
2026-08-14 16:23:14,576 - INFO -   ➖ Produto removido (total até agora: 33)
2026-08-14 16:23:15,854 - INFO -   ➖ Produto removido (total até agora: 34)
2026-08-14 16:23:16,506 - INFO -   ➖ Produto removido (total até agora: 35)
2026-08-14 16:23:17,472 - INFO -   ➖ Produto removido (total até agora: 36)
2026-08-14 16:23:18,337 - INFO -   ➖ Produto removido (total até agora: 37)
2026-08-14 16:23:19,019 - INFO -   ➖ Produto removido (total até agora: 38)
2026-08-14 16:23:19,688 - INFO -   ➖ Produto removido (total até agora: 39)
2026-08-14 16:23:20,349 - INFO -   ➖ Produto removido (total até agora: 40)
2026-08-14 16:23:21,234 - INFO -   ➖ Produto removido (total até agora: 41)
2026-08-14 16:23:21,862 - INFO -   ➖ Produto removido (total até agora: 42)
2026-08-14 16:23:22,596 - INFO -   ➖ Produto removido (total até agora: 43)
2026-08-14 16:23:23,255 - INFO -   ➖ Produto removido (total até agora: 44)
2026-08-14 16:23:24,087 - INFO -   ➖ Produto removido (total até agora: 45)
2026-08-14 16:23:24,823 - INFO -   ➖ Produto removido (total até agora: 46)
2026-08-14 16:23:25,464 - INFO -   ➖ Produto removido (total até agora: 47)
2026-08-14 16:23:26,502 - INFO -   ➖ Produto removido (total até agora: 48)
2026-08-14 16:23:27,197 - INFO -   ➖ Produto removido (total até agora: 49)
2026-08-14 16:23:27,882 - INFO -   ➖ Produto removido (total até agora: 50)
2026-08-14 16:23:28,687 - INFO -   ➖ Produto removido (total até agora: 51)
2026-08-14 16:23:29,457 - INFO -   ➖ Produto removido (total até agora: 52)
2026-08-14 16:23:30,439 - INFO -   ➖ Produto removido (total até agora: 53)
2026-08-14 16:23:31,038 - INFO -   ➖ Produto removido (total até agora: 54)
2026-08-14 16:23:31,819 - INFO -   ➖ Produto removido (total até agora: 55)
2026-08-14 16:23:32,454 - INFO -   ➖ Produto removido (total até agora: 56)
2026-08-14 16:23:33,064 - INFO -   ➖ Produto removido (total até agora: 57)
2026-08-14 16:23:33,830 - INFO -   ➖ Produto removido (total até agora: 58)
2026-08-14 16:23:34,443 - INFO -   ➖ Produto removido (total até agora: 59)
2026-08-14 16:23:35,216 - INFO -   ➖ Produto removido (total até agora: 60)
2026-08-14 16:23:35,865 - INFO -   ➖ Produto removido (total até agora: 61)
2026-08-14 16:23:36,490 - INFO -   ➖ Produto removido (total até agora: 62)
2026-08-14 16:23:37,264 - INFO -   ➖ Produto removido (total até agora: 63)
2026-08-14 16:23:37,960 - INFO -   ➖ Produto removido (total até agora: 64)
2026-08-14 16:23:38,615 - INFO -   ➖ Produto removido (total até agora: 65)
2026-08-14 16:23:39,313 - INFO -   ➖ Produto removido (total até agora: 66)
2026-08-14 16:23:39,915 - INFO -   ➖ Produto removido (total até agora: 67)
2026-08-14 16:23:40,598 - INFO -   ➖ Produto removido (total até agora: 68)
2026-08-14 16:23:41,476 - INFO -   ➖ Produto removido (total até agora: 69)
2026-08-14 16:23:42,084 - INFO -   ➖ Produto removido (total até agora: 70)
2026-08-14 16:23:42,839 - INFO -   ➖ Produto removido (total até agora: 71)
2026-08-14 16:23:43,531 - INFO -   ➖ Produto removido (total até agora: 72)
2026-08-14 16:23:44,182 - INFO -   ➖ Produto removido (total até agora: 73)
2026-08-14 16:23:44,807 - INFO -   ➖ Produto removido (total até agora: 74)
2026-08-14 16:23:45,430 - INFO -   ➖ Produto removido (total até agora: 75)
2026-08-14 16:23:46,268 - INFO -   ➖ Produto removido (total até agora: 76)
2026-08-14 16:23:46,873 - INFO -   ➖ Produto removido (total até agora: 77)
2026-08-14 16:23:47,577 - INFO -   ➖ Produto removido (total até agora: 78)
2026-08-14 16:23:48,378 - INFO -   ➖ Produto removido (total até agora: 79)
2026-08-14 16:23:48,986 - INFO -   ➖ Produto removido (total até agora: 80)
2026-08-14 16:23:49,754 - INFO -   ➖ Produto removido (total até agora: 81)
2026-08-14 16:23:50,361 - INFO -   ➖ Produto removido (total até agora: 82)
2026-08-14 16:23:50,974 - INFO -   ➖ Produto removido (total até agora: 83)
2026-08-14 16:23:51,556 - INFO -   ➖ Produto removido (total até agora: 84)
2026-08-14 16:23:52,125 - INFO -   ➖ Produto removido (total até agora: 85)
2026-08-14 16:23:52,751 - INFO -   ➖ Produto removido (total até agora: 86)
2026-08-14 16:23:53,609 - INFO -   ➖ Produto removido (total até agora: 87)
2026-08-14 16:23:54,506 - INFO -   ➖ Produto removido (total até agora: 88)
2026-08-14 16:23:55,082 - INFO -   ➖ Produto removido (total até agora: 89)
2026-08-14 16:23:55,658 - INFO -   ➖ Produto removido (total até agora: 90)
2026-08-14 16:23:56,236 - INFO -   ➖ Produto removido (total até agora: 91)
2026-08-14 16:23:56,803 - INFO -   ➖ Produto removido (total até agora: 92)
2026-08-14 16:23:57,501 - INFO -   ➖ Produto removido (total até agora: 93)
2026-08-14 16:23:57,529 - INFO - ✓ Remoção concluída — 93 produto(s) removido(s)
2026-08-14 16:23:57,530 - INFO - Removendo filtro de Merchant 'Sportbay'...
2026-08-14 16:23:57,725 - INFO - ✓ Filtro de Merchant removido e confirmado (tag não existe mais no DOM)
2026-08-14 16:23:57,725 - INFO - Adicionando 30 produto(s) por shortHash...
2026-08-14 16:23:57,749 - INFO -   Total de produtos na coleção antes de adicionar: 0
2026-08-14 16:24:00,242 - INFO -   ➕ Produto adicionado: P-2RTJESJ2YW — Escapamento Powercore 3 Steel Technology NXR Bros 160 2016-2025 Pro Tork (SKU 127020) (total 0 → 1)
2026-08-14 16:24:02,381 - INFO -   ➕ Produto adicionado: P-7VX1YBXR1K — Escapamento Competition para Pop 100 2007 a 2015 Pro Tork (SKU 119942) (total 1 → 2)
2026-08-14 16:24:04,523 - INFO -   ➕ Produto adicionado: P-CLHVJCSSLT — Escapamento Competition para Pop 110 Pro Tork (SKU 119834) (total 2 → 3)
2026-08-14 16:24:06,799 - INFO -   ➕ Produto adicionado: P-1SCVGM87OC — Escapamento Powercore 3 Steel Technology para CRF 230F Pro Tork (SKU 124886) (total 3 → 4)
2026-08-14 16:24:08,912 - INFO -   ➕ Produto adicionado: P-A7KRR79S2P — Escapamento Powercore 3 Steel Technology para XR 250 Tornado Pro Tork (SKU 124885) (total 4 → 5)
2026-08-14 16:24:11,045 - INFO -   ➕ Produto adicionado: P-971MV5XKII — Escapamento Competition para Titan 150 2009 a 2013 e Fan 150 2009 a 2013 e Fan 125 2009 a 2014 Pro Tork (SKU 119822) (total 5 → 6)
2026-08-14 16:24:13,344 - INFO -   ➕ Produto adicionado: P-ACV662RA5E — Escapamento Pro Tork Competition [curva Cromada] Fan 160 / Start 160 (SKU PAI-119933) (total 6 → 7)
2026-08-14 16:24:15,457 - INFO -   ➕ Produto adicionado: P-D6TD92N9T5 — Escapamento Powercore 3 Steel Technology para NXR Bros 125 2003 a 2005 Pro Tork (SKU 126442) (total 7 → 8)
2026-08-14 16:24:17,552 - INFO -   ➕ Produto adicionado: P-555NLA7PYX — Escape Pro Tork Mini Gp Titan 150 Ks-es 2004 - 2008 (SKU PAI-111784) (total 8 → 9)
2026-08-14 16:24:19,830 - INFO -   ➕ Produto adicionado: P-E8T46IGA5V — Escapamento Competition para YBR 125 2002 a 2008 Pro Tork (SKU 126643) (total 9 → 10)
2026-08-14 16:24:22,003 - INFO -   ➕ Produto adicionado: P-4HR0HK6O8G — Escapamento Powercore 4 CRF 230 2008-2020 Pro Tork (SKU 119490) (total 10 → 11)
2026-08-14 16:24:24,143 - INFO -   ➕ Produto adicionado: P-2FM063KBK1 — Escapamento Powercore 4 para CRF 250F 2019 e 2025 Pro Tork (SKU 119503) (total 11 → 12)
2026-08-14 16:24:26,438 - INFO -   ➕ Produto adicionado: P-6VABUFLVPB — Escapamento Powercore 3 Steel Technology para NXR Bros 150 2009 a 2015 Pro Tork (SKU 126441) (total 12 → 13)
2026-08-14 16:24:28,623 - INFO -   ➕ Produto adicionado: P-7UAWSPJJJG — Escapamento Powercore 4 Pro Series CRF 300F 2025 Pro Tork (SKU 127025) (total 13 → 14)
2026-08-14 16:24:30,815 - INFO -   ➕ Produto adicionado: P-5PSBJO90X1 — Escapamento Competition para Titan 125 KS 2000 a 2004 e Fan 125 2004 a 2008 Pro Tork (SKU 119804) (total 14 → 15)
2026-08-14 16:24:33,142 - INFO -   ➕ Produto adicionado: P-5H5AZH4L70 — Escapamento Racing 3 Trioval para Titan 160 2016 a 2022 e Fan 160 2018 a 2022 Gemoto (SKU 121407) (total 15 → 16)
2026-08-14 16:24:35,359 - INFO -   ➕ Produto adicionado: P-1BJVIU1UJT — Escapamento Pro Tork Competition [curva Cromada] Biz 125 2006/10 (SKU PAI-119936) (total 16 → 17)
2026-08-14 16:24:37,547 - INFO -   ➕ Produto adicionado: P-9OEVOWWXTJ — Escapamento Pro Tork Mobilete Caloi Monark Dimensionado Esportivo (SKU PAI-1235) (total 17 → 18)
2026-08-14 16:24:39,825 - INFO -   ➕ Produto adicionado: P-E2GND2N3PV — Escapamento ML 1 Abafador para Titan 125 KS 2000 a 2004 e Fan 125 2005 a 2008 Gemoto (SKU 121472) (total 18 → 19)
2026-08-14 16:24:42,035 - INFO -   ➕ Produto adicionado: P-C7V6A6R4R4 — Escapamento Racing 3 Trioval para CBX 250 Twister 2003 a 2008 Gemoto (SKU 121439) (total 19 → 20)
2026-08-14 16:24:44,136 - INFO -   ➕ Produto adicionado: P-47WFMD5H1L — Escapamento Racing 3 Trioval para Titan 160 2016 a 2022 e Fan 160 2018 a 2022 Gemoto (SKU 121408) (total 20 → 21)
2026-08-14 16:24:46,474 - INFO -   ➕ Produto adicionado: P-39WLHEUHGJ — Escapamento Competition para Titan 125 1995 a 1999 Por Tork (SKU 120234) (total 21 → 22)
2026-08-14 16:24:48,655 - INFO -   ➕ Produto adicionado: P-EC7898L7Z1 — Escapamento Competition para Pop 100 Pro Tork (SKU 120236) (total 22 → 23)
2026-08-14 16:24:50,780 - INFO -   ➕ Produto adicionado: P-92RRU4T13Q — Escapamento Racing 3 Trioval para Titan 150 KS ES 2009 a 2013 e Fan 150 Mix 2010 a 2013 Gemoto (SKU 121436) (total 23 → 24)
2026-08-14 16:24:53,024 - INFO -   ➕ Produto adicionado: P-4W5BHOBO2B — Escapamento Mini GP para YBR 125 Factor Pro Tork (SKU 111796) (total 24 → 25)
2026-08-14 16:24:55,247 - INFO -   ➕ Produto adicionado: P-D6MHPLB3HU — Escapamento Mini 3 para Titan KS 125 2000 a 2008 e Fan 2000 a 2008 Pro Tork (SKU 125411) (total 25 → 26)
2026-08-14 16:24:57,377 - INFO -   ➕ Produto adicionado: P-1OF7C1T9PH — Escapamento Pro Tork Competition [curva Cromada] Titan 150 Ks/es 2004/08 (SKU PAI-119931) (total 26 → 27)
2026-08-14 16:24:59,729 - INFO -   ➕ Produto adicionado: P-70E9AMF7PT — Escapamento Powercore 3 Steel Technology para CRF 250 2019 a 2023 Pro Tork (SKU 124957) (total 27 → 28)
2026-08-14 16:25:01,975 - INFO -   ➕ Produto adicionado: P-B298MBUCB2 — Escapamento Pro Tork Powercore 4 Ttr 230 (SKU PAI-122829) (total 28 → 29)
2026-08-14 16:25:04,167 - INFO -   ➕ Produto adicionado: P-ATSH13XBO6 — Escapamento Powercore 3 Steel Technology para Titan 160 2016 a 2022 Pro Tork (SKU 124899) (total 29 → 30)
2026-08-14 16:25:04,168 - INFO - ✓ Adição concluída — 30 adicionado(s), 0 não encontrado(s), 0 sem efeito, 0 com código divergente
2026-08-14 16:25:04,168 - INFO - Salvando alterações...
2026-08-14 16:25:04,322 - INFO - ✓ Alterações salvas com sucesso
2026-08-14 16:25:04,323 - INFO - Conferindo resultado final da coleção...
2026-08-14 16:25:06,303 - ERROR -   ✗ DIVERGÊNCIA FINAL — esperado: 30 | encontrado na coleção: 0 | diferença: 30
2026-08-14 16:25:08,371 - INFO - ============================================================
2026-08-14 16:25:08,372 - INFO - ✓ FLUXO CONCLUÍDO
2026-08-14 16:25:08,374 - INFO - ============================================================
2026-08-14 16:25:10,629 - INFO - Chrome fechado
2026-08-14 16:25:10,629 - INFO - ============================================================
2026-08-14 16:25:10,629 - INFO - RESUMO DE TEMPOS POR FASE (MEDIR_TEMPOS=True)
2026-08-14 16:25:10,629 - INFO -   remocao_item                68.35s total |   94x | média 0.727s |  50.7%
2026-08-14 16:25:10,630 - INFO -   busca                       46.29s total |   30x | média 1.543s |  34.4%
2026-08-14 16:25:10,630 - INFO -   confirmacao_contador        19.84s total |   30x | média 0.661s |  14.7%
2026-08-14 16:25:10,630 - INFO -   clique                       0.25s total |   30x | média 0.008s |   0.2%
2026-08-14 16:25:10,630 - INFO -   validacao_sku                0.00s total |   30x | média 0.000s |   0.0%
2026-08-14 16:25:10,630 - INFO -   TOTAL MEDIDO               134.74s
2026-08-14 16:25:10,631 - INFO - ============================================================
2026-08-17 09:57:04,437 - INFO - ============================================================
2026-08-17 09:57:04,438 - INFO - INICIANDO ROBÔ DE GERENCIAMENTO DE COLEÇÕES - SPORTBAY
2026-08-17 09:57:04,438 - INFO - ============================================================
2026-08-17 09:57:04,438 - INFO - Lendo planilha: c:\Users\Protork\Desktop\Analise de preços site\Atualização de coleções\ATUALIZAÇÃO DE COLEÇÕES.xlsx
2026-08-17 09:57:04,772 - INFO - Coleção alvo: 'Escapamentos em Promoção'
2026-08-17 09:57:04,772 - INFO - Total de shortHashes a adicionar: 30
2026-08-17 09:57:08,953 - INFO - Acessando página de login...
2026-08-17 09:57:11,587 - INFO - ✓ Login realizado com sucesso
2026-08-17 09:57:11,588 - INFO - Navegando direto para: https://www.marketplace.sportbay.com.br/dashboard/categories
2026-08-17 09:57:12,796 - INFO - ✓ Página de lista de categorias/coleções carregada
2026-08-17 09:57:12,829 - INFO - Procurando coleção: 'Escapamentos em Promoção'
2026-08-17 09:57:16,860 - INFO - ✓ Coleção aberta para edição
2026-08-17 09:57:16,860 - INFO - Removendo produtos atuais da coleção...
2026-08-17 10:44:33,158 - INFO - ============================================================
2026-08-17 10:44:33,159 - INFO - INICIANDO ROBÔ DE GERENCIAMENTO DE COLEÇÕES - SPORTBAY
2026-08-17 10:44:33,159 - INFO - ============================================================
2026-08-17 10:44:33,159 - INFO - Lendo planilha: c:\Users\Protork\Desktop\Analise de preços site\Atualização de coleções\ATUALIZAÇÃO DE COLEÇÕES.xlsx
2026-08-17 10:44:33,602 - INFO - Coleção alvo: 'Carenagens em Promoção'
2026-08-17 10:44:33,603 - INFO - Total de shortHashes a adicionar: 15
2026-08-17 10:44:34,552 - INFO - Acessando página de login...
2026-08-17 10:44:37,206 - INFO - ✓ Login realizado com sucesso
2026-08-17 10:44:37,208 - INFO - Navegando direto para: https://www.marketplace.sportbay.com.br/dashboard/categories
2026-08-17 10:44:38,573 - INFO - ✓ Página de lista de categorias/coleções carregada
2026-08-17 10:44:38,577 - INFO - Procurando coleção: 'Carenagens em Promoção'
2026-08-17 10:44:42,415 - INFO - ✓ Coleção aberta para edição
2026-08-17 10:44:42,416 - INFO - Removendo produtos atuais da coleção...
2026-08-17 10:44:44,275 - INFO -   ➖ Produto removido (total até agora: 1)
2026-08-17 10:44:45,044 - INFO -   ➖ Produto removido (total até agora: 2)
2026-08-17 10:44:45,631 - INFO -   ➖ Produto removido (total até agora: 3)
2026-08-17 10:44:46,439 - INFO -   ➖ Produto removido (total até agora: 4)
2026-08-17 10:44:47,090 - INFO -   ➖ Produto removido (total até agora: 5)
2026-08-17 10:44:47,710 - INFO -   ➖ Produto removido (total até agora: 6)
2026-08-17 10:44:48,590 - INFO -   ➖ Produto removido (total até agora: 7)
2026-08-17 10:44:49,302 - INFO -   ➖ Produto removido (total até agora: 8)
2026-08-17 10:44:49,911 - INFO -   ➖ Produto removido (total até agora: 9)
2026-08-17 10:44:50,535 - INFO -   ➖ Produto removido (total até agora: 10)
2026-08-17 10:44:51,183 - INFO -   ➖ Produto removido (total até agora: 11)
2026-08-17 10:44:51,787 - INFO -   ➖ Produto removido (total até agora: 12)
2026-08-17 10:44:52,496 - INFO -   ➖ Produto removido (total até agora: 13)
2026-08-17 10:44:53,088 - INFO -   ➖ Produto removido (total até agora: 14)
2026-08-17 10:44:53,840 - INFO -   ➖ Produto removido (total até agora: 15)
2026-08-17 10:44:54,500 - INFO -   ➖ Produto removido (total até agora: 16)
2026-08-17 10:44:55,307 - INFO -   ➖ Produto removido (total até agora: 17)
2026-08-17 10:44:55,883 - INFO -   ➖ Produto removido (total até agora: 18)
2026-08-17 10:44:56,470 - INFO -   ➖ Produto removido (total até agora: 19)
2026-08-17 10:44:57,107 - INFO -   ➖ Produto removido (total até agora: 20)
2026-08-17 10:44:57,663 - INFO -   ➖ Produto removido (total até agora: 21)
2026-08-17 10:44:58,233 - INFO -   ➖ Produto removido (total até agora: 22)
2026-08-17 10:44:58,785 - INFO -   ➖ Produto removido (total até agora: 23)
2026-08-17 10:44:59,482 - INFO -   ➖ Produto removido (total até agora: 24)
2026-08-17 10:45:00,043 - INFO -   ➖ Produto removido (total até agora: 25)
2026-08-17 10:45:00,659 - INFO -   ➖ Produto removido (total até agora: 26)
2026-08-17 10:45:01,353 - INFO -   ➖ Produto removido (total até agora: 27)
2026-08-17 10:45:01,900 - INFO -   ➖ Produto removido (total até agora: 28)
2026-08-17 10:45:02,509 - INFO -   ➖ Produto removido (total até agora: 29)
2026-08-17 10:45:03,136 - INFO -   ➖ Produto removido (total até agora: 30)
2026-08-17 10:45:03,690 - INFO -   ➖ Produto removido (total até agora: 31)
2026-08-17 10:45:04,280 - INFO -   ➖ Produto removido (total até agora: 32)
2026-08-17 10:45:05,000 - INFO -   ➖ Produto removido (total até agora: 33)
2026-08-17 10:45:05,550 - INFO -   ➖ Produto removido (total até agora: 34)
2026-08-17 10:45:06,168 - INFO -   ➖ Produto removido (total até agora: 35)
2026-08-17 10:45:06,935 - INFO -   ➖ Produto removido (total até agora: 36)
2026-08-17 10:45:07,504 - INFO -   ➖ Produto removido (total até agora: 37)
2026-08-17 10:45:08,122 - INFO -   ➖ Produto removido (total até agora: 38)
2026-08-17 10:45:08,794 - INFO -   ➖ Produto removido (total até agora: 39)
2026-08-17 10:45:09,368 - INFO -   ➖ Produto removido (total até agora: 40)
2026-08-17 10:45:09,924 - INFO -   ➖ Produto removido (total até agora: 41)
2026-08-17 10:45:10,753 - INFO -   ➖ Produto removido (total até agora: 42)
2026-08-17 10:45:11,403 - INFO -   ➖ Produto removido (total até agora: 43)
2026-08-17 10:45:11,981 - INFO -   ➖ Produto removido (total até agora: 44)
2026-08-17 10:45:12,624 - INFO -   ➖ Produto removido (total até agora: 45)
2026-08-17 10:45:13,211 - INFO -   ➖ Produto removido (total até agora: 46)
2026-08-17 10:45:13,764 - INFO -   ➖ Produto removido (total até agora: 47)
2026-08-17 10:45:14,425 - INFO -   ➖ Produto removido (total até agora: 48)
2026-08-17 10:45:14,998 - INFO -   ➖ Produto removido (total até agora: 49)
2026-08-17 10:45:15,529 - INFO -   ➖ Produto removido (total até agora: 50)
2026-08-17 10:45:16,224 - INFO -   ➖ Produto removido (total até agora: 51)
2026-08-17 10:45:17,056 - INFO -   ➖ Produto removido (total até agora: 52)
2026-08-17 10:45:17,671 - INFO -   ➖ Produto removido (total até agora: 53)
2026-08-17 10:45:18,219 - INFO -   ➖ Produto removido (total até agora: 54)
2026-08-17 10:45:18,745 - INFO -   ➖ Produto removido (total até agora: 55)
2026-08-17 10:45:19,257 - INFO -   ➖ Produto removido (total até agora: 56)
2026-08-17 10:45:19,783 - INFO -   ➖ Produto removido (total até agora: 57)
2026-08-17 10:45:19,805 - INFO - ✓ Remoção concluída — 57 produto(s) removido(s)
2026-08-17 10:45:19,805 - INFO - Removendo filtro de Merchant 'Sportbay'...
2026-08-17 10:45:20,003 - INFO - ✓ Filtro de Merchant removido e confirmado (tag não existe mais no DOM)
2026-08-17 10:45:20,003 - INFO - Adicionando 15 produto(s) por shortHash...
2026-08-17 10:45:20,044 - INFO -   Total de produtos na coleção antes de adicionar: 0
2026-08-17 10:45:22,376 - INFO -   ➕ Produto adicionado: P-95J6T27J4N — Tampa Lateral Fan 150 2011 e 2012 Pro Tork (SKU 115787) (total 0 → 1)
2026-08-17 10:45:24,545 - INFO -   ➕ Produto adicionado: P-1E3EIP961T — Kit Conjunto Carenagem 4 Peças Plástico Moto Biz Honda 125 Ks Es 2006 A 2010 (SKU PAI-112483) (total 1 → 2)
2026-08-17 10:45:26,795 - INFO -   ➕ Produto adicionado: P-4R8NIZC37Y — Kit Carenagem 5 Peças Pro Tork Biz 100 1998/05 (SKU PAI-112481) (total 2 → 3)
2026-08-17 10:45:28,964 - INFO -   ➕ Produto adicionado: P-9E5QA4UOQL — Kit Carenagem 9 Peças Pro Tork Cb 300r 2010/12 (SKU PAI-110262) (total 3 → 4)
2026-08-17 10:45:30,979 - INFO -   ➕ Produto adicionado: P-HEYR6GG0IW — Protetor de Pernas Biz 125 ES KS + EX 2011 a 2017 Pro Tork (SKU 2621) (total 4 → 5)
2026-08-17 10:45:33,062 - INFO -   ➕ Produto adicionado: P-4VQ0IH85ZO — Kit Carenagem Completo NXR Bros 150 2003 a 2008 Pro Tork (SKU 110543) (total 5 → 6)
2026-08-17 10:45:35,429 - INFO -   ➕ Produto adicionado: P-C98ZO4039M — Kit Carenagem 3 Peças YBR 125 2000 a 2008 Pro Tork (SKU 110284) (total 6 → 7)
2026-08-17 10:45:37,489 - INFO -   ➕ Produto adicionado: P-DNADGGF8YF — Porta Capacete Pro Tork Biz 100/125 Es/ks 2012 - 2013 (SKU PAI-3391) (total 7 → 8)
2026-08-17 10:45:39,605 - INFO -   ➕ Produto adicionado: P-EB2T5J8ZYN — Carenagem Lateral do Tanque Fazer 150 2014 Pro Tork (SKU 115230) (total 8 → 9)
2026-08-17 10:45:41,859 - INFO -   ➕ Produto adicionado: P-8ICB2LNVUR — Aba do Tanque Par NXR 150 Bros 2009 a 2012 Pro Tork (SKU 2184) (total 9 → 10)
2026-08-17 10:45:44,094 - INFO -   ➕ Produto adicionado: P-9D0JI20LC4 — Bico Frontal Pro Tork Biz 100 2000/05 (SKU PAI-117203) (total 10 → 11)
2026-08-17 10:45:46,265 - INFO -   ➕ Produto adicionado: P-BCYFB7SAZC — Carenagem Lateral do Farol Fazer 150 2014 Pro Tork (SKU 115228) (total 11 → 12)
2026-08-17 10:45:48,449 - INFO -   ➕ Produto adicionado: P-8Q406LN0ME — Sub Tampa Lateral Biz 100 2012 e 2013 e Biz 125 KS ES + EX 2011 a 2017 Pro Tork (SKU 3392) (total 12 → 13)
2026-08-17 10:45:50,674 - INFO -   ➕ Produto adicionado: P-DNRVLJ5BQE — Kit Carenagem 3 Peças Cromo Forte Ybr 125 2000/08 (SKU PAI-123496) (total 13 → 14)
2026-08-17 10:45:52,761 - INFO -   ➕ Produto adicionado: P-7I8MA7KKV9 — Carenagem do Farol NXR Bros 125 2003 a 2008 e NXR 150 Bros 2003 a 2008 Pro Tork (SKU 4692) (total 14 → 15)
2026-08-17 10:45:52,761 - INFO - ✓ Adição concluída — 15 adicionado(s), 0 não encontrado(s), 0 sem efeito, 0 com código divergente
2026-08-17 10:45:52,761 - INFO - Salvando alterações...
2026-08-17 10:45:52,900 - INFO - ✓ Alterações salvas com sucesso
2026-08-17 10:45:52,900 - INFO - Conferindo resultado final da coleção...
2026-08-17 10:45:57,881 - ERROR -   ✗ DIVERGÊNCIA FINAL — esperado: 15 | encontrado na coleção: 0 | diferença: 15
2026-08-17 10:46:00,009 - INFO - ============================================================
2026-08-17 10:46:00,009 - INFO - ✓ FLUXO CONCLUÍDO
2026-08-17 10:46:00,009 - INFO - ============================================================
2026-08-17 10:46:02,203 - INFO - Chrome fechado
2026-08-17 10:46:02,203 - INFO - ============================================================
2026-08-17 10:46:02,203 - INFO - RESUMO DE TEMPOS POR FASE (MEDIR_TEMPOS=True)
2026-08-17 10:46:02,204 - INFO -   remocao_item                36.17s total |   58x | média 0.624s |  52.5%
2026-08-17 10:46:02,204 - INFO -   busca                       22.96s total |   15x | média 1.531s |  33.4%
2026-08-17 10:46:02,204 - INFO -   confirmacao_contador         9.57s total |   15x | média 0.638s |  13.9%
2026-08-17 10:46:02,204 - INFO -   clique                       0.15s total |   15x | média 0.010s |   0.2%
2026-08-17 10:46:02,204 - INFO -   validacao_sku                0.00s total |   15x | média 0.000s |   0.0%
2026-08-17 10:46:02,205 - INFO -   TOTAL MEDIDO                68.84s
2026-08-17 10:46:02,205 - INFO - ============================================================
2026-08-17 10:50:47,365 - INFO - ============================================================
2026-08-17 10:50:47,365 - INFO - INICIANDO ROBÔ DE GERENCIAMENTO DE COLEÇÕES - SPORTBAY
2026-08-17 10:50:47,365 - INFO - ============================================================
2026-08-17 10:50:47,366 - INFO - Lendo planilha: c:\Users\Protork\Desktop\Analise de preços site\Atualização de coleções\ATUALIZAÇÃO DE COLEÇÕES.xlsx
2026-08-17 10:50:47,666 - INFO - Coleção alvo: 'Kit Carenagem'
2026-08-17 10:50:47,666 - INFO - Total de shortHashes a adicionar: 34
2026-08-17 10:50:48,617 - INFO - Acessando página de login...
2026-08-17 10:50:51,068 - INFO - ✓ Login realizado com sucesso
2026-08-17 10:50:51,069 - INFO - Navegando direto para: https://www.marketplace.sportbay.com.br/dashboard/categories
2026-08-17 10:50:52,618 - INFO - ✓ Página de lista de categorias/coleções carregada
2026-08-17 10:50:52,619 - INFO - Procurando coleção: 'Kit Carenagem'
2026-08-17 10:50:56,771 - INFO - ✓ Coleção aberta para edição
2026-08-17 10:50:56,772 - INFO - Removendo produtos atuais da coleção...
2026-08-17 10:50:59,089 - INFO -   ➖ Produto removido (total até agora: 1)
2026-08-17 10:50:59,957 - INFO -   ➖ Produto removido (total até agora: 2)
2026-08-17 10:51:00,760 - INFO -   ➖ Produto removido (total até agora: 3)
2026-08-17 10:51:01,446 - INFO -   ➖ Produto removido (total até agora: 4)
2026-08-17 10:51:02,304 - INFO -   ➖ Produto removido (total até agora: 5)
2026-08-17 10:51:03,245 - INFO -   ➖ Produto removido (total até agora: 6)
2026-08-17 10:51:03,986 - INFO -   ➖ Produto removido (total até agora: 7)
2026-08-17 10:51:04,757 - INFO -   ➖ Produto removido (total até agora: 8)
2026-08-17 10:51:05,320 - INFO -   ➖ Produto removido (total até agora: 9)
2026-08-17 10:51:06,012 - INFO -   ➖ Produto removido (total até agora: 10)
2026-08-17 10:51:06,677 - INFO -   ➖ Produto removido (total até agora: 11)
2026-08-17 10:51:07,360 - INFO -   ➖ Produto removido (total até agora: 12)
2026-08-17 10:51:08,038 - INFO -   ➖ Produto removido (total até agora: 13)
2026-08-17 10:51:08,920 - INFO -   ➖ Produto removido (total até agora: 14)
2026-08-17 10:51:09,478 - INFO -   ➖ Produto removido (total até agora: 15)
2026-08-17 10:51:10,109 - INFO -   ➖ Produto removido (total até agora: 16)
2026-08-17 10:51:10,861 - INFO -   ➖ Produto removido (total até agora: 17)
2026-08-17 10:51:11,764 - INFO -   ➖ Produto removido (total até agora: 18)
2026-08-17 10:51:12,405 - INFO -   ➖ Produto removido (total até agora: 19)
2026-08-17 10:51:13,087 - INFO -   ➖ Produto removido (total até agora: 20)
2026-08-17 10:51:13,665 - INFO -   ➖ Produto removido (total até agora: 21)
2026-08-17 10:51:14,433 - INFO -   ➖ Produto removido (total até agora: 22)
2026-08-17 10:51:15,058 - INFO -   ➖ Produto removido (total até agora: 23)
2026-08-17 10:51:15,689 - INFO -   ➖ Produto removido (total até agora: 24)
2026-08-17 10:51:16,409 - INFO -   ➖ Produto removido (total até agora: 25)
2026-08-17 10:51:17,124 - INFO -   ➖ Produto removido (total até agora: 26)
2026-08-17 10:51:17,719 - INFO -   ➖ Produto removido (total até agora: 27)
2026-08-17 10:51:18,427 - INFO -   ➖ Produto removido (total até agora: 28)
2026-08-17 10:51:19,138 - INFO -   ➖ Produto removido (total até agora: 29)
2026-08-17 10:51:19,914 - INFO -   ➖ Produto removido (total até agora: 30)
2026-08-17 10:51:20,645 - INFO -   ➖ Produto removido (total até agora: 31)
2026-08-17 10:51:21,291 - INFO -   ➖ Produto removido (total até agora: 32)
2026-08-17 10:51:21,968 - INFO -   ➖ Produto removido (total até agora: 33)
2026-08-17 10:51:22,607 - INFO -   ➖ Produto removido (total até agora: 34)
2026-08-17 10:51:23,214 - INFO -   ➖ Produto removido (total até agora: 35)
2026-08-17 10:51:23,749 - INFO -   ➖ Produto removido (total até agora: 36)
2026-08-17 10:51:24,431 - INFO -   ➖ Produto removido (total até agora: 37)
2026-08-17 10:51:24,472 - INFO - ✓ Remoção concluída — 37 produto(s) removido(s)
2026-08-17 10:51:24,474 - INFO - Removendo filtro de Merchant 'Sportbay'...
2026-08-17 10:51:24,709 - INFO - ✓ Filtro de Merchant removido e confirmado (tag não existe mais no DOM)
2026-08-17 10:51:24,710 - INFO - Adicionando 34 produto(s) por shortHash...
2026-08-17 10:51:24,732 - INFO -   Total de produtos na coleção antes de adicionar: 0
2026-08-17 10:51:27,170 - INFO -   ➕ Produto adicionado: P-AKDY0PGAYF — Kit Carenagem 4 Peças Cromo Forte Biz 125 2011/13 (SKU PAI-123481) (total 0 → 1)
2026-08-17 10:51:29,284 - INFO -   ➕ Produto adicionado: P-6MNCJP0RRC — Kit Carenagem 7 Peças CB 300R 2010 a 2012 Pro Tork (SKU 112488) (total 1 → 2)
2026-08-17 10:51:31,317 - INFO -   ➕ Produto adicionado: P-BDGQL5M8H0 — Kit Carenagem 9 Peças XRE 300 2010 a 2012 Pro Tork (SKU 110864) (total 2 → 3)
2026-08-17 10:51:33,552 - INFO -   ➕ Produto adicionado: P-6NT4M8ZQMB — Rabeta 3 Peças YBR 125 2000 a 2008 Pro Tork (SKU 2483) (total 3 → 4)
2026-08-17 10:51:35,698 - INFO -   ➕ Produto adicionado: P-8VH6MWNTWR — Kit Carenagem Completo NXR Bros 150 2009 a 2011 Pro Tork (SKU 110820) (total 4 → 5)
2026-08-17 10:51:37,828 - INFO -   ➕ Produto adicionado: P-8ULO1XY740 — Kit Carenagem 4 Peças NXR Bros 150 2009 a 2011 Pro Tork (SKU 116239) (total 5 → 6)
2026-08-17 10:51:40,380 - INFO -   ➕ Produto adicionado: P-766UBWBSWQ — Kit Carenagem 3 Peças Pro Tork Titan 150 2004/08 (SKU PAI-110283) (total 6 → 7)
2026-08-17 10:51:42,553 - INFO -   ➕ Produto adicionado: P-4P4UKAE0BM — Kit Carenagem 3 Peças Pro Tork Biz 125 2011/13 (SKU PAI-110922) (total 7 → 8)
2026-08-17 10:51:44,718 - INFO -   ➕ Produto adicionado: P-90P6CJP7TC — Kit Carenagem 5 Peças Cromo Forte Bros 150 2003/08 (SKU PAI-123492) (total 8 → 9)
2026-08-17 10:51:46,998 - INFO -   ➕ Produto adicionado: P-5BHA8ZQKDA — Kit Carenagem 9 Peças Cromo Forte Cb 300r 2010/12 (SKU PAI-123487) (total 9 → 10)
2026-08-17 10:51:49,430 - INFO -   ➕ Produto adicionado: P-4ZHOI7SX45 — Rabeta Pro Tork Completa Kit 3 Peças Titan 150 Esd / Ex 2014 (SKU PAI-117234) (total 10 → 11)
2026-08-17 10:51:52,354 - INFO -   ➕ Produto adicionado: P-6UK81L2GOS — Kit Carenagem 5 Peças Cromo Forte Bros 150 2009/11 (SKU PAI-123493) (total 11 → 12)
2026-08-17 10:51:54,730 - INFO -   ➕ Produto adicionado: P-87DWGEALM3 — Kit Carenagem 9 Peças Cromo Forte Xre 300 2010/12 (SKU PAI-123495) (total 12 → 13)
2026-08-17 10:51:57,091 - INFO -   ➕ Produto adicionado: P-7J89BO7A3K — Kit Carenagem Pro Tork 3 Peças Titan 125 2000 - 2004 (SKU PAI-112490) (total 13 → 14)
2026-08-17 10:52:00,395 - INFO -   ➕ Produto adicionado: P-28JKSQGP43 — Kit Conjunto Carenagem 3 Peças Pro Tork Honda Biz Bizinha 125 2006 A 2010 (SKU PAI-112482) (total 14 → 15)
2026-08-17 10:52:02,583 - INFO -   ➕ Produto adicionado: P-AM6S0XM7DM — Rabeta Pro Tork Completa Kit 3 Peças Fan 125 2009 - 2011 (SKU PAI-117230) (total 15 → 16)
2026-08-17 10:52:04,863 - INFO -   ➕ Produto adicionado: P-7PCC7JSQIH — Kit Carenagem 4 Peças Cromo Forte Xre 300 2010/12 (SKU PAI-123494) (total 16 → 17)
2026-08-17 10:52:07,149 - INFO -   ➕ Produto adicionado: P-7SQBE0KZEK — Kit Carenagem Lateral Pop 100 Pro Tork (SKU 2721) (total 17 → 18)
2026-08-17 10:52:09,384 - INFO -   ➕ Produto adicionado: P-B2QWHGAAM4 — Rabeta Completa Titan 150 2004 a 2008 Pro Tork (SKU 2460) (total 18 → 19)
2026-08-17 10:52:11,429 - INFO -   ➕ Produto adicionado: P-DYWQ8QSGX9 — Rabeta Completa Fan 125 2009 a 2011 Pro Tork (SKU 115778) (total 19 → 20)
2026-08-17 10:52:13,616 - INFO -   ➕ Produto adicionado: P-1OGWVOPC6I — Rabeta 2 Peças Fan 125 2005 Pro Tork (SKU 3401) (total 20 → 21)
2026-08-17 10:52:15,680 - INFO -   ➕ Produto adicionado: P-9EWWFJDJE0 — Kit Carenagem 2 Peças CB 300 2010 a 2012 Pro Tork (SKU 112486) (total 21 → 22)
2026-08-17 10:52:17,997 - INFO -   ➕ Produto adicionado: P-E7FIRH9RH8 — Kit Carenagem Pro Tork 4 Peças Xre 300 2010 - 2012 (SKU PAI-112491) (total 22 → 23)
2026-08-17 10:52:20,245 - INFO -   ➕ Produto adicionado: P-4GLW1G197C — Kit Carenagem 4 Peças Biz 125 2006 a 2010 Cromo Forte (SKU 123480) (total 23 → 24)
2026-08-17 10:52:22,402 - INFO -   ➕ Produto adicionado: P-U44UGX3WI6 — Rabeta Kit 2 Peças Fan 125 2009 a 2011 Cromo Forte (SKU 123426) (total 24 → 25)
2026-08-17 10:52:24,633 - INFO -   ➕ Produto adicionado: P-CY94VSPEAR — Kit Carenagem 4 Peças Cromo Forte Bros 150 2009/11 (SKU PAI-123491) (total 25 → 26)
2026-08-17 10:52:26,921 - INFO -   ➕ Produto adicionado: P-CSOPTIZI4I — Kit Carenagem 2 Peças Cromo Forte Cb 300r 2010/12 (SKU PAI-123484) (total 26 → 27)
2026-08-17 10:52:29,422 - INFO -   ➕ Produto adicionado: P-BJFB6UVGYE — Kit Carenagem 3 Peças Cromo Forte Cb 300r 2010/12 (SKU PAI-123485) (total 27 → 28)
2026-08-17 10:52:31,662 - INFO -   ➕ Produto adicionado: P-F3NNJ95N1K — Kit Carenagem 7 Peças CB 300R 2010 a 2012 Cromo Forte (SKU 123486) (total 28 → 29)
2026-08-17 10:52:33,935 - INFO -   ➕ Produto adicionado: P-15H9BRQCL1 — Rabeta Kit 3 Peças Central Fan 150 ESDI 2014 e Titan 150 ESD EX 2014 Cromo Forte (SKU 123430) (total 29 → 30)
2026-08-17 10:52:36,134 - INFO -   ➕ Produto adicionado: P-AZA08FCXGO — Kit Plástico CRF 230 Pro Tork (SKU 455) (total 30 → 31)
2026-08-17 10:52:38,301 - INFO -   ➕ Produto adicionado: P-AGW4CLN3WS — Kit Plástico Pro Tork Crf 230 2008 - 2014 Tampas Brancas (SKU PAI-117110A) (total 31 → 32)
2026-08-17 10:52:40,745 - INFO -   ➕ Produto adicionado: P-B70Y20555Y — Kit Plástico CRF 230 2015 Pro Tork (SKU 116295) (total 32 → 33)
2026-08-17 10:52:42,921 - INFO -   ➕ Produto adicionado: P-8FN3ASC4SA — Kit Plástico CRF 250F 2019 Pro Tork (SKU 120226) (total 33 → 34)
2026-08-17 10:52:42,921 - INFO - ✓ Adição concluída — 34 adicionado(s), 0 não encontrado(s), 0 sem efeito, 0 com código divergente
2026-08-17 10:52:42,921 - INFO - Salvando alterações...
2026-08-17 10:52:43,301 - INFO - ✓ Alterações salvas com sucesso
2026-08-17 10:52:43,301 - INFO - Conferindo resultado final da coleção...
2026-08-17 10:52:45,594 - INFO -   ✓ Contagem final confere: 34 produto(s) na coleção
2026-08-17 10:52:45,594 - INFO - ============================================================
2026-08-17 10:52:45,594 - INFO - ✓ FLUXO CONCLUÍDO
2026-08-17 10:52:45,595 - INFO - ============================================================
2026-08-17 10:52:47,814 - INFO - Chrome fechado
2026-08-17 10:52:47,815 - INFO - ============================================================
2026-08-17 10:52:47,815 - INFO - RESUMO DE TEMPOS POR FASE (MEDIR_TEMPOS=True)
2026-08-17 10:52:47,815 - INFO -   busca                       55.06s total |   34x | média 1.619s |  52.8%
2026-08-17 10:52:47,815 - INFO -   remocao_item                26.12s total |   38x | média 0.687s |  25.0%
2026-08-17 10:52:47,816 - INFO -   confirmacao_contador        22.54s total |   34x | média 0.663s |  21.6%
2026-08-17 10:52:47,816 - INFO -   clique                       0.58s total |   34x | média 0.017s |   0.6%
2026-08-17 10:52:47,817 - INFO -   validacao_sku                0.00s total |   34x | média 0.000s |   0.0%
2026-08-17 10:52:47,817 - INFO -   TOTAL MEDIDO               104.29s
2026-08-17 10:52:47,817 - INFO - ============================================================
2026-08-17 16:10:38,242 - INFO - ============================================================
2026-08-17 16:10:38,242 - INFO - INICIANDO ROBÔ DE GERENCIAMENTO DE COLEÇÕES - SPORTBAY
2026-08-17 16:10:38,242 - INFO - ============================================================
2026-08-17 16:10:38,243 - INFO - Lendo planilha: c:\Users\Protork\Desktop\Analise de preços site\Atualização de coleções\ATUALIZAÇÃO DE COLEÇÕES.xlsx
2026-08-17 16:10:38,532 - INFO - Coleção alvo: 'Oferta do Dia'
2026-08-17 16:10:38,532 - INFO - Total de shortHashes a adicionar: 14
2026-08-17 16:10:40,996 - INFO - Acessando página de login...
2026-08-17 16:10:43,432 - INFO - ✓ Login realizado com sucesso
2026-08-17 16:10:43,432 - INFO - Navegando direto para: https://www.marketplace.sportbay.com.br/dashboard/categories
2026-08-17 16:10:44,656 - INFO - ✓ Página de lista de categorias/coleções carregada
2026-08-17 16:10:44,657 - INFO - Procurando coleção: 'Oferta do Dia'
2026-08-17 16:10:49,348 - INFO - ✓ Coleção aberta para edição
2026-08-17 16:10:49,359 - INFO - Removendo produtos atuais da coleção...
2026-08-17 16:10:51,903 - INFO -   ➖ Produto removido (total até agora: 1)
2026-08-17 16:10:52,614 - INFO -   ➖ Produto removido (total até agora: 2)
2026-08-17 16:10:53,261 - INFO -   ➖ Produto removido (total até agora: 3)
2026-08-17 16:10:53,933 - INFO -   ➖ Produto removido (total até agora: 4)
2026-08-17 16:10:54,779 - INFO -   ➖ Produto removido (total até agora: 5)
2026-08-17 16:10:55,730 - INFO -   ➖ Produto removido (total até agora: 6)
2026-08-17 16:10:57,046 - INFO -   ➖ Produto removido (total até agora: 7)
2026-08-17 16:10:57,630 - INFO -   ➖ Produto removido (total até agora: 8)
2026-08-17 16:10:58,297 - INFO -   ➖ Produto removido (total até agora: 9)
2026-08-17 16:10:58,914 - INFO -   ➖ Produto removido (total até agora: 10)
2026-08-17 16:10:59,548 - INFO -   ➖ Produto removido (total até agora: 11)
2026-08-17 16:11:00,147 - INFO -   ➖ Produto removido (total até agora: 12)
2026-08-17 16:11:01,447 - INFO -   ➖ Produto removido (total até agora: 13)
2026-08-17 16:11:01,471 - INFO - ✓ Remoção concluída — 13 produto(s) removido(s)
2026-08-17 16:11:01,472 - INFO - Removendo filtro de Merchant 'Sportbay'...
2026-08-17 16:11:01,664 - INFO - ✓ Filtro de Merchant removido e confirmado (tag não existe mais no DOM)
2026-08-17 16:11:01,665 - INFO - Adicionando 14 produto(s) por shortHash...
2026-08-17 16:11:01,692 - INFO -   Total de produtos na coleção antes de adicionar: 0
2026-08-17 16:11:03,923 - INFO -   ➕ Produto adicionado: P-2BBKLOH3WL — Capacete Aberto New Atomic Solid Fosco Pro Tork (SKU 5478) (total 0 → 1)
2026-08-17 16:11:06,119 - INFO -   ➕ Produto adicionado: P-ANLDG969WO — Capacete Fechado Pro Tork R8 Vis. Fumê (SKU PAI-116746A) (total 1 → 2)
2026-08-17 16:11:08,512 - INFO -   ➕ Produto adicionado: P-59BKMISOK6 — Capacete Fechado New Liberty Four Viseira Fumê Pro Tork (SKU 116695) (total 2 → 3)
2026-08-17 16:11:10,905 - INFO -   ➕ Produto adicionado: P-36ICMN7CJ5 — Capacete Aberto New Liberty Three Pro Tork (SKU 110866) (total 3 → 4)
2026-08-17 16:11:13,262 - INFO -   ➕ Produto adicionado: P-F4AXIG0GOS — Capacete Escamoteável Attack Evo Fosco Pro Tork (SKU 117524) (total 4 → 5)
2026-08-17 16:11:15,543 - INFO -   ➕ Produto adicionado: P-3BN7CFIUH4 — Capacete Fechado Pro Tork Evolution 788 G8 Evo Solid (SKU PAI-119944) (total 5 → 6)
2026-08-17 16:11:17,588 - INFO -   ➕ Produto adicionado: P-12X4J04NQF — Ponteira Modelo Original CBX 250 Twister 2002-2008 Pro Tork (SKU 1223) (total 6 → 7)
2026-08-17 16:11:19,662 - INFO -   ➕ Produto adicionado: P-7069U5MZ68 — Bauleto Plástico Superior 28 Litros Pro Tork Smart Box (SKU PAI-5501A) (total 7 → 8)
2026-08-17 16:11:22,029 - INFO -   ➕ Produto adicionado: P-1SCVGM87OC — Escapamento Powercore 3 Steel Technology para CRF 230F Pro Tork (SKU 124886) (total 8 → 9)
2026-08-17 16:11:24,135 - INFO -   ➕ Produto adicionado: P-CLHVJCSSLT — Escapamento Competition para Pop 110 Pro Tork (SKU 119834) (total 9 → 10)
2026-08-17 16:11:26,227 - INFO -   ➕ Produto adicionado: P-5QWTN8WDRZ — Baú 45 Litros Smart Box 2 Pro Tork (SKU 5499) (total 10 → 11)
2026-08-17 16:11:28,576 - INFO -   ➕ Produto adicionado: P-1CBBVNVATN — Protetor De Motor Pro Tork Barra Dupla Fan 125 2014/15 (SKU PAI-3621) (total 11 → 12)
2026-08-17 16:11:30,637 - INFO -   ➕ Produto adicionado: P-CGMX1C5ROG — Protetor De Carenagem Cromo Forte Shield Com Pedaleira Retrátil Nxr 150 2009/ Nxr 160 (SKU PAI-125649) (total 12 → 13)
2026-08-17 16:11:32,669 - INFO -   ➕ Produto adicionado: P-76NGUW9GFR — Baú Moto Stronger 90 Litros Pro Tork (SKU 127063) (total 13 → 14)
2026-08-17 16:11:32,669 - INFO - ✓ Adição concluída — 14 adicionado(s), 0 não encontrado(s), 0 sem efeito, 0 com código divergente
2026-08-17 16:11:32,670 - INFO - Salvando alterações...
2026-08-17 16:11:32,827 - INFO - ✓ Alterações salvas com sucesso
2026-08-17 16:11:32,827 - INFO - Conferindo resultado final da coleção...
2026-08-17 16:11:38,480 - ERROR -   ✗ DIVERGÊNCIA FINAL — esperado: 14 | encontrado na coleção: 0 | diferença: 14
2026-08-17 16:11:40,504 - INFO - ============================================================
2026-08-17 16:11:40,504 - INFO - ✓ FLUXO CONCLUÍDO
2026-08-17 16:11:40,504 - INFO - ============================================================
2026-08-17 16:11:42,716 - INFO - Chrome fechado
2026-08-17 16:11:42,716 - INFO - ============================================================
2026-08-17 16:11:42,716 - INFO - RESUMO DE TEMPOS POR FASE (MEDIR_TEMPOS=True)
2026-08-17 16:11:42,716 - INFO -   busca                       21.53s total |   14x | média 1.538s |  51.8%
2026-08-17 16:11:42,716 - INFO -   remocao_item                10.58s total |   14x | média 0.756s |  25.5%
2026-08-17 16:11:42,717 - INFO -   confirmacao_contador         9.30s total |   14x | média 0.664s |  22.4%
2026-08-17 16:11:42,717 - INFO -   clique                       0.13s total |   14x | média 0.009s |   0.3%
2026-08-17 16:11:42,717 - INFO -   validacao_sku                0.00s total |   14x | média 0.000s |   0.0%
2026-08-17 16:11:42,717 - INFO -   TOTAL MEDIDO                41.54s
2026-08-17 16:11:42,717 - INFO - ============================================================
2026-08-17 16:13:44,049 - INFO - ============================================================
2026-08-17 16:13:44,049 - INFO - INICIANDO ROBÔ DE GERENCIAMENTO DE COLEÇÕES - SPORTBAY
2026-08-17 16:13:44,049 - INFO - ============================================================
2026-08-17 16:13:44,050 - INFO - Lendo planilha: c:\Users\Protork\Desktop\Analise de preços site\Atualização de coleções\ATUALIZAÇÃO DE COLEÇÕES.xlsx
2026-08-17 16:13:44,370 - INFO - Coleção alvo: 'Mais Potência'
2026-08-17 16:13:44,370 - INFO - Total de shortHashes a adicionar: 12
2026-08-17 16:13:47,297 - INFO - Acessando página de login...
2026-08-17 16:13:51,103 - INFO - ✓ Login realizado com sucesso
2026-08-17 16:13:51,132 - INFO - Navegando direto para: https://www.marketplace.sportbay.com.br/dashboard/categories
2026-08-17 16:13:53,407 - INFO - ✓ Página de lista de categorias/coleções carregada
2026-08-17 16:13:53,414 - INFO - Procurando coleção: 'Mais Potência'
2026-08-17 16:13:57,685 - INFO - ✓ Coleção aberta para edição
2026-08-17 16:13:57,686 - INFO - Removendo produtos atuais da coleção...
2026-08-17 16:13:59,773 - INFO -   ➖ Produto removido (total até agora: 1)
2026-08-17 16:14:00,470 - INFO -   ➖ Produto removido (total até agora: 2)
2026-08-17 16:14:01,230 - INFO -   ➖ Produto removido (total até agora: 3)
2026-08-17 16:14:02,026 - INFO -   ➖ Produto removido (total até agora: 4)
2026-08-17 16:14:02,947 - INFO -   ➖ Produto removido (total até agora: 5)
2026-08-17 16:14:04,001 - INFO -   ➖ Produto removido (total até agora: 6)
2026-08-17 16:14:04,740 - INFO -   ➖ Produto removido (total até agora: 7)
2026-08-17 16:14:05,618 - INFO -   ➖ Produto removido (total até agora: 8)
2026-08-17 16:14:06,663 - INFO -   ➖ Produto removido (total até agora: 9)
2026-08-17 16:14:07,563 - INFO -   ➖ Produto removido (total até agora: 10)
2026-08-17 16:14:08,209 - INFO -   ➖ Produto removido (total até agora: 11)
2026-08-17 16:14:08,792 - INFO -   ➖ Produto removido (total até agora: 12)
2026-08-17 16:14:09,798 - INFO -   ➖ Produto removido (total até agora: 13)
2026-08-17 16:14:09,897 - INFO - ✓ Remoção concluída — 13 produto(s) removido(s)
2026-08-17 16:14:09,897 - INFO - Removendo filtro de Merchant 'Sportbay'...
2026-08-17 16:14:10,356 - INFO - ✓ Filtro de Merchant removido e confirmado (tag não existe mais no DOM)
2026-08-17 16:14:10,364 - INFO - Adicionando 12 produto(s) por shortHash...
2026-08-17 16:14:10,418 - INFO -   Total de produtos na coleção antes de adicionar: 0
2026-08-17 16:14:12,790 - INFO -   ➕ Produto adicionado: P-2RTJESJ2YW — Escapamento Powercore 3 Steel Technology NXR Bros 160 2016-2025 Pro Tork (SKU 127020) (total 0 → 1)
2026-08-17 16:14:15,120 - INFO -   ➕ Produto adicionado: P-7VX1YBXR1K — Escapamento Competition para Pop 100 2007 a 2015 Pro Tork (SKU 119942) (total 1 → 2)
2026-08-17 16:14:17,190 - INFO -   ➕ Produto adicionado: P-8QY5N5GFD4 — Escapamento Modelo Original para Titan 160 2024 a 2025, Fan 160 2024 a 2025 e Start 160 2024 a 2025 Pro Tork (SKU 126960) (total 2 → 3)
2026-08-17 16:14:19,279 - INFO -   ➕ Produto adicionado: P-WRQTOGAE5Z — Escape Pro Tork Mini Gp Titan 150 Ks-es 2004 - 2008 (SKU PAI-111784) (total 3 → 4)
2026-08-17 16:14:21,466 - INFO -   ➕ Produto adicionado: P-7EYGRLTTB7 — Escapamento Modelo Original para YBR 125 2000 a 2009 Cromo Forte (SKU 124285) (total 4 → 5)
2026-08-17 16:14:23,547 - INFO -   ➕ Produto adicionado: P-BD24L1OPW2 — Ponteira Modelo Original para XTZ 125 2003 a 2016 Cromo Forte (SKU 125731) (total 5 → 6)
2026-08-17 16:14:25,631 - INFO -   ➕ Produto adicionado: P-44NT04DXED — Escapamento Modelo Original para Titan 1995 a 1999 Pro Tork (SKU 112038) (total 6 → 7)
2026-08-17 16:14:27,884 - INFO -   ➕ Produto adicionado: P-A7KRR79S2P — Escapamento Powercore 3 Steel Technology para XR 250 Tornado Pro Tork (SKU 124885) (total 7 → 8)
2026-08-17 16:14:30,002 - INFO -   ➕ Produto adicionado: P-971MV5XKII — Escapamento Competition para Titan 150 2009 a 2013 e Fan 150 2009 a 2013 e Fan 125 2009 a 2014 Pro Tork (SKU 119822) (total 8 → 9)
2026-08-17 16:14:32,317 - INFO -   ➕ Produto adicionado: P-D6TD92N9T5 — Escapamento Powercore 3 Steel Technology para NXR Bros 125 2003 a 2005 Pro Tork (SKU 126442) (total 9 → 10)
2026-08-17 16:14:34,577 - INFO -   ➕ Produto adicionado: P-CYQWXIA0C1 — Escapamento Modelo Original B para YBR 125 2000 a 2008 Cromo Forte (SKU 124251) (total 10 → 11)
2026-08-17 16:14:36,669 - INFO -   ➕ Produto adicionado: P-BATC6U0O2Y — Escapamento Power para Fan 125 KS ES 2006 a 2008 Cromo Forte (SKU 124238) (total 11 → 12)
2026-08-17 16:14:36,669 - INFO - ✓ Adição concluída — 12 adicionado(s), 0 não encontrado(s), 0 sem efeito, 0 com código divergente
2026-08-17 16:14:36,669 - INFO - Salvando alterações...
2026-08-17 16:14:36,803 - INFO - ✓ Alterações salvas com sucesso
2026-08-17 16:14:36,803 - INFO - Conferindo resultado final da coleção...
2026-08-17 16:14:42,048 - INFO -   ✓ Contagem final confere: 12 produto(s) na coleção
2026-08-17 16:14:42,049 - INFO - ============================================================
2026-08-17 16:14:42,050 - INFO - ✓ FLUXO CONCLUÍDO
2026-08-17 16:14:42,050 - INFO - ============================================================
2026-08-17 16:14:44,270 - INFO - Chrome fechado
2026-08-17 16:14:44,270 - INFO - ============================================================
2026-08-17 16:14:44,271 - INFO - RESUMO DE TEMPOS POR FASE (MEDIR_TEMPOS=True)
2026-08-17 16:14:44,271 - INFO -   busca                       18.53s total |   12x | média 1.544s |  50.1%
2026-08-17 16:14:44,271 - INFO -   remocao_item                10.78s total |   14x | média 0.770s |  29.2%
2026-08-17 16:14:44,271 - INFO -   confirmacao_contador         7.54s total |   12x | média 0.628s |  20.4%
2026-08-17 16:14:44,271 - INFO -   clique                       0.13s total |   12x | média 0.010s |   0.3%
2026-08-17 16:14:44,272 - INFO -   validacao_sku                0.00s total |   12x | média 0.000s |   0.0%
2026-08-17 16:14:44,272 - INFO -   TOTAL MEDIDO                36.98s
2026-08-17 16:14:44,272 - INFO - ============================================================
2026-08-17 16:24:59,983 - INFO - ============================================================
2026-08-17 16:24:59,984 - INFO - INICIANDO ROBÔ DE GERENCIAMENTO DE COLEÇÕES - SPORTBAY
2026-08-17 16:24:59,984 - INFO - ============================================================
2026-08-17 16:24:59,984 - INFO - Lendo planilha: c:\Users\Protork\Desktop\Analise de preços site\Atualização de coleções\ATUALIZAÇÃO DE COLEÇÕES.xlsx
2026-08-17 16:25:00,283 - INFO - Coleção alvo: 'Mais Vendidos em Capacetes'
2026-08-17 16:25:00,284 - INFO - Total de shortHashes a adicionar: 14
2026-08-17 16:25:01,197 - INFO - Acessando página de login...
2026-08-17 16:25:03,884 - INFO - ✓ Login realizado com sucesso
2026-08-17 16:25:03,884 - INFO - Navegando direto para: https://www.marketplace.sportbay.com.br/dashboard/categories
2026-08-17 16:25:05,046 - INFO - ✓ Página de lista de categorias/coleções carregada
2026-08-17 16:25:05,046 - INFO - Procurando coleção: 'Mais Vendidos em Capacetes'
2026-08-17 16:25:09,216 - INFO - ✓ Coleção aberta para edição
2026-08-17 16:25:09,217 - INFO - Removendo produtos atuais da coleção...
2026-08-17 16:25:11,421 - INFO -   ➖ Produto removido (total até agora: 1)
2026-08-17 16:25:12,323 - INFO -   ➖ Produto removido (total até agora: 2)
2026-08-17 16:25:13,021 - INFO -   ➖ Produto removido (total até agora: 3)
2026-08-17 16:25:13,765 - INFO -   ➖ Produto removido (total até agora: 4)
2026-08-17 16:25:14,709 - INFO -   ➖ Produto removido (total até agora: 5)
2026-08-17 16:25:15,735 - INFO -   ➖ Produto removido (total até agora: 6)
2026-08-17 16:25:16,623 - INFO -   ➖ Produto removido (total até agora: 7)
2026-08-17 16:25:17,265 - INFO -   ➖ Produto removido (total até agora: 8)
2026-08-17 16:25:18,152 - INFO -   ➖ Produto removido (total até agora: 9)
2026-08-17 16:25:18,843 - INFO -   ➖ Produto removido (total até agora: 10)
2026-08-17 16:25:19,514 - INFO -   ➖ Produto removido (total até agora: 11)
2026-08-17 16:25:20,287 - INFO -   ➖ Produto removido (total até agora: 12)
2026-08-17 16:25:21,269 - INFO -   ➖ Produto removido (total até agora: 13)
2026-08-17 16:25:21,981 - INFO -   ➖ Produto removido (total até agora: 14)
2026-08-17 16:25:22,032 - INFO - ✓ Remoção concluída — 14 produto(s) removido(s)
2026-08-17 16:25:22,032 - INFO - Removendo filtro de Merchant 'Sportbay'...
2026-08-17 16:25:22,242 - INFO - ✓ Filtro de Merchant removido e confirmado (tag não existe mais no DOM)
2026-08-17 16:25:22,243 - INFO - Adicionando 14 produto(s) por shortHash...
2026-08-17 16:25:22,266 - INFO -   Total de produtos na coleção antes de adicionar: 0
2026-08-17 16:25:24,567 - INFO -   ➕ Produto adicionado: P-4IQST3SWXP — Capacete Aberto Etceter Open (SKU PAI-121163) (total 0 → 1)
2026-08-17 16:25:26,806 - INFO -   ➕ Produto adicionado: P-DIG41DR2RE — Viseira Capacete Pro Tork Liberty 4 Solid (SKU PAI-1317A) (total 1 → 2)
2026-08-17 16:25:29,229 - INFO -   ➕ Produto adicionado: P-73U8ALMTV6 — Capacete Fechado Pro Tork Sport Moto 788 (SKU PAI-110731A) (total 2 → 3)
2026-08-17 16:25:31,674 - INFO -   ➕ Produto adicionado: P-39J97Y80G9 — Capacete Fechado Stealth Concept Brilhante Viseira Fumê Pro Tork (SKU 124963) (total 3 → 4)
2026-08-17 16:25:34,116 - INFO -   ➕ Produto adicionado: P-4PZKUA2LO8 — Capacete Fechado Pro Tork R8 (SKU PAI-116086A) (total 4 → 5)
2026-08-17 16:25:36,231 - INFO -   ➕ Produto adicionado: P-2WKIPYGN9H — Capacete Motocross Infantil Cartoon Racing Pro Tork (SKU 126167) (total 5 → 6)
2026-08-17 16:25:38,424 - INFO -   ➕ Produto adicionado: P-D35IERIY3R — Capacete Infantil Pro Tork Liberty Four Kids Paint Fosco (SKU 125058) (total 6 → 7)
2026-08-17 16:25:40,643 - INFO -   ➕ Produto adicionado: P-1UM3FJCURS — Capacete Aberto New Liberty Three Cristo Pro Tork (SKU 126979) (total 7 → 8)
2026-08-17 16:25:42,737 - INFO -   ➕ Produto adicionado: P-95J6T27J4N — Tampa Lateral Fan 150 2011 e 2012 Pro Tork (SKU 115787) (total 8 → 9)
2026-08-17 16:25:45,347 - INFO -   ➕ Produto adicionado: P-615GJSJ3UB — Capacete Escamoteável Attack Evo Brilhante Pro Tork (SKU 117523) (total 9 → 10)
2026-08-17 16:25:47,594 - INFO -   ➕ Produto adicionado: P-7EIZICTKBL — Capacete Fechado Infantil Etceter Kids (SKU PAI-121164) (total 10 → 11)
2026-08-17 16:25:49,665 - INFO -   ➕ Produto adicionado: P-6Y2SPRR4G4 — Viseira Capacete Mixs Mx2 Gladiator Fumê (SKU 120382) (total 11 → 12)
2026-08-17 16:25:51,932 - INFO -   ➕ Produto adicionado: P-9RZSC042BT — Capacete Fechado Stealth Concept Pro Tork (SKU 124915) (total 12 → 13)
2026-08-17 16:25:54,152 - INFO -   ➕ Produto adicionado: P-23AWW0WKM7 — Triciclo Infantil Ultra Bikes Top Boy Jr [roda Em Pp] (SKU PAI-124799) (total 13 → 14)
2026-08-17 16:25:54,152 - INFO - ✓ Adição concluída — 14 adicionado(s), 0 não encontrado(s), 0 sem efeito, 0 com código divergente
2026-08-17 16:25:54,152 - INFO - Salvando alterações...
2026-08-17 16:25:54,289 - INFO - ✓ Alterações salvas com sucesso
2026-08-17 16:25:54,290 - INFO - Conferindo resultado final da coleção...
2026-08-17 16:26:00,887 - INFO -   ✓ Contagem final confere: 14 produto(s) na coleção
2026-08-17 16:26:00,888 - INFO - ============================================================
2026-08-17 16:26:00,888 - INFO - ✓ FLUXO CONCLUÍDO
2026-08-17 16:26:00,892 - INFO - ============================================================
2026-08-17 16:26:03,919 - INFO - Chrome fechado
2026-08-17 16:26:03,919 - INFO - ============================================================
2026-08-17 16:26:03,919 - INFO - RESUMO DE TEMPOS POR FASE (MEDIR_TEMPOS=True)
2026-08-17 16:26:03,919 - INFO -   busca                       21.47s total |   14x | média 1.534s |  49.5%
2026-08-17 16:26:03,920 - INFO -   remocao_item                11.55s total |   15x | média 0.770s |  26.6%
2026-08-17 16:26:03,920 - INFO -   confirmacao_contador        10.27s total |   14x | média 0.734s |  23.7%
2026-08-17 16:26:03,920 - INFO -   clique                       0.12s total |   14x | média 0.008s |   0.3%
2026-08-17 16:26:03,920 - INFO -   validacao_sku                0.00s total |   14x | média 0.000s |   0.0%
2026-08-17 16:26:03,920 - INFO -   TOTAL MEDIDO                43.41s
2026-08-17 16:26:03,920 - INFO - ============================================================
2026-08-17 16:27:07,910 - INFO - ============================================================
2026-08-17 16:27:07,910 - INFO - INICIANDO ROBÔ DE GERENCIAMENTO DE COLEÇÕES - SPORTBAY
2026-08-17 16:27:07,911 - INFO - ============================================================
2026-08-17 16:27:07,911 - INFO - Lendo planilha: c:\Users\Protork\Desktop\Analise de preços site\Atualização de coleções\ATUALIZAÇÃO DE COLEÇÕES.xlsx
2026-08-17 16:27:08,336 - INFO - Coleção alvo: 'Renove sua Moto'
2026-08-17 16:27:08,336 - INFO - Total de shortHashes a adicionar: 14
2026-08-17 16:27:09,288 - INFO - Acessando página de login...
2026-08-17 16:27:11,879 - INFO - ✓ Login realizado com sucesso
2026-08-17 16:27:11,882 - INFO - Navegando direto para: https://www.marketplace.sportbay.com.br/dashboard/categories
2026-08-17 16:27:13,136 - INFO - ✓ Página de lista de categorias/coleções carregada
2026-08-17 16:27:13,137 - INFO - Procurando coleção: 'Renove sua Moto'
2026-08-17 16:27:17,284 - INFO - ✓ Coleção aberta para edição
2026-08-17 16:27:17,284 - INFO - Removendo produtos atuais da coleção...
2026-08-17 16:27:19,081 - INFO -   ➖ Produto removido (total até agora: 1)
2026-08-17 16:27:19,726 - INFO -   ➖ Produto removido (total até agora: 2)
2026-08-17 16:27:20,417 - INFO -   ➖ Produto removido (total até agora: 3)
2026-08-17 16:27:21,142 - INFO -   ➖ Produto removido (total até agora: 4)
2026-08-17 16:27:21,779 - INFO -   ➖ Produto removido (total até agora: 5)
2026-08-17 16:27:22,393 - INFO -   ➖ Produto removido (total até agora: 6)
2026-08-17 16:27:22,960 - INFO -   ➖ Produto removido (total até agora: 7)
2026-08-17 16:27:23,771 - INFO -   ➖ Produto removido (total até agora: 8)
2026-08-17 16:27:24,509 - INFO -   ➖ Produto removido (total até agora: 9)
2026-08-17 16:27:25,102 - INFO -   ➖ Produto removido (total até agora: 10)
2026-08-17 16:27:25,836 - INFO -   ➖ Produto removido (total até agora: 11)
2026-08-17 16:27:26,520 - INFO -   ➖ Produto removido (total até agora: 12)
2026-08-17 16:27:26,555 - INFO - ✓ Remoção concluída — 12 produto(s) removido(s)
2026-08-17 16:27:26,555 - INFO - Removendo filtro de Merchant 'Sportbay'...
2026-08-17 16:27:26,787 - INFO - ✓ Filtro de Merchant removido e confirmado (tag não existe mais no DOM)
2026-08-17 16:27:26,787 - INFO - Adicionando 14 produto(s) por shortHash...
2026-08-17 16:27:26,811 - INFO -   Total de produtos na coleção antes de adicionar: 0
2026-08-17 16:27:29,144 - INFO -   ➕ Produto adicionado: P-4HY3M9KXZU — Sub Tampa Lateral Titan 150 2004 a 2008 Pro Tork (SKU 3399) (total 0 → 1)
2026-08-17 16:27:31,196 - INFO -   ➕ Produto adicionado: P-CAIEG82S4W — Porta Capacete Biz 100 Anos 1998 1999 2000 2001 2002 2003 2004 Pro Tork Preto (SKU PAI-115770) (total 1 → 2)
2026-08-17 16:27:33,288 - INFO -   ➕ Produto adicionado: P-CW7G39WFQN — Tampa Lateral Fazer 150 2014 Pro Tork (SKU 115234) (total 2 → 3)
2026-08-17 16:27:35,559 - INFO -   ➕ Produto adicionado: P-AKDY0PGAYF — Kit Carenagem 4 Peças Cromo Forte Biz 125 2011/13 (SKU PAI-123481) (total 3 → 4)
2026-08-17 16:27:37,682 - INFO -   ➕ Produto adicionado: P-6MNCJP0RRC — Kit Carenagem 7 Peças CB 300R 2010 a 2012 Pro Tork (SKU 112488) (total 4 → 5)
2026-08-17 16:27:39,826 - INFO -   ➕ Produto adicionado: P-4VQ0IH85ZO — Kit Carenagem Completo NXR Bros 150 2003 a 2008 Pro Tork (SKU 110543) (total 5 → 6)
2026-08-17 16:27:42,146 - INFO -   ➕ Produto adicionado: P-C98ZO4039M — Kit Carenagem 3 Peças YBR 125 2000 a 2008 Pro Tork (SKU 110284) (total 6 → 7)
2026-08-17 16:27:44,265 - INFO -   ➕ Produto adicionado: P-15OZL3T2Y3 — Tampa Lateral Par CB 300R 2010 a 2012 Pro Tork (SKU 2523) (total 7 → 8)
2026-08-17 16:27:46,324 - INFO -   ➕ Produto adicionado: P-DNADGGF8YF — Porta Capacete Pro Tork Biz 100/125 Es/ks 2012 - 2013 (SKU PAI-3391) (total 8 → 9)
2026-08-17 16:27:48,560 - INFO -   ➕ Produto adicionado: P-EWR1ZOVPVG — Protetor de Pernas para Biz 100 1998 a 2005 Pro Tork (SKU 116129) (total 9 → 10)
2026-08-17 16:27:50,826 - INFO -   ➕ Produto adicionado: P-7E00P5CJ3D — Carenagem Do Farol Pro Tork Fazer 150 2014 (SKU PAI-115232) (total 10 → 11)
2026-08-17 16:27:52,966 - INFO -   ➕ Produto adicionado: P-8ICB2LNVUR — Aba do Tanque Par NXR 150 Bros 2009 a 2012 Pro Tork (SKU 2184) (total 11 → 12)
2026-08-17 16:27:55,187 - INFO -   ➕ Produto adicionado: P-7DOF6H3D4U — Paralama Traseiro Biz 100 1998 a 2005 Pro Tork (SKU 2433) (total 12 → 13)
2026-08-17 16:27:57,298 - INFO -   ➕ Produto adicionado: P-5OUVDBZT6N — Capa do Painel Biz 100 KS ES 2012 e 2013 e Biz 125 KS ES + EX 2011 a 2017 Pro Tork (SKU 3387) (total 13 → 14)
2026-08-17 16:27:57,298 - INFO - ✓ Adição concluída — 14 adicionado(s), 0 não encontrado(s), 0 sem efeito, 0 com código divergente
2026-08-17 16:27:57,298 - INFO - Salvando alterações...
2026-08-17 16:27:57,484 - INFO - ✓ Alterações salvas com sucesso
2026-08-17 16:27:57,484 - INFO - Conferindo resultado final da coleção...
2026-08-17 16:28:03,378 - ERROR -   ✗ DIVERGÊNCIA FINAL — esperado: 14 | encontrado na coleção: 0 | diferença: 14
2026-08-17 16:28:05,446 - INFO - ============================================================
2026-08-17 16:28:05,447 - INFO - ✓ FLUXO CONCLUÍDO
2026-08-17 16:28:05,447 - INFO - ============================================================
2026-08-17 16:28:07,640 - INFO - Chrome fechado
2026-08-17 16:28:07,640 - INFO - ============================================================
2026-08-17 16:28:07,640 - INFO - RESUMO DE TEMPOS POR FASE (MEDIR_TEMPOS=True)
2026-08-17 16:28:07,641 - INFO -   busca                       21.38s total |   14x | média 1.527s |  55.6%
2026-08-17 16:28:07,641 - INFO -   confirmacao_contador         8.97s total |   14x | média 0.641s |  23.3%
2026-08-17 16:28:07,641 - INFO -   remocao_item                 8.01s total |   13x | média 0.616s |  20.8%
2026-08-17 16:28:07,641 - INFO -   clique                       0.11s total |   14x | média 0.008s |   0.3%
2026-08-17 16:28:07,641 - INFO -   validacao_sku                0.00s total |   14x | média 0.000s |   0.0%
2026-08-17 16:28:07,641 - INFO -   TOTAL MEDIDO                38.47s
2026-08-17 16:28:07,641 - INFO - ============================================================
2026-08-17 16:32:52,580 - INFO - ============================================================
2026-08-17 16:32:52,580 - INFO - INICIANDO ROBÔ DE GERENCIAMENTO DE COLEÇÕES - SPORTBAY
2026-08-17 16:32:52,581 - INFO - ============================================================
2026-08-17 16:32:52,581 - INFO - Lendo planilha: c:\Users\Protork\Desktop\Analise de preços site\Atualização de coleções\ATUALIZAÇÃO DE COLEÇÕES.xlsx
2026-08-17 16:32:52,866 - INFO - Coleção alvo: 'Mais Vendidos em Capacetes'
2026-08-17 16:32:52,866 - INFO - Total de shortHashes a adicionar: 14
2026-08-17 16:32:53,863 - INFO - Acessando página de login...
2026-08-17 16:32:56,372 - INFO - ✓ Login realizado com sucesso
2026-08-17 16:32:56,374 - INFO - Navegando direto para: https://www.marketplace.sportbay.com.br/dashboard/categories
2026-08-17 16:32:57,976 - INFO - ✓ Página de lista de categorias/coleções carregada
2026-08-17 16:32:57,976 - INFO - Procurando coleção: 'Mais Vendidos em Capacetes'
2026-08-17 16:33:02,141 - INFO - ✓ Coleção aberta para edição
2026-08-17 16:33:02,141 - INFO - Removendo produtos atuais da coleção...
2026-08-17 16:33:04,323 - INFO -   ➖ Produto removido (total até agora: 1)
2026-08-17 16:33:04,984 - INFO -   ➖ Produto removido (total até agora: 2)
2026-08-17 16:33:05,558 - INFO -   ➖ Produto removido (total até agora: 3)
2026-08-17 16:33:06,213 - INFO -   ➖ Produto removido (total até agora: 4)
2026-08-17 16:33:06,918 - INFO -   ➖ Produto removido (total até agora: 5)
2026-08-17 16:33:07,809 - INFO -   ➖ Produto removido (total até agora: 6)
2026-08-17 16:33:08,751 - INFO -   ➖ Produto removido (total até agora: 7)
2026-08-17 16:33:09,344 - INFO -   ➖ Produto removido (total até agora: 8)
2026-08-17 16:33:09,893 - INFO -   ➖ Produto removido (total até agora: 9)
2026-08-17 16:33:10,895 - INFO -   ➖ Produto removido (total até agora: 10)
2026-08-17 16:33:11,708 - INFO -   ➖ Produto removido (total até agora: 11)
2026-08-17 16:33:12,378 - INFO -   ➖ Produto removido (total até agora: 12)
2026-08-17 16:33:12,967 - INFO -   ➖ Produto removido (total até agora: 13)
2026-08-17 16:33:13,648 - INFO -   ➖ Produto removido (total até agora: 14)
2026-08-17 16:33:13,691 - INFO - ✓ Remoção concluída — 14 produto(s) removido(s)
2026-08-17 16:33:13,692 - INFO - Removendo filtro de Merchant 'Sportbay'...
2026-08-17 16:33:13,988 - INFO - ✓ Filtro de Merchant removido e confirmado (tag não existe mais no DOM)
2026-08-17 16:33:13,988 - INFO - Adicionando 14 produto(s) por shortHash...
2026-08-17 16:33:14,011 - INFO -   Total de produtos na coleção antes de adicionar: 0
2026-08-17 16:33:16,482 - INFO -   ➕ Produto adicionado: P-4IQST3SWXP — Capacete Aberto Etceter Open (SKU PAI-121163) (total 0 → 1)
2026-08-17 16:33:18,632 - INFO -   ➕ Produto adicionado: P-73U8ALMTV6 — Capacete Fechado Pro Tork Sport Moto 788 (SKU PAI-110731A) (total 1 → 2)
2026-08-17 16:33:20,766 - INFO -   ➕ Produto adicionado: P-39J97Y80G9 — Capacete Fechado Stealth Concept Brilhante Viseira Fumê Pro Tork (SKU 124963) (total 2 → 3)
2026-08-17 16:33:23,012 - INFO -   ➕ Produto adicionado: P-4PZKUA2LO8 — Capacete Fechado Pro Tork R8 (SKU PAI-116086A) (total 3 → 4)
2026-08-17 16:33:25,225 - INFO -   ➕ Produto adicionado: P-2WKIPYGN9H — Capacete Motocross Infantil Cartoon Racing Pro Tork (SKU 126167) (total 4 → 5)
2026-08-17 16:33:27,393 - INFO -   ➕ Produto adicionado: P-D35IERIY3R — Capacete Infantil Pro Tork Liberty Four Kids Paint Fosco (SKU 125058) (total 5 → 6)
2026-08-17 16:33:29,661 - INFO -   ➕ Produto adicionado: P-1UM3FJCURS — Capacete Aberto New Liberty Three Cristo Pro Tork (SKU 126979) (total 6 → 7)
2026-08-17 16:33:31,934 - INFO -   ➕ Produto adicionado: P-615GJSJ3UB — Capacete Escamoteável Attack Evo Brilhante Pro Tork (SKU 117523) (total 7 → 8)
2026-08-17 16:33:34,036 - INFO -   ➕ Produto adicionado: P-7EIZICTKBL — Capacete Fechado Infantil Etceter Kids (SKU PAI-121164) (total 8 → 9)
2026-08-17 16:33:36,278 - INFO -   ➕ Produto adicionado: P-9RZSC042BT — Capacete Fechado Stealth Concept Pro Tork (SKU 124915) (total 9 → 10)
2026-08-17 16:33:38,462 - INFO -   ➕ Produto adicionado: P-C6V6YBHBBJ — Capacete Fechado Infantil Liberty Four Kids Paint Fosco Viseira Fumê Pro Tork (SKU 126976) (total 10 → 11)
2026-08-17 16:33:40,968 - INFO -   ➕ Produto adicionado: P-9HDNHT0DJT — Capacete Moto Escamoteável Robocop Pro Tork V-pro Jet (SKU 5351) (total 11 → 12)
2026-08-17 16:33:43,523 - INFO -   ➕ Produto adicionado: P-BS9VQ0QB0P — Capacete Fechado Stealth Solid Fosco Viseira Fumê Pro Tork (SKU 124921) (total 12 → 13)
2026-08-17 16:33:45,900 - INFO -   ➕ Produto adicionado: P-BSBAA7ZW6C — Capacete Fechado Pro Tork New Sport Moto (SKU PAI-120304) (total 13 → 14)
2026-08-17 16:33:45,901 - INFO - ✓ Adição concluída — 14 adicionado(s), 0 não encontrado(s), 0 sem efeito, 0 com código divergente
2026-08-17 16:33:45,901 - INFO - Salvando alterações...
2026-08-17 16:33:46,120 - INFO - ✓ Alterações salvas com sucesso
2026-08-17 16:33:46,123 - INFO - Conferindo resultado final da coleção...
2026-08-17 16:33:49,593 - INFO -   ✓ Contagem final confere: 14 produto(s) na coleção
2026-08-17 16:33:49,594 - INFO - ============================================================
2026-08-17 16:33:49,594 - INFO - ✓ FLUXO CONCLUÍDO
2026-08-17 16:33:49,594 - INFO - ============================================================
2026-08-17 16:33:51,958 - INFO - Chrome fechado
2026-08-17 16:33:51,958 - INFO - ============================================================
2026-08-17 16:33:51,958 - INFO - RESUMO DE TEMPOS POR FASE (MEDIR_TEMPOS=True)
2026-08-17 16:33:51,959 - INFO -   busca                       22.11s total |   14x | média 1.579s |  52.9%
2026-08-17 16:33:51,959 - INFO -   remocao_item                 9.91s total |   15x | média 0.660s |  23.7%
2026-08-17 16:33:51,959 - INFO -   confirmacao_contador         9.53s total |   14x | média 0.680s |  22.8%
2026-08-17 16:33:51,959 - INFO -   clique                       0.23s total |   14x | média 0.017s |   0.6%
2026-08-17 16:33:51,959 - INFO -   validacao_sku                0.00s total |   14x | média 0.000s |   0.0%
2026-08-17 16:33:51,960 - INFO -   TOTAL MEDIDO                41.77s
2026-08-17 16:33:51,960 - INFO - ============================================================
2026-08-17 16:37:12,537 - INFO - ============================================================
2026-08-17 16:37:12,538 - INFO - INICIANDO ROBÔ DE GERENCIAMENTO DE COLEÇÕES - SPORTBAY
2026-08-17 16:37:12,538 - INFO - ============================================================
2026-08-17 16:37:12,538 - INFO - Lendo planilha: c:\Users\Protork\Desktop\Analise de preços site\Atualização de coleções\ATUALIZAÇÃO DE COLEÇÕES.xlsx
2026-08-17 16:37:12,855 - INFO - Coleção alvo: 'Feito para Campeões'
2026-08-17 16:37:12,855 - INFO - Total de shortHashes a adicionar: 17
2026-08-17 16:37:13,715 - INFO - Acessando página de login...
2026-08-17 16:37:16,523 - INFO - ✓ Login realizado com sucesso
2026-08-17 16:37:16,524 - INFO - Navegando direto para: https://www.marketplace.sportbay.com.br/dashboard/categories
2026-08-17 16:37:17,724 - INFO - ✓ Página de lista de categorias/coleções carregada
2026-08-17 16:37:17,724 - INFO - Procurando coleção: 'Feito para Campeões'
2026-08-17 16:37:22,052 - INFO - ✓ Coleção aberta para edição
2026-08-17 16:37:22,052 - INFO - Removendo produtos atuais da coleção...
2026-08-17 16:37:23,622 - INFO -   ➖ Produto removido (total até agora: 1)
2026-08-17 16:37:24,508 - INFO -   ➖ Produto removido (total até agora: 2)
2026-08-17 16:37:26,293 - INFO -   ➖ Produto removido (total até agora: 3)
2026-08-17 16:37:27,036 - INFO -   ➖ Produto removido (total até agora: 4)
2026-08-17 16:37:27,780 - INFO -   ➖ Produto removido (total até agora: 5)
2026-08-17 16:37:29,114 - INFO -   ➖ Produto removido (total até agora: 6)
2026-08-17 16:37:29,709 - INFO -   ➖ Produto removido (total até agora: 7)
2026-08-17 16:37:30,536 - INFO -   ➖ Produto removido (total até agora: 8)
2026-08-17 16:37:31,257 - INFO -   ➖ Produto removido (total até agora: 9)
2026-08-17 16:37:31,901 - INFO -   ➖ Produto removido (total até agora: 10)
2026-08-17 16:37:33,045 - INFO -   ➖ Produto removido (total até agora: 11)
2026-08-17 16:37:34,249 - INFO -   ➖ Produto removido (total até agora: 12)
2026-08-17 16:37:34,892 - INFO -   ➖ Produto removido (total até agora: 13)
2026-08-17 16:37:35,527 - INFO -   ➖ Produto removido (total até agora: 14)
2026-08-17 16:37:36,622 - INFO -   ➖ Produto removido (total até agora: 15)
2026-08-17 16:37:36,672 - INFO - ✓ Remoção concluída — 15 produto(s) removido(s)
2026-08-17 16:37:36,672 - INFO - Removendo filtro de Merchant 'Sportbay'...
2026-08-17 16:37:36,920 - INFO - ✓ Filtro de Merchant removido e confirmado (tag não existe mais no DOM)
2026-08-17 16:37:36,921 - INFO - Adicionando 17 produto(s) por shortHash...
2026-08-17 16:37:36,970 - INFO -   Total de produtos na coleção antes de adicionar: 0
2026-08-17 16:37:39,323 - INFO -   ➕ Produto adicionado: P-BSQY1IYTH4 — Colete Motocross Adulto Pro Tork 788 (SKU PAI-212A) (total 0 → 1)
2026-08-17 16:37:41,560 - INFO -   ➕ Produto adicionado: P-3TMFZ2X61I — Capacete Motocross Infantil Fast Next Brilhante Pro Tork (SKU 126794) (total 1 → 2)
2026-08-17 16:37:43,754 - INFO -   ➕ Produto adicionado: P-BCJ67V3E0D — Bota Motocross Jett Lite (SKU 4902) (total 2 → 3)
2026-08-17 16:37:46,138 - INFO -   ➕ Produto adicionado: P-ARZ1I0YYXF — Capacete Motocross Fast Brave Pro Tork (SKU 126957) (total 3 → 4)
2026-08-17 16:37:48,710 - INFO -   ➕ Produto adicionado: P-DAV8NOVD5T — Bota Motocross Articulada Jett Lite New Color Grey & Blue (SKU 126759) (total 4 → 5)
2026-08-17 16:37:51,407 - INFO -   ➕ Produto adicionado: P-5U08870E76 — Capacete Motocross Fast 788 Gray Fosco Pro Tork (SKU 126182) (total 5 → 6)
2026-08-17 16:37:53,612 - INFO -   ➕ Produto adicionado: P-81FWZXPUSM — Colete Motocross Adulto Pro Tork 788 Armor (SKU PAI-2218) (total 6 → 7)
2026-08-17 16:37:55,930 - INFO -   ➕ Produto adicionado: P-DV4Z0GKM9I — Calça Motocross Next 2024 Pro Tork (SKU 126769) (total 7 → 8)
2026-08-17 16:37:58,369 - INFO -   ➕ Produto adicionado: P-EM8FBECS25 — Bota Motocross Combat 4 Pro Tork (SKU 115695) (total 8 → 9)
2026-08-17 16:38:00,496 - INFO -   ➕ Produto adicionado: P-B1KFPH5VK4 — Bota Motocross Infantil Jett Hi-Vis (SKU 126926) (total 9 → 10)
2026-08-17 16:38:02,713 - INFO -   ➕ Produto adicionado: P-DIHLYRYWN6 — Colete Motocross Adulto Jett Lite (SKU PAI-5323) (total 10 → 11)
2026-08-17 16:38:04,934 - INFO -   ➕ Produto adicionado: P-QC7NLBR5Z0 — Calça Motocross Infantil Brave 2025 Pro Tork (SKU 126935) (total 11 → 12)
2026-08-17 16:38:07,060 - INFO -   ➕ Produto adicionado: P-7Z0H3SPN5T — Camisa Motocross Next 2024 Pro Tork (SKU 126771) (total 12 → 13)
2026-08-17 16:38:09,427 - INFO -   ➕ Produto adicionado: P-6BU1G6ZRUP — Camisa Motocross Infantil Brave 2025 Pro Tork (SKU 126934) (total 13 → 14)
2026-08-17 16:38:11,923 - INFO -   ➕ Produto adicionado: P-25HP3G0BQ9 — Camisa Motocross Adulto Pro Tork Insane X (SKU PAI-119603A) (total 14 → 15)
2026-08-17 16:38:14,988 - INFO -   ➕ Produto adicionado: P-CM96VKR8HY — Camisa Motocross Infantil Pro Tork Insane X (SKU 119668) (total 15 → 16)
2026-08-17 16:38:17,083 - INFO -   ➕ Produto adicionado: P-6DIP3IG5HC — Calça Motocross Infantil Insane in Black (SKU 249) (total 16 → 17)
2026-08-17 16:38:17,084 - INFO - ✓ Adição concluída — 17 adicionado(s), 0 não encontrado(s), 0 sem efeito, 0 com código divergente
2026-08-17 16:38:17,084 - INFO - Salvando alterações...
2026-08-17 16:38:17,220 - INFO - ✓ Alterações salvas com sucesso
2026-08-17 16:38:17,221 - INFO - Conferindo resultado final da coleção...
2026-08-17 16:38:19,232 - INFO -   ✓ Contagem final confere: 17 produto(s) na coleção
2026-08-17 16:38:19,233 - INFO - ============================================================
2026-08-17 16:38:19,233 - INFO - ✓ FLUXO CONCLUÍDO
2026-08-17 16:38:19,233 - INFO - ============================================================
2026-08-17 16:38:21,411 - INFO - Chrome fechado
2026-08-17 16:38:21,411 - INFO - ============================================================
2026-08-17 16:38:21,411 - INFO - RESUMO DE TEMPOS POR FASE (MEDIR_TEMPOS=True)
2026-08-17 16:38:21,411 - INFO -   busca                       26.70s total |   17x | média 1.571s |  49.6%
2026-08-17 16:38:21,411 - INFO -   remocao_item                13.73s total |   16x | média 0.858s |  25.5%
2026-08-17 16:38:21,412 - INFO -   confirmacao_contador        13.23s total |   17x | média 0.778s |  24.6%
2026-08-17 16:38:21,412 - INFO -   clique                       0.16s total |   17x | média 0.009s |   0.3%
2026-08-17 16:38:21,412 - INFO -   validacao_sku                0.00s total |   17x | média 0.000s |   0.0%
2026-08-17 16:38:21,412 - INFO -   TOTAL MEDIDO                53.82s
2026-08-17 16:38:21,412 - INFO - ============================================================
2026-08-18 09:53:57,262 - INFO - ============================================================
2026-08-18 09:53:57,263 - INFO - INICIANDO ROBÔ DE GERENCIAMENTO DE COLEÇÕES - SPORTBAY
2026-08-18 09:53:57,263 - INFO - ============================================================
2026-08-18 09:53:57,263 - INFO - Lendo planilha: c:\Users\Protork\Desktop\Analise de preços site\Atualização de coleções\ATUALIZAÇÃO DE COLEÇÕES.xlsx
2026-08-18 09:53:57,556 - INFO - Coleção alvo: 'Carenagens para Biz 100'
2026-08-18 09:53:57,556 - INFO - Total de shortHashes a adicionar: 42
2026-08-18 09:54:01,644 - INFO - Acessando página de login...
2026-08-18 09:54:04,505 - INFO - ✓ Login realizado com sucesso
2026-08-18 09:54:04,505 - INFO - Navegando direto para: https://www.marketplace.sportbay.com.br/dashboard/categories
2026-08-18 09:54:05,735 - INFO - ✓ Página de lista de categorias/coleções carregada
2026-08-18 09:54:05,765 - INFO - Procurando coleção: 'Carenagens para Biz 100'
2026-08-18 09:54:09,708 - INFO - ✓ Coleção aberta para edição
2026-08-18 09:54:09,708 - INFO - Removendo produtos atuais da coleção...
2026-08-18 09:54:11,582 - INFO -   ➖ Produto removido (total até agora: 1)
2026-08-18 09:54:12,187 - INFO -   ➖ Produto removido (total até agora: 2)
2026-08-18 09:54:12,827 - INFO -   ➖ Produto removido (total até agora: 3)
2026-08-18 09:54:13,461 - INFO -   ➖ Produto removido (total até agora: 4)
2026-08-18 09:54:14,080 - INFO -   ➖ Produto removido (total até agora: 5)
2026-08-18 09:54:14,711 - INFO -   ➖ Produto removido (total até agora: 6)
2026-08-18 09:54:15,352 - INFO -   ➖ Produto removido (total até agora: 7)
2026-08-18 09:54:16,249 - INFO -   ➖ Produto removido (total até agora: 8)
2026-08-18 09:54:16,860 - INFO -   ➖ Produto removido (total até agora: 9)
2026-08-18 09:54:17,465 - INFO -   ➖ Produto removido (total até agora: 10)
2026-08-18 09:54:18,038 - INFO -   ➖ Produto removido (total até agora: 11)
2026-08-18 09:54:18,655 - INFO -   ➖ Produto removido (total até agora: 12)
2026-08-18 09:54:19,223 - INFO -   ➖ Produto removido (total até agora: 13)
2026-08-18 09:54:19,884 - INFO -   ➖ Produto removido (total até agora: 14)
2026-08-18 09:54:20,472 - INFO -   ➖ Produto removido (total até agora: 15)
2026-08-18 09:54:21,387 - INFO -   ➖ Produto removido (total até agora: 16)
2026-08-18 09:54:21,957 - INFO -   ➖ Produto removido (total até agora: 17)
2026-08-18 09:54:22,767 - INFO -   ➖ Produto removido (total até agora: 18)
2026-08-18 09:54:23,364 - INFO -   ➖ Produto removido (total até agora: 19)
2026-08-18 09:54:24,145 - INFO -   ➖ Produto removido (total até agora: 20)
2026-08-18 09:54:24,892 - INFO -   ➖ Produto removido (total até agora: 21)
2026-08-18 09:54:25,457 - INFO -   ➖ Produto removido (total até agora: 22)
2026-08-18 09:54:26,187 - INFO -   ➖ Produto removido (total até agora: 23)
2026-08-18 09:54:26,936 - INFO -   ➖ Produto removido (total até agora: 24)
2026-08-18 09:54:27,512 - INFO -   ➖ Produto removido (total até agora: 25)
2026-08-18 09:54:28,076 - INFO -   ➖ Produto removido (total até agora: 26)
2026-08-18 09:54:28,636 - INFO -   ➖ Produto removido (total até agora: 27)
2026-08-18 09:54:29,258 - INFO -   ➖ Produto removido (total até agora: 28)
2026-08-18 09:54:30,032 - INFO -   ➖ Produto removido (total até agora: 29)
2026-08-18 09:54:30,838 - INFO -   ➖ Produto removido (total até agora: 30)
2026-08-18 09:54:31,405 - INFO -   ➖ Produto removido (total até agora: 31)
2026-08-18 09:54:32,099 - INFO -   ➖ Produto removido (total até agora: 32)
2026-08-18 09:54:32,693 - INFO -   ➖ Produto removido (total até agora: 33)
2026-08-18 09:54:33,460 - INFO -   ➖ Produto removido (total até agora: 34)
2026-08-18 09:54:34,032 - INFO -   ➖ Produto removido (total até agora: 35)
2026-08-18 09:54:34,609 - INFO -   ➖ Produto removido (total até agora: 36)
2026-08-18 09:54:35,206 - INFO -   ➖ Produto removido (total até agora: 37)
2026-08-18 09:54:35,765 - INFO -   ➖ Produto removido (total até agora: 38)
2026-08-18 09:54:36,325 - INFO -   ➖ Produto removido (total até agora: 39)
2026-08-18 09:54:36,871 - INFO -   ➖ Produto removido (total até agora: 40)
2026-08-18 09:54:37,761 - INFO -   ➖ Produto removido (total até agora: 41)
2026-08-18 09:54:38,308 - INFO -   ➖ Produto removido (total até agora: 42)
2026-08-18 09:54:39,028 - INFO -   ➖ Produto removido (total até agora: 43)
2026-08-18 09:54:39,572 - INFO -   ➖ Produto removido (total até agora: 44)
2026-08-18 09:54:40,106 - INFO -   ➖ Produto removido (total até agora: 45)
2026-08-18 09:54:40,646 - INFO -   ➖ Produto removido (total até agora: 46)
2026-08-18 09:54:41,421 - INFO -   ➖ Produto removido (total até agora: 47)
2026-08-18 09:54:41,449 - INFO - ✓ Remoção concluída — 47 produto(s) removido(s)
2026-08-18 09:54:41,451 - INFO - Removendo filtro de Merchant 'Sportbay'...
2026-08-18 09:54:41,627 - INFO - ✓ Filtro de Merchant removido e confirmado (tag não existe mais no DOM)
2026-08-18 09:54:41,627 - INFO - Adicionando 42 produto(s) por shortHash...
2026-08-18 09:54:41,649 - INFO -   Total de produtos na coleção antes de adicionar: 0
2026-08-18 09:54:44,110 - INFO -   ➕ Produto adicionado: P-4R8NIZC37Y — Kit Carenagem 5 Peças Pro Tork Biz 100 1998/05 (SKU PAI-112481) (total 0 → 1)
2026-08-18 09:54:46,178 - INFO -   ➕ Produto adicionado: P-5KR3C9OD97 — Porta Capacete Biz 100 Anos 1998 1999 2000 2001 2002 2003 2004 Pro Tork Preto (SKU PAI-115770) (total 1 → 2)
2026-08-18 09:54:48,455 - INFO -   ➕ Produto adicionado: P-BA4JL15P06 — Capa de Bengala para Biz 100 1998 a 2005 Pro Tork (SKU 116110) (total 2 → 3)
2026-08-18 09:54:50,650 - INFO -   ➕ Produto adicionado: P-EWR1ZOVPVG — Protetor de Pernas para Biz 100 1998 a 2005 Pro Tork (SKU 116129) (total 3 → 4)
2026-08-18 09:54:52,830 - INFO -   ➕ Produto adicionado: P-C7D6BD8WW4 — Tampa Lateral Biz 100 1998 a 2005 Pro Tork (SKU 116281) (total 4 → 5)
2026-08-18 09:54:54,944 - INFO -   ➕ Produto adicionado: P-2JMJYS36YU — Capa Do Painel Para Moto Honda Biz 100 1998 A 2005 (SKU PAI-116460) (total 5 → 6)
2026-08-18 09:54:57,125 - INFO -   ➕ Produto adicionado: P-52NC46Q1QS — Tampa Central Do Protetor De Pernas Para Biz 100 1998 A 2004 (SKU PAI-116461) (total 6 → 7)
2026-08-18 09:54:59,312 - INFO -   ➕ Produto adicionado: P-92VAE0VEDZ — Bico Frontal Pro Tork Biz 100 1998 - 2005 (SKU PAI-117203) (total 7 → 8)
2026-08-18 09:55:01,606 - INFO -   ➕ Produto adicionado: P-ATVPV7C8AV — Carenagem Do Farol Pro Tork Biz 100 1998 - 2005 (SKU PAI-117207) (total 8 → 9)
2026-08-18 09:55:03,827 - INFO -   ➕ Produto adicionado: P-COBE7VVM1E — Refletor De Paralama Traseiro Pro Tork Biz 125 Ks/es/+ex 2011/17 / Biz 100 Ks/es 2012/13 (SKU PAI-117229) (total 9 → 10)
2026-08-18 09:55:05,880 - INFO -   ➕ Produto adicionado: P-CG1H4TJ5YH — Trava do Assento Biz 100 KS ES 2012 e 2013 e Biz 125 KS ES + EX 2011 a 2017 Pro Tork (SKU 120287) (total 10 → 11)
2026-08-18 09:55:07,978 - INFO -   ➕ Produto adicionado: P-DR9LPH2E9Z — Kit Carenagem Completo Biz 100 1998 a 2005 Pro Tork (SKU 120404) (total 11 → 12)
2026-08-18 09:55:10,503 - INFO -   ➕ Produto adicionado: P-8RKAJFUM7Z — Bico Frontal Biz 100 1998 a 2005 Cromo Forte (SKU 123292) (total 12 → 13)
2026-08-18 09:55:12,825 - INFO -   ➕ Produto adicionado: P-CJAMT0A705 — Capa De Bengala Cromo Forte Biz 100 1998/05 (SKU PAI-123295) (total 13 → 14)
2026-08-18 09:55:14,912 - INFO -   ➕ Produto adicionado: P-76QKUPZD3P — Capa Do Painel Cromo Forte Biz 100 1998/04 (SKU PAI-123297) (total 14 → 15)
2026-08-18 09:55:17,125 - INFO -   ➕ Produto adicionado: P-A6NWUXPH0K — Capa Do Painel Cromo Forte Biz 125 Ks/es/+ex 2011/17 / Biz 100 Ks/es 2012/13 (SKU PAI-123299) (total 15 → 16)
2026-08-18 09:55:19,429 - INFO -   ➕ Produto adicionado: P-5GWVFL5NKT — Carenagem do Farol Biz+ 100 1998 a 2005 e Biz 100 1998 a 2005 Cromo Forte (SKU 123328) (total 16 → 17)
2026-08-18 09:55:21,772 - INFO -   ➕ Produto adicionado: P-8HE4DYHEWA — Paralama Dianteiro Biz 100 1998 a 2005 Cromo Forte (SKU 123356) (total 17 → 18)
2026-08-18 09:55:23,999 - INFO -   ➕ Produto adicionado: P-7C2USC47PB — Paralama Dianteiro (b) Parte Traseira Cromo Forte Biz 100 2012/13 /biz 125 2011/18 (SKU PAI-123361) (total 18 → 19)
2026-08-18 09:55:26,046 - INFO -   ➕ Produto adicionado: P-A17XDPRUFG — Paralama Traseiro Suporte de Placa Biz 100 1998 a 2005 Cromo Forte (SKU 123381) (total 19 → 20)
2026-08-18 09:55:28,158 - INFO -   ➕ Produto adicionado: P-BB7A9HBU5S — Refletor De Paralama Traseiro Cromo Forte Biz 125 Ks/es/+ex 2011/17 / Biz 100 Ks/es 2012/13 (SKU PAI-123384) (total 20 → 21)
2026-08-18 09:55:30,397 - INFO -   ➕ Produto adicionado: P-3IN3U7GMBL — Porta Capacete Cromo Forte Biz 100 1998 à 2005 (SKU PAI-123405) (total 21 → 22)
2026-08-18 09:55:32,464 - INFO -   ➕ Produto adicionado: P-5T0UQZIZBT — Porta Capacete Cromo Forte Biz 125 Ks/es/+ex 2011/17 / Biz 100 Ks/es 2012/13 (SKU PAI-123407) (total 22 → 23)
2026-08-18 09:55:34,544 - INFO -   ➕ Produto adicionado: P-6IAPP1OZ7E — Protetor de Pernas para Biz 100 1998 a 2005 Cromo Forte (SKU 123408) (total 23 → 24)
2026-08-18 09:55:36,766 - INFO -   ➕ Produto adicionado: P-82BDAN4PZZ — Tampa Central Protetor de Pernas Biz 100 1998 a 2004 Cromo Forte (SKU 123412) (total 24 → 25)
2026-08-18 09:55:38,864 - INFO -   ➕ Produto adicionado: P-8AU83KQUWA — Sub-tampa Lateral Cromo Forte Biz 125 Ks/es/+ex 11/17 / Biz 100 2012/13 (par) (SKU PAI-123445) (total 25 → 26)
2026-08-18 09:55:40,908 - INFO -   ➕ Produto adicionado: P-8DAG2AGLQF — Trava Assento Biz 125 KS ES + EX 2011 a 2017 e Biz 100 KS ES 2012 e 2013 Cromo Forte (SKU 123477) (total 26 → 27)
2026-08-18 09:55:43,371 - INFO -   ➕ Produto adicionado: P-2D9JYHJPCZ — Kit Carenagem 5 Peças Cromo Forte Biz 100 1998/05 (SKU PAI-123482) (total 27 → 28)
2026-08-18 09:55:46,444 - WARNING -   ⚠ shortHash 'P-3UGZV3M697': código '2258P' não bate com o SKU da linha ('2258', Merchant: 'Sportbay') — pulando para não arriscar adicionar o produto errado
2026-08-18 09:55:49,576 - WARNING -   ⚠ shortHash 'P-BHYUY22398': código '2259P' não bate com o SKU da linha ('2259', Merchant: 'Sportbay') — pulando para não arriscar adicionar o produto errado
2026-08-18 09:55:52,707 - WARNING -   ⚠ shortHash 'P-27WGNTGWTM': código '2260P' não bate com o SKU da linha ('2260', Merchant: 'Sportbay') — pulando para não arriscar adicionar o produto errado
2026-08-18 09:55:54,947 - INFO -   ➕ Produto adicionado: P-7JHM2IRU80 — Paralama Dianteiro Biz 100 1998 a 1999 Pro Tork (SKU 2261) (total 28 → 29)
2026-08-18 09:55:57,165 - INFO -   ➕ Produto adicionado: P-ED5MXLSK4Y — Paralama Dianteiro Biz 100 2000 a 2005 Pro Tork (SKU 2264) (total 29 → 30)
2026-08-18 09:55:59,261 - INFO -   ➕ Produto adicionado: P-5Z2ZWHLQ67 — Paralama Dianteiro Biz 100 + 2002 e 2003 Pro Tork (SKU 2278) (total 30 → 31)
2026-08-18 09:56:01,558 - INFO -   ➕ Produto adicionado: P-C2T9VD8EBV — Paralama Dianteiro Biz 100 ES KS 2012 e 2013 e Biz 125 KS ES + 2011 a 2016 Pro Tork (SKU 2303) (total 31 → 32)
2026-08-18 09:56:03,657 - INFO -   ➕ Produto adicionado: P-7DOF6H3D4U — Paralama Traseiro Biz 100 1998 a 2005 Pro Tork (SKU 2433) (total 32 → 33)
2026-08-18 09:56:05,746 - INFO -   ➕ Produto adicionado: P-E3GHZEP0WL — Tampa Lateral Par Biz 100 KS ES 2012 e 2013 e Biz 125 KS ES + EX  2012 e 2013 Pro Tork (SKU 2501) (total 33 → 34)
2026-08-18 09:56:08,032 - INFO -   ➕ Produto adicionado: P-3NR5Q2OKA8 — Tampa Lateral Par Biz 100 KS ES 2012 e 2013 e Biz 125 KS ES + EX 2011 e 2016 Pro Tork (SKU 2502) (total 34 → 35)
2026-08-18 09:56:10,131 - INFO -   ➕ Produto adicionado: P-5OUVDBZT6N — Capa do Painel Biz 100 KS ES 2012 e 2013 e Biz 125 KS ES + EX 2011 a 2017 Pro Tork (SKU 3387) (total 35 → 36)
2026-08-18 09:56:12,175 - INFO -   ➕ Produto adicionado: P-9YIDYV1F39 — Paralama Dianteiro B Biz 125 KS ES + EX 2011 a 2018 e Biz 100 2012 a 2013 Pro Tork (SKU 3388) (total 36 → 37)
2026-08-18 09:56:14,348 - INFO -   ➕ Produto adicionado: P-DNADGGF8YF — Porta Capacete Pro Tork Biz 100/125 Es/ks 2012 - 2013 (SKU PAI-3391) (total 37 → 38)
2026-08-18 09:56:16,423 - INFO -   ➕ Produto adicionado: P-8Q406LN0ME — Sub Tampa Lateral Biz 100 2012 e 2013 e Biz 125 KS ES + EX 2011 a 2017 Pro Tork (SKU 3392) (total 38 → 39)
2026-08-18 09:56:16,424 - INFO - ✓ Adição concluída — 39 adicionado(s), 0 não encontrado(s), 0 sem efeito, 3 com código divergente
2026-08-18 09:56:16,424 - WARNING -   shortHashes com código divergente do SKU (não adicionados): ['P-3UGZV3M697', 'P-BHYUY22398', 'P-27WGNTGWTM']
2026-08-18 09:56:16,424 - INFO - Salvando alterações...
2026-08-18 09:56:16,559 - INFO - ✓ Alterações salvas com sucesso
2026-08-18 09:56:16,560 - INFO - Conferindo resultado final da coleção...
2026-08-18 09:56:21,824 - ERROR -   ✗ DIVERGÊNCIA FINAL — esperado: 42 | encontrado na coleção: 0 | diferença: 42
2026-08-18 09:56:23,928 - INFO - ============================================================
2026-08-18 09:56:23,928 - INFO - ✓ FLUXO CONCLUÍDO
2026-08-18 09:56:23,928 - INFO - ============================================================
2026-08-18 09:56:26,137 - INFO - Chrome fechado
2026-08-18 09:56:26,137 - INFO - ============================================================
2026-08-18 09:56:26,137 - INFO - RESUMO DE TEMPOS POR FASE (MEDIR_TEMPOS=True)
2026-08-18 09:56:26,138 - INFO -   busca                       69.05s total |   42x | média 1.644s |  55.1%
2026-08-18 09:56:26,138 - INFO -   remocao_item                30.49s total |   48x | média 0.635s |  24.3%
2026-08-18 09:56:26,138 - INFO -   confirmacao_contador        25.40s total |   39x | média 0.651s |  20.3%
2026-08-18 09:56:26,139 - INFO -   clique                       0.31s total |   39x | média 0.008s |   0.2%
2026-08-18 09:56:26,139 - INFO -   validacao_sku                0.00s total |   42x | média 0.000s |   0.0%
2026-08-18 09:56:26,139 - INFO -   TOTAL MEDIDO               125.24s
2026-08-18 09:56:26,140 - INFO - ============================================================
2026-08-18 10:09:23,418 - INFO - ============================================================
2026-08-18 10:09:23,418 - INFO - INICIANDO ROBÔ DE GERENCIAMENTO DE COLEÇÕES - SPORTBAY
2026-08-18 10:09:23,419 - INFO - ============================================================
2026-08-18 10:09:23,419 - INFO - Lendo planilha: c:\Users\Protork\Desktop\Analise de preços site\Atualização de coleções\ATUALIZAÇÃO DE COLEÇÕES.xlsx
2026-08-18 10:09:23,715 - INFO - Coleção alvo: 'Carenagens para Biz 100'
2026-08-18 10:09:23,716 - INFO - Total de shortHashes a adicionar: 42
2026-08-18 10:09:24,614 - INFO - Acessando página de login...
2026-08-18 10:09:27,880 - INFO - ✓ Login realizado com sucesso
2026-08-18 10:09:27,882 - INFO - Navegando direto para: https://www.marketplace.sportbay.com.br/dashboard/categories
2026-08-18 10:09:29,313 - INFO - ✓ Página de lista de categorias/coleções carregada
2026-08-18 10:09:29,324 - INFO - Procurando coleção: 'Carenagens para Biz 100'
2026-08-18 10:09:33,439 - INFO - ✓ Coleção aberta para edição
2026-08-18 10:09:33,439 - INFO - Removendo produtos atuais da coleção...
2026-08-18 10:09:35,399 - INFO -   ➖ Produto removido (total até agora: 1)
2026-08-18 10:09:36,011 - INFO -   ➖ Produto removido (total até agora: 2)
2026-08-18 10:09:36,773 - INFO -   ➖ Produto removido (total até agora: 3)
2026-08-18 10:09:37,438 - INFO -   ➖ Produto removido (total até agora: 4)
2026-08-18 10:09:38,292 - INFO -   ➖ Produto removido (total até agora: 5)
2026-08-18 10:09:38,924 - INFO -   ➖ Produto removido (total até agora: 6)
2026-08-18 10:09:39,787 - INFO -   ➖ Produto removido (total até agora: 7)
2026-08-18 10:09:40,426 - INFO -   ➖ Produto removido (total até agora: 8)
2026-08-18 10:09:41,168 - INFO -   ➖ Produto removido (total até agora: 9)
2026-08-18 10:09:41,974 - INFO -   ➖ Produto removido (total até agora: 10)
2026-08-18 10:09:42,580 - INFO -   ➖ Produto removido (total até agora: 11)
2026-08-18 10:09:43,203 - INFO -   ➖ Produto removido (total até agora: 12)
2026-08-18 10:09:43,799 - INFO -   ➖ Produto removido (total até agora: 13)
2026-08-18 10:09:44,477 - INFO -   ➖ Produto removido (total até agora: 14)
2026-08-18 10:09:45,245 - INFO -   ➖ Produto removido (total até agora: 15)
2026-08-18 10:09:45,868 - INFO -   ➖ Produto removido (total até agora: 16)
2026-08-18 10:09:46,508 - INFO -   ➖ Produto removido (total até agora: 17)
2026-08-18 10:09:47,096 - INFO -   ➖ Produto removido (total até agora: 18)
2026-08-18 10:09:47,912 - INFO -   ➖ Produto removido (total até agora: 19)
2026-08-18 10:09:48,503 - INFO -   ➖ Produto removido (total até agora: 20)
2026-08-18 10:09:49,250 - INFO -   ➖ Produto removido (total até agora: 21)
2026-08-18 10:09:50,005 - INFO -   ➖ Produto removido (total até agora: 22)
2026-08-18 10:09:50,753 - INFO -   ➖ Produto removido (total até agora: 23)
2026-08-18 10:09:51,423 - INFO -   ➖ Produto removido (total até agora: 24)
2026-08-18 10:09:52,028 - INFO -   ➖ Produto removido (total até agora: 25)
2026-08-18 10:09:52,731 - INFO -   ➖ Produto removido (total até agora: 26)
2026-08-18 10:09:53,311 - INFO -   ➖ Produto removido (total até agora: 27)
2026-08-18 10:09:54,076 - INFO -   ➖ Produto removido (total até agora: 28)
2026-08-18 10:09:54,827 - INFO -   ➖ Produto removido (total até agora: 29)
2026-08-18 10:09:55,413 - INFO -   ➖ Produto removido (total até agora: 30)
2026-08-18 10:09:56,144 - INFO -   ➖ Produto removido (total até agora: 31)
2026-08-18 10:09:56,712 - INFO -   ➖ Produto removido (total até agora: 32)
2026-08-18 10:09:57,422 - INFO -   ➖ Produto removido (total até agora: 33)
2026-08-18 10:09:58,123 - INFO -   ➖ Produto removido (total até agora: 34)
2026-08-18 10:09:58,863 - INFO -   ➖ Produto removido (total até agora: 35)
2026-08-18 10:09:59,513 - INFO -   ➖ Produto removido (total até agora: 36)
2026-08-18 10:10:00,200 - INFO -   ➖ Produto removido (total até agora: 37)
2026-08-18 10:10:00,797 - INFO -   ➖ Produto removido (total até agora: 38)
2026-08-18 10:10:01,547 - INFO -   ➖ Produto removido (total até agora: 39)
2026-08-18 10:10:01,610 - INFO - ✓ Remoção concluída — 39 produto(s) removido(s)
2026-08-18 10:10:01,611 - INFO - Removendo filtro de Merchant 'Sportbay'...
2026-08-18 10:10:01,845 - INFO - ✓ Filtro de Merchant removido e confirmado (tag não existe mais no DOM)
2026-08-18 10:10:01,847 - INFO - Adicionando 42 produto(s) por shortHash...
2026-08-18 10:10:01,903 - INFO -   Total de produtos na coleção antes de adicionar: 0
2026-08-18 10:10:04,195 - INFO -   ➕ Produto adicionado: P-4R8NIZC37Y — Kit Carenagem 5 Peças Pro Tork Biz 100 1998/05 (SKU PAI-112481) (total 0 → 1)
2026-08-18 10:10:06,303 - INFO -   ➕ Produto adicionado: P-5KR3C9OD97 — Porta Capacete Biz 100 Anos 1998 1999 2000 2001 2002 2003 2004 Pro Tork Preto (SKU PAI-115770) (total 1 → 2)
2026-08-18 10:10:08,605 - INFO -   ➕ Produto adicionado: P-BA4JL15P06 — Capa de Bengala para Biz 100 1998 a 2005 Pro Tork (SKU 116110) (total 2 → 3)
2026-08-18 10:10:10,802 - INFO -   ➕ Produto adicionado: P-EWR1ZOVPVG — Protetor de Pernas para Biz 100 1998 a 2005 Pro Tork (SKU 116129) (total 3 → 4)
2026-08-18 10:10:12,919 - INFO -   ➕ Produto adicionado: P-C7D6BD8WW4 — Tampa Lateral Biz 100 1998 a 2005 Pro Tork (SKU 116281) (total 4 → 5)
2026-08-18 10:10:15,179 - INFO -   ➕ Produto adicionado: P-2JMJYS36YU — Capa Do Painel Para Moto Honda Biz 100 1998 A 2005 (SKU PAI-116460) (total 5 → 6)
2026-08-18 10:10:17,288 - INFO -   ➕ Produto adicionado: P-52NC46Q1QS — Tampa Central Do Protetor De Pernas Para Biz 100 1998 A 2004 (SKU PAI-116461) (total 6 → 7)
2026-08-18 10:10:19,426 - INFO -   ➕ Produto adicionado: P-92VAE0VEDZ — Bico Frontal Pro Tork Biz 100 1998 - 2005 (SKU PAI-117203) (total 7 → 8)
2026-08-18 10:10:21,709 - INFO -   ➕ Produto adicionado: P-ATVPV7C8AV — Carenagem Do Farol Pro Tork Biz 100 1998 - 2005 (SKU PAI-117207) (total 8 → 9)
2026-08-18 10:10:23,783 - INFO -   ➕ Produto adicionado: P-COBE7VVM1E — Refletor De Paralama Traseiro Pro Tork Biz 125 Ks/es/+ex 2011/17 / Biz 100 Ks/es 2012/13 (SKU PAI-117229) (total 9 → 10)
2026-08-18 10:10:25,869 - INFO -   ➕ Produto adicionado: P-CG1H4TJ5YH — Trava do Assento Biz 100 KS ES 2012 e 2013 e Biz 125 KS ES + EX 2011 a 2017 Pro Tork (SKU 120287) (total 10 → 11)
2026-08-18 10:10:28,239 - INFO -   ➕ Produto adicionado: P-DR9LPH2E9Z — Kit Carenagem Completo Biz 100 1998 a 2005 Pro Tork (SKU 120404) (total 11 → 12)
2026-08-18 10:10:30,563 - INFO -   ➕ Produto adicionado: P-8RKAJFUM7Z — Bico Frontal Biz 100 1998 a 2005 Cromo Forte (SKU 123292) (total 12 → 13)
2026-08-18 10:10:32,778 - INFO -   ➕ Produto adicionado: P-CJAMT0A705 — Capa De Bengala Cromo Forte Biz 100 1998/05 (SKU PAI-123295) (total 13 → 14)
2026-08-18 10:10:35,033 - INFO -   ➕ Produto adicionado: P-76QKUPZD3P — Capa Do Painel Cromo Forte Biz 100 1998/04 (SKU PAI-123297) (total 14 → 15)
2026-08-18 10:10:37,197 - INFO -   ➕ Produto adicionado: P-A6NWUXPH0K — Capa Do Painel Cromo Forte Biz 125 Ks/es/+ex 2011/17 / Biz 100 Ks/es 2012/13 (SKU PAI-123299) (total 15 → 16)
2026-08-18 10:10:39,568 - INFO -   ➕ Produto adicionado: P-5GWVFL5NKT — Carenagem do Farol Biz+ 100 1998 a 2005 e Biz 100 1998 a 2005 Cromo Forte (SKU 123328) (total 16 → 17)
2026-08-18 10:10:41,878 - INFO -   ➕ Produto adicionado: P-8HE4DYHEWA — Paralama Dianteiro Biz 100 1998 a 2005 Cromo Forte (SKU 123356) (total 17 → 18)
2026-08-18 10:10:43,991 - INFO -   ➕ Produto adicionado: P-7C2USC47PB — Paralama Dianteiro (b) Parte Traseira Cromo Forte Biz 100 2012/13 /biz 125 2011/18 (SKU PAI-123361) (total 18 → 19)
2026-08-18 10:10:46,113 - INFO -   ➕ Produto adicionado: P-A17XDPRUFG — Paralama Traseiro Suporte de Placa Biz 100 1998 a 2005 Cromo Forte (SKU 123381) (total 19 → 20)
2026-08-18 10:10:48,389 - INFO -   ➕ Produto adicionado: P-BB7A9HBU5S — Refletor De Paralama Traseiro Cromo Forte Biz 125 Ks/es/+ex 2011/17 / Biz 100 Ks/es 2012/13 (SKU PAI-123384) (total 20 → 21)
2026-08-18 10:10:50,513 - INFO -   ➕ Produto adicionado: P-3IN3U7GMBL — Porta Capacete Cromo Forte Biz 100 1998 à 2005 (SKU PAI-123405) (total 21 → 22)
2026-08-18 10:10:52,610 - INFO -   ➕ Produto adicionado: P-5T0UQZIZBT — Porta Capacete Cromo Forte Biz 125 Ks/es/+ex 2011/17 / Biz 100 Ks/es 2012/13 (SKU PAI-123407) (total 22 → 23)
2026-08-18 10:10:54,872 - INFO -   ➕ Produto adicionado: P-6IAPP1OZ7E — Protetor de Pernas para Biz 100 1998 a 2005 Cromo Forte (SKU 123408) (total 23 → 24)
2026-08-18 10:10:56,997 - INFO -   ➕ Produto adicionado: P-82BDAN4PZZ — Tampa Central Protetor de Pernas Biz 100 1998 a 2004 Cromo Forte (SKU 123412) (total 24 → 25)
2026-08-18 10:10:59,135 - INFO -   ➕ Produto adicionado: P-8AU83KQUWA — Sub-tampa Lateral Cromo Forte Biz 125 Ks/es/+ex 11/17 / Biz 100 2012/13 (par) (SKU PAI-123445) (total 25 → 26)
2026-08-18 10:11:01,417 - INFO -   ➕ Produto adicionado: P-8DAG2AGLQF — Trava Assento Biz 125 KS ES + EX 2011 a 2017 e Biz 100 KS ES 2012 e 2013 Cromo Forte (SKU 123477) (total 26 → 27)
2026-08-18 10:11:03,633 - INFO -   ➕ Produto adicionado: P-2D9JYHJPCZ — Kit Carenagem 5 Peças Cromo Forte Biz 100 1998/05 (SKU PAI-123482) (total 27 → 28)
2026-08-18 10:11:05,808 - INFO -   ➕ Produto adicionado: P-3UGZV3M697 — Paralama Dianteiro Biz 100 1998 a 2001 Pro Tork (SKU 2258) (total 28 → 29)
2026-08-18 10:11:08,183 - INFO -   ➕ Produto adicionado: P-BHYUY22398 — Paralama Dianteiro Biz 100 1998 e 1999 Pro Tork (SKU 2259) (total 29 → 30)
2026-08-18 10:11:10,293 - INFO -   ➕ Produto adicionado: P-27WGNTGWTM — Paralama Dianteiro Biz 100 1998 e 1999 Pro Tork (SKU 2260) (total 30 → 31)
2026-08-18 10:11:12,500 - INFO -   ➕ Produto adicionado: P-7JHM2IRU80 — Paralama Dianteiro Biz 100 1998 a 1999 Pro Tork (SKU 2261) (total 31 → 32)
2026-08-18 10:11:14,869 - INFO -   ➕ Produto adicionado: P-ED5MXLSK4Y — Paralama Dianteiro Biz 100 2000 a 2005 Pro Tork (SKU 2264) (total 32 → 33)
2026-08-18 10:11:17,046 - INFO -   ➕ Produto adicionado: P-5Z2ZWHLQ67 — Paralama Dianteiro Biz 100 + 2002 e 2003 Pro Tork (SKU 2278) (total 33 → 34)
2026-08-18 10:11:19,247 - INFO -   ➕ Produto adicionado: P-C2T9VD8EBV — Paralama Dianteiro Biz 100 ES KS 2012 e 2013 e Biz 125 KS ES + 2011 a 2016 Pro Tork (SKU 2303) (total 34 → 35)
2026-08-18 10:11:21,610 - INFO -   ➕ Produto adicionado: P-7DOF6H3D4U — Paralama Traseiro Biz 100 1998 a 2005 Pro Tork (SKU 2433) (total 35 → 36)
2026-08-18 10:11:23,756 - INFO -   ➕ Produto adicionado: P-E3GHZEP0WL — Tampa Lateral Par Biz 100 KS ES 2012 e 2013 e Biz 125 KS ES + EX  2012 e 2013 Pro Tork (SKU 2501) (total 36 → 37)
2026-08-18 10:11:25,876 - INFO -   ➕ Produto adicionado: P-3NR5Q2OKA8 — Tampa Lateral Par Biz 100 KS ES 2012 e 2013 e Biz 125 KS ES + EX 2011 e 2016 Pro Tork (SKU 2502) (total 37 → 38)
2026-08-18 10:11:28,218 - INFO -   ➕ Produto adicionado: P-5OUVDBZT6N — Capa do Painel Biz 100 KS ES 2012 e 2013 e Biz 125 KS ES + EX 2011 a 2017 Pro Tork (SKU 3387) (total 38 → 39)
2026-08-18 10:11:30,398 - INFO -   ➕ Produto adicionado: P-9YIDYV1F39 — Paralama Dianteiro B Biz 125 KS ES + EX 2011 a 2018 e Biz 100 2012 a 2013 Pro Tork (SKU 3388) (total 39 → 40)
2026-08-18 10:11:32,533 - INFO -   ➕ Produto adicionado: P-DNADGGF8YF — Porta Capacete Pro Tork Biz 100/125 Es/ks 2012 - 2013 (SKU PAI-3391) (total 40 → 41)
2026-08-18 10:11:34,817 - INFO -   ➕ Produto adicionado: P-8Q406LN0ME — Sub Tampa Lateral Biz 100 2012 e 2013 e Biz 125 KS ES + EX 2011 a 2017 Pro Tork (SKU 3392) (total 41 → 42)
2026-08-18 10:11:34,818 - INFO - ✓ Adição concluída — 42 adicionado(s), 0 não encontrado(s), 0 sem efeito, 0 com código divergente
2026-08-18 10:11:34,818 - INFO - Salvando alterações...
2026-08-18 10:11:34,965 - INFO - ✓ Alterações salvas com sucesso
2026-08-18 10:11:34,965 - INFO - Conferindo resultado final da coleção...
2026-08-18 10:11:40,335 - ERROR -   ✗ DIVERGÊNCIA FINAL — esperado: 42 | encontrado na coleção: 0 | diferença: 42
2026-08-18 10:11:42,437 - INFO - ============================================================
2026-08-18 10:11:42,437 - INFO - ✓ FLUXO CONCLUÍDO
2026-08-18 10:11:42,438 - INFO - ============================================================
2026-08-18 10:11:44,711 - INFO - Chrome fechado
2026-08-18 10:11:44,711 - INFO - ============================================================
2026-08-18 10:11:44,712 - INFO - RESUMO DE TEMPOS POR FASE (MEDIR_TEMPOS=True)
2026-08-18 10:11:44,712 - INFO -   busca                       65.46s total |   42x | média 1.559s |  54.7%
2026-08-18 10:11:44,712 - INFO -   confirmacao_contador        27.04s total |   42x | média 0.644s |  22.6%
2026-08-18 10:11:44,712 - INFO -   remocao_item                26.83s total |   40x | média 0.671s |  22.4%
2026-08-18 10:11:44,712 - INFO -   clique                       0.40s total |   42x | média 0.009s |   0.3%
2026-08-18 10:11:44,713 - INFO -   validacao_sku                0.00s total |   42x | média 0.000s |   0.0%
2026-08-18 10:11:44,713 - INFO -   TOTAL MEDIDO               119.73s
2026-08-18 10:11:44,713 - INFO - ============================================================
2026-08-18 10:27:45,150 - INFO - ============================================================
2026-08-18 10:27:45,150 - INFO - INICIANDO ROBÔ DE GERENCIAMENTO DE COLEÇÕES - SPORTBAY
2026-08-18 10:27:45,150 - INFO - ============================================================
2026-08-18 10:27:45,150 - INFO - Lendo planilha: c:\Users\Protork\Desktop\Analise de preços site\Atualização de coleções\ATUALIZAÇÃO DE COLEÇÕES.xlsx
2026-08-18 10:27:45,464 - INFO - Coleção alvo: 'Carenagens para CB 300'
2026-08-18 10:27:45,464 - INFO - Total de shortHashes a adicionar: 33
2026-08-18 10:27:46,304 - INFO - Acessando página de login...
2026-08-18 10:27:49,224 - INFO - ✓ Login realizado com sucesso
2026-08-18 10:27:49,225 - INFO - Navegando direto para: https://www.marketplace.sportbay.com.br/dashboard/categories
2026-08-18 10:27:50,627 - INFO - ✓ Página de lista de categorias/coleções carregada
2026-08-18 10:27:50,627 - INFO - Procurando coleção: 'Carenagens para CB 300'
2026-08-18 10:27:54,378 - INFO - ✓ Coleção aberta para edição
2026-08-18 10:27:54,378 - INFO - Removendo produtos atuais da coleção...
2026-08-18 10:27:55,570 - INFO - ✓ Coleção já está sem produtos ('Nenhum produto encontrado') — nada a remover, indo direto para a Seleção Manual de Produtos
2026-08-18 10:27:55,572 - INFO - Removendo filtro de Merchant 'Sportbay'...
2026-08-18 10:27:55,859 - INFO - ✓ Filtro de Merchant removido e confirmado (tag não existe mais no DOM)
2026-08-18 10:27:55,860 - INFO - Adicionando 33 produto(s) por shortHash...
2026-08-18 10:27:55,889 - INFO -   Total de produtos na coleção antes de adicionar: 0
2026-08-18 10:27:58,133 - INFO -   ➕ Produto adicionado: P-9E5QA4UOQL — Kit Carenagem 9 Peças Pro Tork Cb 300r 2010/12 (SKU PAI-110262) (total 0 → 1)
2026-08-18 10:28:00,471 - INFO -   ➕ Produto adicionado: P-9EWWFJDJE0 — Kit Carenagem 2 Peças CB 300 2010 a 2012 Pro Tork (SKU 112486) (total 1 → 2)
2026-08-18 10:28:02,705 - INFO -   ➕ Produto adicionado: P-60RT80ME9E — Kit Carenagem 3 Peças CB 300R 2010 a 2012 Pro Tork (SKU 112487) (total 2 → 3)
2026-08-18 10:28:04,881 - INFO -   ➕ Produto adicionado: P-6MNCJP0RRC — Kit Carenagem 7 Peças CB 300R 2010 a 2012 Pro Tork (SKU 112488) (total 3 → 4)
2026-08-18 10:28:07,183 - INFO -   ➕ Produto adicionado: P-9C9PVXTDY6 — Carenagem Lateral Do Farol Pro Tork Cb 300r 2010/13 (par) (SKU PAI-117215) (total 4 → 5)
2026-08-18 10:28:09,276 - INFO -   ➕ Produto adicionado: P-29I6XWHMY4 — Paralama Dianteiro Pro Tork Cb 300r 2013 (SKU PAI-117226) (total 5 → 6)
2026-08-18 10:28:11,440 - INFO -   ➕ Produto adicionado: P-CQR2RGXOZD — Rabeta Pro Tork Cb 300r 2013 (SKU PAI-117232) (total 6 → 7)
2026-08-18 10:28:13,706 - INFO -   ➕ Produto adicionado: P-4ZCKH0RJS5 — Suporte da Aba do Tanque CB 300R 2010 a 2012 Pro Tork (SKU 121141) (total 7 → 8)
2026-08-18 10:28:15,894 - INFO -   ➕ Produto adicionado: P-B3MUIZ0XRN — Placa da Carenagem da Aba do Tanque CB 300R 2010 a 2012 Pro Tork (SKU 121158) (total 8 → 9)
2026-08-18 10:28:17,983 - INFO -   ➕ Produto adicionado: P-B76MZ1KGKZ — Par Aba do Tanque CB 300R 2010 a 2012 Cromo Forte (SKU 123283) (total 9 → 10)
2026-08-18 10:28:20,261 - INFO -   ➕ Produto adicionado: P-CTOFPD7O9H — Suporte da Aba do Tanque CB 300R 2010 a 2012 Cromo Forte (SKU 123284) (total 10 → 11)
2026-08-18 10:28:22,377 - INFO -   ➕ Produto adicionado: P-1HACPM8YE6 — Placa Carenagem Aba do Tanque CB 300R 2010 a 2012 Cromo Forte (SKU 123285) (total 11 → 12)
2026-08-18 10:28:24,495 - INFO -   ➕ Produto adicionado: P-BNNHF9QCL1 — Carenagem do Farol CB 300R 2010 a 2015 Cromo Forte (SKU 123331) (total 12 → 13)
2026-08-18 10:28:27,056 - INFO -   ➕ Produto adicionado: P-CHK3R70OLC — Carenagem Lateral Do Farol Cromo Forte Cb 300r 2010/13 (SKU PAI-123346) (total 13 → 14)
2026-08-18 10:28:29,259 - INFO -   ➕ Produto adicionado: P-6IJAN8DALQ — Paralama Dianteiro CB 300R 2010 a 2013 Cromo Forte (SKU 123363) (total 14 → 15)
2026-08-18 10:28:31,371 - INFO -   ➕ Produto adicionado: P-303ZRJ0OF8 — Paralama Traseiro Suporte De Placa Cromo Forte Cb 300r 2010/12 (SKU PAI-123385) (total 15 → 16)
2026-08-18 10:28:33,723 - INFO -   ➕ Produto adicionado: P-CD7ATNUDKA — Rabeta CB 300R 2010 a 2013 Cromo Forte (SKU 123419) (total 16 → 17)
2026-08-18 10:28:35,838 - INFO -   ➕ Produto adicionado: P-3A3B9MMLOJ — Rabeta Central CB 300R 2010 a 2012 Cromo Forte (SKU 123420) (total 17 → 18)
2026-08-18 10:28:37,964 - INFO -   ➕ Produto adicionado: P-AXDU9MHTF3 — Rabeta Lateral Traseira CB 300R 2009 a 2012 Cromo Forte (SKU 123421) (total 18 → 19)
2026-08-18 10:28:40,293 - INFO -   ➕ Produto adicionado: P-88MZ6FF65M — Kit Carenagem 2 Peças Cromo Forte Cb 300r 2010/12 (SKU PAI-123484) (total 19 → 20)
2026-08-18 10:28:42,448 - INFO -   ➕ Produto adicionado: P-BJFB6UVGYE — Kit Carenagem 3 Peças Cromo Forte Cb 300r 2010/12 (SKU PAI-123485) (total 20 → 21)
2026-08-18 10:28:44,599 - INFO -   ➕ Produto adicionado: P-F3NNJ95N1K — Kit Carenagem 7 Peças CB 300R 2010 a 2012 Cromo Forte (SKU 123486) (total 21 → 22)
2026-08-18 10:28:46,907 - INFO -   ➕ Produto adicionado: P-5BHA8ZQKDA — Kit Carenagem 9 Peças Cromo Forte Cb 300r 2010/12 (SKU PAI-123487) (total 22 → 23)
2026-08-18 10:28:49,107 - INFO -   ➕ Produto adicionado: P-8X6GMMEKOS — Aba do Tanque Par CB 300R 2010 e 2012 Pro Tork (SKU 2198) (total 23 → 24)
2026-08-18 10:28:51,203 - INFO -   ➕ Produto adicionado: P-1BCD17847G — Carenagem do Farol CB 300R 2010 a 2015 Pro Tork (SKU 2316) (total 24 → 25)
2026-08-18 10:28:53,543 - INFO -   ➕ Produto adicionado: P-6R5ZRWZQBY — Paralama Dianteiro CB 300R 2010 a 2013 Pro Tork (SKU 2330) (total 25 → 26)
2026-08-18 10:28:55,670 - INFO -   ➕ Produto adicionado: P-AY2LAFYWNA — Paralama Traseiro Pro Tork Cb 300r 2010 - 2012 Preto (SKU PAI-2444) (total 26 → 27)
2026-08-18 10:28:57,825 - INFO -   ➕ Produto adicionado: P-6MZQ8PHXGG — Rabeta CB 300R 2010 a 2012 Pro Tork (SKU 2473) (total 27 → 28)
2026-08-18 10:29:00,061 - INFO -   ➕ Produto adicionado: P-A3TT358R7M — Rabeta Completa CB 300R 2012 a 2013 Pro Tork (SKU 2480) (total 28 → 29)
2026-08-18 10:29:02,181 - INFO -   ➕ Produto adicionado: P-BL1RSR8UEA — Rabeta Central Pro Tork Cb 300r 2010/12 (SKU PAI-2481) (total 29 → 30)
2026-08-18 10:29:04,373 - INFO -   ➕ Produto adicionado: P-7IZC0U82HY — Rabeta Lateral Traseira CB 300R 2009 a 2012 Pro Tork (SKU 2482) (total 30 → 31)
2026-08-18 10:29:06,822 - INFO -   ➕ Produto adicionado: P-15OZL3T2Y3 — Tampa Lateral Par CB 300R 2010 a 2012 Pro Tork (SKU 2523) (total 31 → 32)
2026-08-18 10:29:09,018 - INFO -   ➕ Produto adicionado: P-7UIU40G3W2 — Carenagem Lateral Do Farol Pro Tork Cb 300r 2010/13 (par) (SKU PAI-3731) (total 32 → 33)
2026-08-18 10:29:09,018 - INFO - ✓ Adição concluída — 33 adicionado(s), 0 não encontrado(s), 0 sem efeito, 0 com código divergente
2026-08-18 10:29:09,018 - INFO - Salvando alterações...
2026-08-18 10:29:09,154 - INFO - ✓ Alterações salvas com sucesso
2026-08-18 10:29:09,155 - INFO - Conferindo resultado final da coleção...
2026-08-18 10:29:14,368 - ERROR -   ✗ DIVERGÊNCIA FINAL — esperado: 33 | encontrado na coleção: 0 | diferença: 33
2026-08-18 10:29:16,399 - INFO - ============================================================
2026-08-18 10:29:16,399 - INFO - ✓ FLUXO CONCLUÍDO
2026-08-18 10:29:16,399 - INFO - ============================================================
2026-08-18 10:29:18,591 - INFO - Chrome fechado
2026-08-18 10:29:18,592 - INFO - ============================================================
2026-08-18 10:29:18,592 - INFO - RESUMO DE TEMPOS POR FASE (MEDIR_TEMPOS=True)
2026-08-18 10:29:18,592 - INFO -   busca                       51.32s total |   33x | média 1.555s |  70.2%
2026-08-18 10:29:18,592 - INFO -   confirmacao_contador        21.50s total |   33x | média 0.652s |  29.4%
2026-08-18 10:29:18,592 - INFO -   clique                       0.29s total |   33x | média 0.009s |   0.4%
2026-08-18 10:29:18,592 - INFO -   validacao_sku                0.00s total |   33x | média 0.000s |   0.0%
2026-08-18 10:29:18,593 - INFO -   TOTAL MEDIDO                73.11s
2026-08-18 10:29:18,593 - INFO - ============================================================
2026-08-18 10:59:45,658 - INFO - ============================================================
2026-08-18 10:59:45,658 - INFO - INICIANDO ROBÔ DE GERENCIAMENTO DE COLEÇÕES - SPORTBAY
2026-08-18 10:59:45,658 - INFO - ============================================================
2026-08-18 10:59:45,658 - INFO - Lendo planilha: c:\Users\Protork\Desktop\Analise de preços site\Atualização de coleções\ATUALIZAÇÃO DE COLEÇÕES.xlsx
2026-08-18 10:59:45,949 - INFO - Coleção alvo: 'Carenagens para Titan 150'
2026-08-18 10:59:45,949 - INFO - Total de shortHashes a adicionar: 68
2026-08-18 10:59:48,608 - INFO - Acessando página de login...
2026-08-18 10:59:51,402 - INFO - ✓ Login realizado com sucesso
2026-08-18 10:59:51,402 - INFO - Navegando direto para: https://www.marketplace.sportbay.com.br/dashboard/categories
2026-08-18 10:59:52,703 - INFO - ✓ Página de lista de categorias/coleções carregada
2026-08-18 10:59:52,703 - INFO - Procurando coleção: 'Carenagens para Titan 150'
2026-08-18 10:59:56,570 - INFO - ✓ Coleção aberta para edição
2026-08-18 10:59:56,571 - INFO - Removendo produtos atuais da coleção...
2026-08-18 10:59:58,648 - INFO -   ➖ Produto removido (total até agora: 1)
2026-08-18 10:59:59,223 - INFO -   ➖ Produto removido (total até agora: 2)
2026-08-18 10:59:59,785 - INFO -   ➖ Produto removido (total até agora: 3)
2026-08-18 11:00:00,366 - INFO -   ➖ Produto removido (total até agora: 4)
2026-08-18 11:00:01,044 - INFO -   ➖ Produto removido (total até agora: 5)
2026-08-18 11:00:01,814 - INFO -   ➖ Produto removido (total até agora: 6)
2026-08-18 11:00:02,651 - INFO -   ➖ Produto removido (total até agora: 7)
2026-08-18 11:00:03,272 - INFO -   ➖ Produto removido (total até agora: 8)
2026-08-18 11:00:03,868 - INFO -   ➖ Produto removido (total até agora: 9)
2026-08-18 11:00:04,510 - INFO -   ➖ Produto removido (total até agora: 10)
2026-08-18 11:00:05,178 - INFO -   ➖ Produto removido (total até agora: 11)
2026-08-18 11:00:05,741 - INFO -   ➖ Produto removido (total até agora: 12)
2026-08-18 11:00:06,472 - INFO -   ➖ Produto removido (total até agora: 13)
2026-08-18 11:00:07,078 - INFO -   ➖ Produto removido (total até agora: 14)
2026-08-18 11:00:07,843 - INFO -   ➖ Produto removido (total até agora: 15)
2026-08-18 11:00:08,470 - INFO -   ➖ Produto removido (total até agora: 16)
2026-08-18 11:00:09,089 - INFO -   ➖ Produto removido (total até agora: 17)
2026-08-18 11:00:09,758 - INFO -   ➖ Produto removido (total até agora: 18)
2026-08-18 11:00:10,441 - INFO -   ➖ Produto removido (total até agora: 19)
2026-08-18 11:00:11,076 - INFO -   ➖ Produto removido (total até agora: 20)
2026-08-18 11:00:11,660 - INFO -   ➖ Produto removido (total até agora: 21)
2026-08-18 11:00:12,233 - INFO -   ➖ Produto removido (total até agora: 22)
2026-08-18 11:00:13,001 - INFO -   ➖ Produto removido (total até agora: 23)
2026-08-18 11:00:13,587 - INFO -   ➖ Produto removido (total até agora: 24)
2026-08-18 11:00:14,165 - INFO -   ➖ Produto removido (total até agora: 25)
2026-08-18 11:00:14,766 - INFO -   ➖ Produto removido (total até agora: 26)
2026-08-18 11:00:15,550 - INFO -   ➖ Produto removido (total até agora: 27)
2026-08-18 11:00:16,288 - INFO -   ➖ Produto removido (total até agora: 28)
2026-08-18 11:00:16,865 - INFO -   ➖ Produto removido (total até agora: 29)
2026-08-18 11:00:17,573 - INFO -   ➖ Produto removido (total até agora: 30)
2026-08-18 11:00:18,296 - INFO -   ➖ Produto removido (total até agora: 31)
2026-08-18 11:00:18,908 - INFO -   ➖ Produto removido (total até agora: 32)
2026-08-18 11:00:19,496 - INFO -   ➖ Produto removido (total até agora: 33)
2026-08-18 11:00:20,117 - INFO -   ➖ Produto removido (total até agora: 34)
2026-08-18 11:00:20,737 - INFO -   ➖ Produto removido (total até agora: 35)
2026-08-18 11:00:21,321 - INFO -   ➖ Produto removido (total até agora: 36)
2026-08-18 11:00:21,882 - INFO -   ➖ Produto removido (total até agora: 37)
2026-08-18 11:00:22,511 - INFO -   ➖ Produto removido (total até agora: 38)
2026-08-18 11:00:23,088 - INFO -   ➖ Produto removido (total até agora: 39)
2026-08-18 11:00:23,858 - INFO -   ➖ Produto removido (total até agora: 40)
2026-08-18 11:00:24,553 - INFO -   ➖ Produto removido (total até agora: 41)
2026-08-18 11:00:25,136 - INFO -   ➖ Produto removido (total até agora: 42)
2026-08-18 11:00:25,992 - INFO -   ➖ Produto removido (total até agora: 43)
2026-08-18 11:00:26,567 - INFO -   ➖ Produto removido (total até agora: 44)
2026-08-18 11:00:27,136 - INFO -   ➖ Produto removido (total até agora: 45)
2026-08-18 11:00:27,895 - INFO -   ➖ Produto removido (total até agora: 46)
2026-08-18 11:00:28,582 - INFO -   ➖ Produto removido (total até agora: 47)
2026-08-18 11:00:29,297 - INFO -   ➖ Produto removido (total até agora: 48)
2026-08-18 11:00:29,846 - INFO -   ➖ Produto removido (total até agora: 49)
2026-08-18 11:00:30,441 - INFO -   ➖ Produto removido (total até agora: 50)
2026-08-18 11:00:31,246 - INFO -   ➖ Produto removido (total até agora: 51)
2026-08-18 11:00:31,832 - INFO -   ➖ Produto removido (total até agora: 52)
2026-08-18 11:00:32,528 - INFO -   ➖ Produto removido (total até agora: 53)
2026-08-18 11:00:33,179 - INFO -   ➖ Produto removido (total até agora: 54)
2026-08-18 11:00:33,732 - INFO -   ➖ Produto removido (total até agora: 55)
2026-08-18 11:00:34,477 - INFO -   ➖ Produto removido (total até agora: 56)
2026-08-18 11:00:35,140 - INFO -   ➖ Produto removido (total até agora: 57)
2026-08-18 11:00:35,884 - INFO -   ➖ Produto removido (total até agora: 58)
2026-08-18 11:00:36,560 - INFO -   ➖ Produto removido (total até agora: 59)
2026-08-18 11:00:37,559 - INFO -   ➖ Produto removido (total até agora: 60)
2026-08-18 11:00:38,194 - INFO -   ➖ Produto removido (total até agora: 61)
2026-08-18 11:00:38,756 - INFO -   ➖ Produto removido (total até agora: 62)
2026-08-18 11:00:39,411 - INFO -   ➖ Produto removido (total até agora: 63)
2026-08-18 11:00:40,224 - INFO -   ➖ Produto removido (total até agora: 64)
2026-08-18 11:00:40,926 - INFO -   ➖ Produto removido (total até agora: 65)
2026-08-18 11:00:41,591 - INFO -   ➖ Produto removido (total até agora: 66)
2026-08-18 11:00:42,294 - INFO -   ➖ Produto removido (total até agora: 67)
2026-08-18 11:00:42,879 - INFO -   ➖ Produto removido (total até agora: 68)
2026-08-18 11:00:43,429 - INFO -   ➖ Produto removido (total até agora: 69)
2026-08-18 11:00:44,000 - INFO -   ➖ Produto removido (total até agora: 70)
2026-08-18 11:00:44,781 - INFO -   ➖ Produto removido (total até agora: 71)
2026-08-18 11:00:45,474 - INFO -   ➖ Produto removido (total até agora: 72)
2026-08-18 11:00:46,078 - INFO -   ➖ Produto removido (total até agora: 73)
2026-08-18 11:00:46,591 - INFO -   ➖ Produto removido (total até agora: 74)
2026-08-18 11:00:47,353 - INFO -   ➖ Produto removido (total até agora: 75)
2026-08-18 11:00:47,930 - INFO -   ➖ Produto removido (total até agora: 76)
2026-08-18 11:00:47,954 - INFO - ✓ Remoção concluída — 76 produto(s) removido(s)
2026-08-18 11:00:47,954 - INFO - Removendo filtro de Merchant 'Sportbay'...
2026-08-18 11:00:48,134 - INFO - ✓ Filtro de Merchant removido e confirmado (tag não existe mais no DOM)
2026-08-18 11:00:48,134 - INFO - Adicionando 68 produto(s) por shortHash...
2026-08-18 11:00:48,156 - INFO -   Total de produtos na coleção antes de adicionar: 0
2026-08-18 11:00:50,465 - INFO -   ➕ Produto adicionado: P-DRR4TSJNUW — Kit Carenagem 3 Peças Pro Tork Titan 150 2004 - 2008 (SKU PAI-110283) (total 0 → 1)
2026-08-18 11:00:52,631 - INFO -   ➕ Produto adicionado: P-1DWNBBMK2F — Tampa Lateral Titan 150 2004 e 2005 e Job 2004 a 2006 Pro Tork (SKU 110772) (total 1 → 2)
2026-08-18 11:00:54,701 - INFO -   ➕ Produto adicionado: P-1YSTI0VYLB — Paralama Dianteiro Titan 150 KS ES ESD 2009 a 2013, Fan ESi 2010 a 2013 Pro Tork (SKU 110775) (total 2 → 3)
2026-08-18 11:00:56,760 - INFO -   ➕ Produto adicionado: P-5Y7GVZYLA1 — Paralama Dianteiro Titan 150 2006 a 2008 e Job 2007 Pro Tork (SKU 110780) (total 3 → 4)
2026-08-18 11:00:58,941 - INFO -   ➕ Produto adicionado: P-F1FMKZ4AJT — Carcaça Completa do Painel Titan 150 2004 a 2008 Pro Tork (SKU 111802) (total 4 → 5)
2026-08-18 11:01:00,969 - INFO -   ➕ Produto adicionado: P-3YYY0CB10Q — Carcaça Interna Do Painel Pro Tork Titan 150 2004/08 (SKU PAI-111803) (total 5 → 6)
2026-08-18 11:01:02,978 - INFO -   ➕ Produto adicionado: P-2B7N86V3GH — Carcaça Inferior Do Painel Pro Tork Titan 150 2004/08 (SKU PAI-111804) (total 6 → 7)
2026-08-18 11:01:05,166 - INFO -   ➕ Produto adicionado: P-24OL72WW1Z — Carcaça Superior do Painel Titan 150 2004 a 2008 Pro Tork (SKU 111805) (total 7 → 8)
2026-08-18 11:01:07,216 - INFO -   ➕ Produto adicionado: P-D7A4RW54AK — Carcaça Intermediária do Painel Titan 150 2004 a 2008 Pro Tork (SKU 111806) (total 8 → 9)
2026-08-18 11:01:09,259 - INFO -   ➕ Produto adicionado: P-D3FPMQGHNR — Carcaça Inferior e Superior do Painel Titan 150 2004 a 2008 Pro Tork (SKU 111807) (total 9 → 10)
2026-08-18 11:01:11,421 - INFO -   ➕ Produto adicionado: P-BSEQ6KU6K2 — Carenagem do Farol Titan 150, Fan 125 , Fan 150 , Start e Start 160 Pro Tork (SKU 112312) (total 10 → 11)
2026-08-18 11:01:13,473 - INFO -   ➕ Produto adicionado: P-BDAIVEPF3Y — Tampa Lateral "A" Titan 150 2014 Pro Tork (SKU 112313) (total 11 → 12)
2026-08-18 11:01:15,506 - INFO -   ➕ Produto adicionado: P-4ZAII7F49D — Capa Do Painel Com Suporte Do Farol Pro Tork Titan 150 2014 (SKU PAI-112315) (total 12 → 13)
2026-08-18 11:01:17,701 - INFO -   ➕ Produto adicionado: P-CNEHZRY6JY — Tampa Lateral "B" Titan 150 ESD EX 2014 Pro Tork (SKU 112328) (total 13 → 14)
2026-08-18 11:01:19,770 - INFO -   ➕ Produto adicionado: P-AZAQNGJENW — Carenagem Farol Titan 150 2011 a 2013 Pro Tork (SKU 115800) (total 14 → 15)
2026-08-18 11:01:21,815 - INFO -   ➕ Produto adicionado: P-B7W86BRGY8 — Paralama Dianteiro Titan 150 2009 e 2010 e Fan 150 ESI 2010 Pro Tork (SKU 115810) (total 15 → 16)
2026-08-18 11:01:24,016 - INFO -   ➕ Produto adicionado: P-LPC00TN0RK — Paralama Dianteiro Titan 150 KS ES EX ESD 2011 e 2013 e Fan 150 ESI 2012 a 2013 Pro Tork (SKU 116247) (total 16 → 17)
2026-08-18 11:01:26,101 - INFO -   ➕ Produto adicionado: P-7KZA4EP3EG — Aba do Tanque Titan 150 ESD EX 2014 e 2015 Pro Tork (SKU 117200) (total 17 → 18)
2026-08-18 11:01:28,257 - INFO -   ➕ Produto adicionado: P-ETQD2MF0JU — Complemento Aba Do Tanque Pro Tork Titan 150 Esd/es 2014/15 (SKU PAI-117201) (total 18 → 19)
2026-08-18 11:01:30,797 - INFO -   ➕ Produto adicionado: P-90MGTUWGGC — Carenagem Do Farol Pro Tork Titan 150 Ks/es/esd 2009/10 (SKU PAI-117211) (total 19 → 20)
2026-08-18 11:01:32,955 - INFO -   ➕ Produto adicionado: P-71QWNWPMUU — Capa Da Carenagem Do Farol Pro Tork Titan 150 2009/10 (SKU PAI-117212) (total 20 → 21)
2026-08-18 11:01:35,247 - INFO -   ➕ Produto adicionado: P-D9MM7JDLDX — Carenagem Lateral Do Farol Pro Tork Titan 150 Mix /titan 150 Ks/es/esd 2011 Em Diante (par) (SKU PAI-117213) (total 21 → 22)
2026-08-18 11:01:37,568 - INFO -   ➕ Produto adicionado: P-8Q31G3GABV — Carenagem Lateral Do Farol Pro Tork Titan 150 Esd 2011/13 (par) (SKU PAI-117214) (total 22 → 23)
2026-08-18 11:01:39,660 - INFO -   ➕ Produto adicionado: P-DSMO17FUZW — Carenagem Lateral Do Farol Pro Tork Titan 150 Ex/esd 2014 (par) (SKU PAI-117216) (total 23 → 24)
2026-08-18 11:01:41,699 - INFO -   ➕ Produto adicionado: P-AFR7LSLKG2 — Paralama Dianteiro Pro Tork Titan 150 2009 / Titan 150 Mix / Fan Esi 2010 (SKU PAI-117221) (total 24 → 25)
2026-08-18 11:01:43,923 - INFO -   ➕ Produto adicionado: P-542ZUIQM7R — Paralama Dianteiro Pro Tork Titan 150 Esd / Ex 2014 Fan 150 2014 / Titan / Fan 160 (SKU PAI-117223) (total 25 → 26)
2026-08-18 11:01:46,051 - INFO -   ➕ Produto adicionado: P-4ZHOI7SX45 — Rabeta Pro Tork Completa Kit 3 Peças Titan 150 Esd / Ex 2014 (SKU PAI-117234) (total 26 → 27)
2026-08-18 11:01:48,149 - INFO -   ➕ Produto adicionado: P-A4FQRKM7GB — Complemento Tampa Lateral Superior Pro Tork Titan 150 Mix 2009/13 (par) (SKU PAI-117239) (total 27 → 28)
2026-08-18 11:01:50,336 - INFO -   ➕ Produto adicionado: P-8Z1SG0V03H — Complemento Tampa Lateral Superior Pro Tork Titan 150 Mix 2010/12 Ex (par) (SKU PAI-117240) (total 28 → 29)
2026-08-18 11:01:52,388 - INFO -   ➕ Produto adicionado: P-CEYBV3ZTN9 — Complemento Tampa Lateral Superior Pro Tork Titan 150 Esd/ex 2013 (par) (SKU PAI-117241) (total 29 → 30)
2026-08-18 11:01:54,479 - INFO -   ➕ Produto adicionado: P-BO8ZNHF8R2 — Paralama Dianteiro Pro Tork Titan 150 2014/15 / Cg 160 Ex 2022 (SKU PAI-122732) (total 30 → 31)
2026-08-18 11:01:56,750 - INFO -   ➕ Produto adicionado: P-8RI4397XM1 — Complemento Aba Do Tanque Cromo Forte Titan 150 Esd/es 2014/15 (SKU PAI-123120) (total 31 → 32)
2026-08-18 11:01:58,869 - INFO -   ➕ Produto adicionado: P-9JZUJG7B68 — Aba Do Tanque Cromo Forte Titan 150 Ex 2014/15 (ed. Especial) (par) (SKU PAI-123121) (total 32 → 33)
2026-08-18 11:02:00,912 - INFO -   ➕ Produto adicionado: P-5ZCHF02B5W — Capa Do Painel Com Suporte Do Farol Cromo Forte Titan 150 2014 (SKU PAI-123300) (total 33 → 34)
2026-08-18 11:02:03,080 - INFO -   ➕ Produto adicionado: P-8OBRR6FQIC — Carcaça Superior do Painel Titan 150 2004 a 2008 Cromo Forte (SKU 123313) (total 34 → 35)
2026-08-18 11:02:05,146 - INFO -   ➕ Produto adicionado: P-73L0Z655AM — Carcaça Interna do Painel Titan 150 2004 a 2008 Cromo Forte (SKU 123314) (total 35 → 36)
2026-08-18 11:02:07,211 - INFO -   ➕ Produto adicionado: P-F3GYEWO0WG — Carcaça Inferior do Painel Titan 150 2004 a 2008 Cromo Forte (SKU 123316) (total 36 → 37)
2026-08-18 11:02:09,486 - INFO -   ➕ Produto adicionado: P-65XU0D12Z6 — Carcaça Inferior e Superior do Painel Titan 150 2004 a 2008 Cromo Forte (SKU 123317) (total 37 → 38)
2026-08-18 11:02:11,714 - INFO -   ➕ Produto adicionado: P-1FBANV2RHR — Carcaça Completa do Painel Titan 150 2004 a 2008 Cromo Forte (SKU 123318) (total 38 → 39)
2026-08-18 11:02:13,915 - INFO -   ➕ Produto adicionado: P-4SP8PSM95F — Carenagem Do Farol Cromo Forte Titan 150 Ks/es/esd 2009/13 (SKU PAI-123332) (total 39 → 40)
2026-08-18 11:02:16,182 - INFO -   ➕ Produto adicionado: P-9FX1AB6A77 — Capa Da Carenagem Do Farol Cromo Forte Titan 150 2009/10 (SKU PAI-123333) (total 40 → 41)
2026-08-18 11:02:18,318 - INFO -   ➕ Produto adicionado: P-2KYKEKDMTZ — Carenagem Do Farol Cromo Forte Fan 125/150 Es/esd / Titan 150 / Start 160 (SKU PAI-123334) (total 41 → 42)
2026-08-18 11:02:20,500 - INFO -   ➕ Produto adicionado: P-694OB3W7G8 — Carenagem Lateral Do Farol Cromo Forte Titan 150 Esd 2011/13 (SKU PAI-123347) (total 42 → 43)
2026-08-18 11:02:22,853 - INFO -   ➕ Produto adicionado: P-AI5JJJA2OA — Carenagem Lateral Do Farol Cromo Forte Fan/titan 150 2014/15 / Start 150/160 (SKU PAI-123348) (total 43 → 44)
2026-08-18 11:02:25,198 - INFO -   ➕ Produto adicionado: P-BTL8172GUZ — Paralama Dianteiro Titan 150 2004 a 2008, Sport 2005 a 2008 e Job 2004 a 2008 Cromo Forte (SKU 123369) (total 44 → 45)
2026-08-18 11:02:27,290 - INFO -   ➕ Produto adicionado: P-6TJ6E5V2VW — Paralama Dianteiro Titan 150 2004 a 2008 Cromo Forte (SKU 123370) (total 45 → 46)
2026-08-18 11:02:29,595 - INFO -   ➕ Produto adicionado: P-BUJGLI3TAS — Paralama Dianteiro Cromo Forte Titan 150 2014/15 / Cg 160 Ex 2022 (SKU PAI-123372) (total 46 → 47)
2026-08-18 11:02:31,700 - INFO -   ➕ Produto adicionado: P-1XFJ2L61Y9 — Paralama Traseiro Suporte De Placa Cromo Forte Titan 150 2004/08 (SKU PAI-123387) (total 47 → 48)
2026-08-18 11:02:33,819 - INFO -   ➕ Produto adicionado: P-267J2BYKPK — Paralama Traseiro Suporte De Placa Cromo Forte Titan 150 2009/11 (SKU PAI-123389) (total 48 → 49)
2026-08-18 11:02:36,181 - INFO -   ➕ Produto adicionado: P-DM7Q6A6R1D — Rabeta Kit 3 Peças Cromo Forte Titan 150 2004/08 (SKU PAI-123428) (total 49 → 50)
2026-08-18 11:02:38,587 - INFO -   ➕ Produto adicionado: P-2B3ERYEBPO — Tampa Lateral Cromo Forte Titan 150 2004/08 (par) (SKU PAI-123454) (total 50 → 51)
2026-08-18 11:02:40,715 - INFO -   ➕ Produto adicionado: P-7UVA3XYO0C — Sub-tampa Lateral Cromo Forte Titan 150 2004/08 (par) (SKU PAI-123455) (total 51 → 52)
2026-08-18 11:02:43,245 - INFO -   ➕ Produto adicionado: P-60GRH6I9C6 — Tampa Lateral Inferior Par Titan 150 2009 a 2013 Cromo Forte (SKU 123457) (total 52 → 53)
2026-08-18 11:02:45,492 - INFO -   ➕ Produto adicionado: P-9N5ETW19S2 — Tampa Lateral "A" Titan 150 2014 Cromo Forte (SKU 123460) (total 53 → 54)
2026-08-18 11:02:47,585 - INFO -   ➕ Produto adicionado: P-7XX21EXUFP — Tampa Lateral "B" Titan 150 EX ESD 2014 Cromo Forte (SKU 123461) (total 54 → 55)
2026-08-18 11:02:49,917 - INFO -   ➕ Produto adicionado: P-8B1SC5IKPO — Kit Carenagem 3 Peças Cromo Forte Titan 150 2004/08 (SKU PAI-123490) (total 55 → 56)
2026-08-18 11:02:52,012 - INFO -   ➕ Produto adicionado: P-EDYQHWCBZQ — Retrovisor Modelo Mini Titan 150 2009 a 2015 Par Esquerdo e Direito Cromo Forte (SKU 123647) (total 56 → 57)
2026-08-18 11:02:54,102 - INFO -   ➕ Produto adicionado: P-6BEVCRK4PX — Retrovisor Modelo Original Titan 150 Par Esquerdo e Direito Cromo Forte para motos Yamaha (SKU 123661) (total 57 → 58)
2026-08-18 11:02:56,487 - INFO -   ➕ Produto adicionado: P-1G6A0Y2SM0 — Paralama Dianteiro Cromo Forte Titan 150 2009/13 (SKU PAI-123883) (total 58 → 59)
2026-08-18 11:02:58,806 - INFO -   ➕ Produto adicionado: P-ELU2T723VL — Paralama Dianteiro Titan 150 2004 a 2008 Pro Tork (SKU 2359) (total 59 → 60)
2026-08-18 11:03:00,959 - INFO -   ➕ Produto adicionado: P-14352AKQ16 — Paralama Dianteiro Titan 150 KS ES ESD 2009 a 2012 e Fan 150 ESI 2011 e 2012 Pro Tork (SKU 2385) (total 60 → 61)
2026-08-18 11:03:03,152 - INFO -   ➕ Produto adicionado: P-31CECN2OV6 — Paralama Traseiro Titan 150 2009 a 2011 Pro Tork (SKU 2438) (total 61 → 62)
2026-08-18 11:03:05,232 - INFO -   ➕ Produto adicionado: P-2VPLOP1H6R — Paralama Traseiro Titan 150 2004 a 2008 Pro Tork (SKU 2439) (total 62 → 63)
2026-08-18 11:03:07,469 - INFO -   ➕ Produto adicionado: P-B2QWHGAAM4 — Rabeta Completa Titan 150 2004 a 2008 Pro Tork (SKU 2460) (total 63 → 64)
2026-08-18 11:03:09,679 - INFO -   ➕ Produto adicionado: P-5X5N3LNSUQ — Tampa Lateral Par Titan 150 Job 2004 a 2008 Pro Tork (SKU 2572) (total 64 → 65)
2026-08-18 11:03:12,747 - WARNING -   ⚠ shortHash 'P-DBMTSCLGK8': código '2575P' não bate com o SKU da linha ('PAI-2575', Merchant: 'CLW MOTOS LTDA') — pulando para não arriscar adicionar o produto errado
2026-08-18 11:03:14,964 - INFO -   ➕ Produto adicionado: P-CGBKLOPCHF — Carcaça do Farol Titan 150 2004 a 2008 Pro Tork (SKU 2680) (total 65 → 66)
2026-08-18 11:03:17,015 - INFO -   ➕ Produto adicionado: P-4HY3M9KXZU — Sub Tampa Lateral Titan 150 2004 a 2008 Pro Tork (SKU 3399) (total 66 → 67)
2026-08-18 11:03:17,015 - INFO - ✓ Adição concluída — 67 adicionado(s), 0 não encontrado(s), 0 sem efeito, 1 com código divergente
2026-08-18 11:03:17,016 - WARNING -   shortHashes com código divergente do SKU (não adicionados): ['P-DBMTSCLGK8']
2026-08-18 11:03:17,016 - INFO - Salvando alterações...
2026-08-18 11:03:17,149 - INFO - ✓ Alterações salvas com sucesso
2026-08-18 11:03:17,149 - INFO - Conferindo resultado final da coleção...
2026-08-18 11:03:22,293 - ERROR -   ✗ DIVERGÊNCIA FINAL — esperado: 68 | encontrado na coleção: 0 | diferença: 68
2026-08-18 11:03:24,397 - INFO - ============================================================
2026-08-18 11:03:24,398 - INFO - ✓ FLUXO CONCLUÍDO
2026-08-18 11:03:24,398 - INFO - ============================================================
2026-08-18 11:03:26,618 - INFO - Chrome fechado
2026-08-18 11:03:26,619 - INFO - ============================================================
2026-08-18 11:03:26,619 - INFO - RESUMO DE TEMPOS POR FASE (MEDIR_TEMPOS=True)
2026-08-18 11:03:26,619 - INFO -   busca                      105.99s total |   68x | média 1.559s |  53.3%
2026-08-18 11:03:26,620 - INFO -   remocao_item                50.12s total |   77x | média 0.651s |  25.2%
2026-08-18 11:03:26,620 - INFO -   confirmacao_contador        42.09s total |   67x | média 0.628s |  21.2%
2026-08-18 11:03:26,620 - INFO -   clique                       0.76s total |   67x | média 0.011s |   0.4%
2026-08-18 11:03:26,620 - INFO -   validacao_sku                0.00s total |   68x | média 0.000s |   0.0%
2026-08-18 11:03:26,621 - INFO -   TOTAL MEDIDO               198.96s
2026-08-18 11:03:26,621 - INFO - ============================================================
2026-08-18 11:15:40,944 - INFO - ============================================================
2026-08-18 11:15:40,945 - INFO - INICIANDO ROBÔ DE GERENCIAMENTO DE COLEÇÕES - SPORTBAY
2026-08-18 11:15:40,945 - INFO - ============================================================
2026-08-18 11:15:40,945 - INFO - Lendo planilha: c:\Users\Protork\Desktop\Analise de preços site\Atualização de coleções\ATUALIZAÇÃO DE COLEÇÕES.xlsx
2026-08-18 11:15:41,228 - INFO - Coleção alvo: 'Carenagens para XRE 300'
2026-08-18 11:15:41,228 - INFO - Total de shortHashes a adicionar: 23
2026-08-18 11:15:42,244 - INFO - Acessando página de login...
2026-08-18 11:15:44,777 - INFO - ✓ Login realizado com sucesso
2026-08-18 11:15:44,779 - INFO - Navegando direto para: https://www.marketplace.sportbay.com.br/dashboard/categories
2026-08-18 11:15:46,079 - INFO - ✓ Página de lista de categorias/coleções carregada
2026-08-18 11:15:46,079 - INFO - Procurando coleção: 'Carenagens para XRE 300'
2026-08-18 11:15:50,323 - INFO - ✓ Coleção aberta para edição
2026-08-18 11:15:50,323 - INFO - Removendo produtos atuais da coleção...
2026-08-18 11:15:51,419 - INFO - ✓ Coleção já está sem produtos ('Nenhum produto encontrado') — nada a remover, indo direto para a Seleção Manual de Produtos
2026-08-18 11:15:51,425 - INFO - Removendo filtro de Merchant 'Sportbay'...
2026-08-18 11:15:51,570 - INFO - ✓ Filtro de Merchant removido e confirmado (tag não existe mais no DOM)
2026-08-18 11:15:51,570 - INFO - Adicionando 23 produto(s) por shortHash...
2026-08-18 11:15:51,683 - INFO -   Total de produtos na coleção antes de adicionar: 0
2026-08-18 11:15:54,185 - INFO -   ➕ Produto adicionado: P-BDGQL5M8H0 — Kit Carenagem 9 Peças XRE 300 2010 a 2012 Pro Tork (SKU 110864) (total 0 → 1)
2026-08-18 11:15:56,652 - INFO -   ➕ Produto adicionado: P-E7FIRH9RH8 — Kit Carenagem Pro Tork 4 Peças Xre 300 2010 - 2012 (SKU PAI-112491) (total 1 → 2)
2026-08-18 11:15:58,815 - INFO -   ➕ Produto adicionado: P-2LMIJIFV93 — Protetor De Escapamento Pro Tork Xre 300 2010 - 2012 (SKU PAI-116240) (total 2 → 3)
2026-08-18 11:16:01,008 - INFO -   ➕ Produto adicionado: P-9WR6VK60V6 — Aba Do Tanque Pro Tork Xre 300 2010 - 2012 (SKU PAI-117202) (total 3 → 4)
2026-08-18 11:16:03,286 - INFO -   ➕ Produto adicionado: P-8V4P3CDLL2 — Aba Do Tanque Cromo Forte Xre 300 2010/12 (par) (SKU PAI-123288) (total 4 → 5)
2026-08-18 11:16:05,847 - INFO -   ➕ Produto adicionado: P-LN298YFFIJ — Carenagem Inferior Do Tanque Cromo Forte Xre 300 2010/12 (SKU PAI-123352) (total 5 → 6)
2026-08-18 11:16:08,233 - INFO -   ➕ Produto adicionado: P-DY8DYNJWFX — Paralama Dianteiro Superior para XRE 300 2010 a 2012 Cromo Forte (SKU 123376) (total 6 → 7)
2026-08-18 11:16:10,462 - INFO -   ➕ Produto adicionado: P-EAOY9KGJY0 — Paralama Dianteiro Inferior XRE 300 2010 a 2018 Cromo Forte (SKU 123377) (total 7 → 8)
2026-08-18 11:16:12,563 - INFO -   ➕ Produto adicionado: P-69AFOOL0Q1 — Paralama Traseiro Cromo Forte Xre 300 2010/12 (SKU PAI-123403) (total 8 → 9)
2026-08-18 11:16:14,708 - INFO -   ➕ Produto adicionado: P-5E3G715S0B — Protetor de Escapamento para XRE 300 2010 a 2012 Cromo Forte (SKU 123417) (total 9 → 10)
2026-08-18 11:16:16,970 - INFO -   ➕ Produto adicionado: P-4K0JNUDHR5 — Rabeta Bagageiro Acompanha Borracha Cromo Forte Xre 300 2010 Em Diante (SKU PAI-123438) (total 10 → 11)
2026-08-18 11:16:19,167 - INFO -   ➕ Produto adicionado: P-4CQ1FCGRFQ — Tampa Lateral XRE 300 2010 a 2012 Cromo Forte (SKU 123468) (total 11 → 12)
2026-08-18 11:16:21,312 - INFO -   ➕ Produto adicionado: P-5MN7E276SJ — Par de Tampa Lateral XRE 300 2010 a 2012 Cromo Forte (SKU 123469) (total 12 → 13)
2026-08-18 11:16:23,631 - INFO -   ➕ Produto adicionado: P-X8VZPK7LJY — Kit Carenagem 4 Peças Cromo Forte Xre 300 2010/12 (SKU PAI-123494) (total 13 → 14)
2026-08-18 11:16:25,815 - INFO -   ➕ Produto adicionado: P-87DWGEALM3 — Kit Carenagem 9 Peças Cromo Forte Xre 300 2010/12 (SKU PAI-123495) (total 14 → 15)
2026-08-18 11:16:27,932 - INFO -   ➕ Produto adicionado: P-6QWFHFHCAJ — Aba Do Tanque Pro Tork Xre 300 2010/11 (par) (SKU PAI-2191) (total 15 → 16)
2026-08-18 11:16:30,206 - INFO -   ➕ Produto adicionado: P-9U44T7DOG0 — Paralama Dianteiro Superior XRE 300 2010 a 2012 Pro Tork (SKU 2431) (total 16 → 17)
2026-08-18 11:16:32,319 - INFO -   ➕ Produto adicionado: P-BUDFQEHQW4 — Paralama Dianteiro Inferior XRE 300 2010 a 2018 Pro Tork (SKU 2432) (total 17 → 18)
2026-08-18 11:16:34,460 - INFO -   ➕ Produto adicionado: P-EC50C1KL3R — Paralama Traseiro para XRE 300 2010 a 2012 Pro Tork (SKU 2445) (total 18 → 19)
2026-08-18 11:16:36,822 - INFO -   ➕ Produto adicionado: P-DIHV2Z73VS — Tampa Lateral Par XRE 300 2010 a 2012 Pro Tork (SKU 2591) (total 19 → 20)
2026-08-18 11:16:38,945 - INFO -   ➕ Produto adicionado: P-F1FEBDFXAV — Rabeta Bagageiro XRE 300 2010 a 2012 Pro Tork (SKU 3456) (total 20 → 21)
2026-08-18 11:16:41,167 - INFO -   ➕ Produto adicionado: P-4A5V7SCP3E — Par Carenagem do Tanque Inferior XRE 300 2010 a 2012 Pro Tork (SKU 3458) (total 21 → 22)
2026-08-18 11:16:43,434 - INFO -   ➕ Produto adicionado: P-E9JNTBQEC6 — Sub-tampa Lateral Pro Tork Xre 300 2010/12 (par) (SKU PAI-3459) (total 22 → 23)
2026-08-18 11:16:43,434 - INFO - ✓ Adição concluída — 23 adicionado(s), 0 não encontrado(s), 0 sem efeito, 0 com código divergente
2026-08-18 11:16:43,435 - INFO - Salvando alterações...
2026-08-18 11:16:43,593 - INFO - ✓ Alterações salvas com sucesso
2026-08-18 11:16:43,593 - INFO - Conferindo resultado final da coleção...
2026-08-18 11:16:48,731 - ERROR -   ✗ DIVERGÊNCIA FINAL — esperado: 23 | encontrado na coleção: 0 | diferença: 23
2026-08-18 11:16:50,812 - INFO - ============================================================
2026-08-18 11:16:50,812 - INFO - ✓ FLUXO CONCLUÍDO
2026-08-18 11:16:50,812 - INFO - ============================================================
2026-08-18 11:16:53,040 - INFO - Chrome fechado
2026-08-18 11:16:53,040 - INFO - ============================================================
2026-08-18 11:16:53,041 - INFO - RESUMO DE TEMPOS POR FASE (MEDIR_TEMPOS=True)
2026-08-18 11:16:53,041 - INFO -   busca                       36.17s total |   23x | média 1.573s |  70.0%
2026-08-18 11:16:53,042 - INFO -   confirmacao_contador        15.31s total |   23x | média 0.666s |  29.6%
2026-08-18 11:16:53,042 - INFO -   clique                       0.22s total |   23x | média 0.010s |   0.4%
2026-08-18 11:16:53,042 - INFO -   validacao_sku                0.00s total |   23x | média 0.000s |   0.0%
2026-08-18 11:16:53,042 - INFO -   TOTAL MEDIDO                51.71s
2026-08-18 11:16:53,043 - INFO - ============================================================
2026-08-18 11:58:52,899 - INFO - ============================================================
2026-08-18 11:58:52,900 - INFO - INICIANDO ROBÔ DE GERENCIAMENTO DE COLEÇÕES - SPORTBAY
2026-08-18 11:58:52,900 - INFO - ============================================================
2026-08-18 11:58:52,900 - INFO - Lendo planilha: c:\Users\Protork\Desktop\Analise de preços site\Atualização de coleções\ATUALIZAÇÃO DE COLEÇÕES.xlsx
2026-08-18 11:58:53,292 - INFO - Coleção alvo: 'Ponteiras Mais Vendidas'
2026-08-18 11:58:53,293 - INFO - Total de shortHashes a adicionar: 17
2026-08-18 11:58:56,617 - INFO - Acessando página de login...
2026-08-18 11:58:59,259 - INFO - ✓ Login realizado com sucesso
2026-08-18 11:58:59,260 - INFO - Navegando direto para: https://www.marketplace.sportbay.com.br/dashboard/categories
2026-08-18 11:59:00,773 - INFO - ✓ Página de lista de categorias/coleções carregada
2026-08-18 11:59:00,773 - INFO - Procurando coleção: 'Ponteiras Mais Vendidas'
2026-08-18 11:59:04,613 - INFO - ✓ Coleção aberta para edição
2026-08-18 11:59:04,613 - INFO - Removendo produtos atuais da coleção...
2026-08-18 11:59:05,885 - INFO - ✓ Coleção já está sem produtos ('Nenhum produto encontrado') — nada a remover, indo direto para a Seleção Manual de Produtos
2026-08-18 11:59:05,885 - INFO - Removendo filtro de Merchant 'Sportbay'...
2026-08-18 11:59:06,210 - INFO - ✓ Filtro de Merchant removido e confirmado (tag não existe mais no DOM)
2026-08-18 11:59:06,211 - INFO - Adicionando 17 produto(s) por shortHash...
2026-08-18 11:59:06,233 - INFO -   Total de produtos na coleção antes de adicionar: 0
2026-08-18 11:59:08,611 - INFO -   ➕ Produto adicionado: P-12X4J04NQF — Ponteira Modelo Original CBX 250 Twister 2002-2008 Pro Tork (SKU 1223) (total 0 → 1)
2026-08-18 11:59:11,006 - INFO -   ➕ Produto adicionado: P-BD24L1OPW2 — Ponteira Modelo Original para XTZ 125 2003 a 2016 Cromo Forte (SKU 125731) (total 1 → 2)
2026-08-18 11:59:13,169 - INFO -   ➕ Produto adicionado: P-AIOCO9AT6C — Ponteira Modelo Original para XR 250 Tornado 2001 a 2008 Cromo Forte (SKU 125730) (total 2 → 3)
2026-08-18 11:59:15,332 - INFO -   ➕ Produto adicionado: P-9VQ6O9VE5T — Ponteira Modelo Original para NX 200 Pro Tork (SKU 1228) (total 3 → 4)
2026-08-18 11:59:17,575 - INFO -   ➕ Produto adicionado: P-DLL0Y3J79G — Ponteira Gemoto Racing 3 Trioval Cb 250 Twister (SKU PAI-122252) (total 4 → 5)
2026-08-18 11:59:19,775 - INFO -   ➕ Produto adicionado: P-91CWHMITO8 — Ponteira Powercore 4 para KX 450F 2019 a 2022 Pro Tork (SKU 126537) (total 5 → 6)
2026-08-18 11:59:21,854 - INFO -   ➕ Produto adicionado: P-8G0QDR5B8G — Ponteira Modelo Turbo para XR 250 Tornado Pro Tork (SKU 110185) (total 6 → 7)
2026-08-18 11:59:24,195 - INFO -   ➕ Produto adicionado: P-37PS8O2QR5 — Ponteira Racing 3 Trioval para CB 300 2009 a 2014 Gemoto (SKU 122253) (total 7 → 8)
2026-08-18 11:59:26,735 - INFO -   ➕ Produto adicionado: P-9PZLLPKY3N — Ponteira Modelo V-Pro para XR 250 Tornado Pro Tork (SKU 519) (total 8 → 9)
2026-08-18 11:59:28,965 - INFO -   ➕ Produto adicionado: P-LK1IRQDLSD — Escapamento Modelo Original para CB 400 1980 a 1984 Pro Tork (SKU 116391) (total 9 → 10)
2026-08-18 11:59:31,187 - INFO -   ➕ Produto adicionado: P-D8C6E5JQ3L — Ponteira Pro Tork Usa Racing Xre 300 (SKU PAI-113210) (total 10 → 11)
2026-08-18 11:59:33,397 - INFO -   ➕ Produto adicionado: P-8FEH9HZTN4 — Ponteira U.S.A. Racing para XTZ 150 Crosser Pro Tork (SKU 113211) (total 11 → 12)
2026-08-18 11:59:35,593 - INFO -   ➕ Produto adicionado: P-C5KAQSYWIA — Ponteira Powercore 4 para CRF 230F Pro Tork (SKU 119496) (total 12 → 13)
2026-08-18 11:59:37,919 - INFO -   ➕ Produto adicionado: P-8DNKIL3C66 — Ponteira Racing 3 Trioval para NXR Bros 150 2006 a 2008 Gemoto (SKU 122267) (total 13 → 14)
2026-08-18 11:59:40,039 - INFO -   ➕ Produto adicionado: P-3945X95DAQ — Ponteira Cromo Forte Original Dt 180 1981 à 1997 (SKU PAI-125732) (total 14 → 15)
2026-08-18 11:59:42,117 - INFO -   ➕ Produto adicionado: P-2SZUHXPFBG — Ponteira Mini 3 Stamp NXR Bros 150 2009 a 2012 Pro Tork (SKU 126065) (total 15 → 16)
2026-08-18 11:59:44,419 - INFO -   ➕ Produto adicionado: P-CYZBUCAR0Y — Ponteira Mini 3 para NXR Bros 125 2003 a 2005 Pro Tork (SKU 125454) (total 16 → 17)
2026-08-18 11:59:44,420 - INFO - ✓ Adição concluída — 17 adicionado(s), 0 não encontrado(s), 0 sem efeito, 0 com código divergente
2026-08-18 11:59:44,420 - INFO - Salvando alterações...
2026-08-18 11:59:44,557 - INFO - ✓ Alterações salvas com sucesso
2026-08-18 11:59:44,557 - INFO - Conferindo resultado final da coleção...
2026-08-18 11:59:50,295 - ERROR -   ✗ DIVERGÊNCIA FINAL — esperado: 17 | encontrado na coleção: 0 | diferença: 17
2026-08-18 11:59:52,485 - INFO - ============================================================
2026-08-18 11:59:52,485 - INFO - ✓ FLUXO CONCLUÍDO
2026-08-18 11:59:52,486 - INFO - ============================================================
2026-08-18 11:59:54,748 - INFO - Chrome fechado
2026-08-18 11:59:54,749 - INFO - ============================================================
2026-08-18 11:59:54,749 - INFO - RESUMO DE TEMPOS POR FASE (MEDIR_TEMPOS=True)
2026-08-18 11:59:54,749 - INFO -   busca                       27.03s total |   17x | média 1.590s |  70.8%
2026-08-18 11:59:54,749 - INFO -   confirmacao_contador        10.92s total |   17x | média 0.643s |  28.6%
2026-08-18 11:59:54,750 - INFO -   clique                       0.21s total |   17x | média 0.013s |   0.6%
2026-08-18 11:59:54,750 - INFO -   validacao_sku                0.00s total |   17x | média 0.000s |   0.0%
2026-08-18 11:59:54,750 - INFO -   TOTAL MEDIDO                38.17s
2026-08-18 11:59:54,750 - INFO - ============================================================
2026-08-18 13:16:54,930 - INFO - ============================================================
2026-08-18 13:16:54,930 - INFO - INICIANDO ROBÔ DE GERENCIAMENTO DE COLEÇÕES - SPORTBAY
2026-08-18 13:16:54,930 - INFO - ============================================================
2026-08-18 13:16:54,930 - INFO - Lendo planilha: c:\Users\Protork\Desktop\Analise de preços site\Atualização de coleções\ATUALIZAÇÃO DE COLEÇÕES.xlsx
2026-08-18 13:16:55,303 - INFO - Coleção alvo: 'Escapamentos Esportivos'
2026-08-18 13:16:55,304 - INFO - Total de shortHashes a adicionar: 23
2026-08-18 13:16:57,229 - INFO - Acessando página de login...
2026-08-18 13:17:00,230 - INFO - ✓ Login realizado com sucesso
2026-08-18 13:17:00,230 - INFO - Navegando direto para: https://www.marketplace.sportbay.com.br/dashboard/categories
2026-08-18 13:17:01,643 - INFO - ✓ Página de lista de categorias/coleções carregada
2026-08-18 13:17:01,643 - INFO - Procurando coleção: 'Escapamentos Esportivos'
2026-08-18 13:17:05,832 - INFO - ✓ Coleção aberta para edição
2026-08-18 13:17:05,832 - INFO - Removendo produtos atuais da coleção...
2026-08-18 13:17:06,704 - INFO - ✓ Coleção já está sem produtos ('Nenhum produto encontrado') — nada a remover, indo direto para a Seleção Manual de Produtos
2026-08-18 13:17:06,705 - INFO - Removendo filtro de Merchant 'Sportbay'...
2026-08-18 13:17:07,491 - INFO - ✓ Filtro de Merchant removido e confirmado (tag não existe mais no DOM)
2026-08-18 13:17:07,492 - INFO - Adicionando 23 produto(s) por shortHash...
2026-08-18 13:17:07,545 - INFO -   Total de produtos na coleção antes de adicionar: 0
2026-08-18 13:17:10,045 - INFO -   ➕ Produto adicionado: P-4HR0HK6O8G — Escapamento Powercore 4 CRF 230 2008-2020 Pro Tork (SKU 119490) (total 0 → 1)
2026-08-18 13:17:12,630 - INFO -   ➕ Produto adicionado: P-7UAWSPJJJG — Escapamento Powercore 4 Pro Series CRF 300F 2025 Pro Tork (SKU 127025) (total 1 → 2)
2026-08-18 13:17:15,015 - INFO -   ➕ Produto adicionado: P-2FM063KBK1 — Escapamento Powercore 4 para CRF 250F 2019 e 2025 Pro Tork (SKU 119503) (total 2 → 3)
2026-08-18 13:17:17,212 - INFO -   ➕ Produto adicionado: P-6VABUFLVPB — Escapamento Powercore 3 Steel Technology para NXR Bros 150 2009 a 2015 Pro Tork (SKU 126441) (total 3 → 4)
2026-08-18 13:17:19,480 - INFO -   ➕ Produto adicionado: P-5U0DRTUOSP — Escapamento Powercore 4 para XRE 300 2009 a 2022 Pro Tork (SKU 120142) (total 4 → 5)
2026-08-18 13:17:21,639 - INFO -   ➕ Produto adicionado: P-CJ69D9M4WU — Escapamento Next para Titan 150 KS ES 2005 a 2008 Pro Tork (SKU 116510) (total 5 → 6)
2026-08-18 13:17:23,782 - INFO -   ➕ Produto adicionado: P-SFZEUZFDN2 — Escapamento Next para Biz 125 2011 a 2018 Pro Tork (SKU 116499) (total 6 → 7)
2026-08-18 13:17:26,098 - INFO -   ➕ Produto adicionado: P-9UQRTGSV2O — Escapamento Next para XTZ 150 Crosser Pro Tork (SKU 116520) (total 7 → 8)
2026-08-18 13:17:28,229 - INFO -   ➕ Produto adicionado: P-BWO3PICD6B — Escapamento Next Dual HP Series para Titan 150 2014 e 2015, Start 150 2014 e 2015, Titan 160, Fan 160 e Start 160 Pro Tork (SKU 124095) (total 8 → 9)
2026-08-18 13:17:30,357 - INFO -   ➕ Produto adicionado: P-AH3I4JZ4OV — Escapamento Pro Tork Competition [curva Cromada] Biz 125 2006/10 (SKU PAI-119936) (total 9 → 10)
2026-08-18 13:17:32,623 - INFO -   ➕ Produto adicionado: P-39WLHEUHGJ — Escapamento Competition para Titan 125 1995 a 1999 Por Tork (SKU 120234) (total 10 → 11)
2026-08-18 13:17:34,691 - INFO -   ➕ Produto adicionado: P-69448D03E6 — Escapamento Pro Tork Competition [curva Cromada] Titan 150 Ks/es 2004/08 (SKU PAI-119931) (total 11 → 12)
2026-08-18 13:17:36,828 - INFO -   ➕ Produto adicionado: P-EC7898L7Z1 — Escapamento Competition para Pop 100 Pro Tork (SKU 120236) (total 12 → 13)
2026-08-18 13:17:39,077 - INFO -   ➕ Produto adicionado: P-CWJZKRWJRO — Escapamento Competition para Titan 150, Fan 125 e Fan 150 Pro Tork (SKU 119932) (total 13 → 14)
2026-08-18 13:17:41,277 - INFO -   ➕ Produto adicionado: P-3XNOH4UU2M — Escapamento Competition para Biz 100 1998 a 2005 Pro Tork (SKU 119935) (total 14 → 15)
2026-08-18 13:17:43,898 - INFO -   ➕ Produto adicionado: P-C7V6A6R4R4 — Escapamento Racing 3 Trioval para CBX 250 Twister 2003 a 2008 Gemoto (SKU 121439) (total 15 → 16)
2026-08-18 13:17:46,103 - INFO -   ➕ Produto adicionado: P-47WFMD5H1L — Escapamento Racing 3 Trioval para Titan 160 2016 a 2022 e Fan 160 2018 a 2022 Gemoto (SKU 121408) (total 16 → 17)
2026-08-18 13:17:48,165 - INFO -   ➕ Produto adicionado: P-92RRU4T13Q — Escapamento Racing 3 Trioval para Titan 150 KS ES 2009 a 2013 e Fan 150 Mix 2010 a 2013 Gemoto (SKU 121436) (total 17 → 18)
2026-08-18 13:17:50,459 - INFO -   ➕ Produto adicionado: P-7AGAYRJAO5 — Ponteira Gemoto Racing 3 Trioval Cb 250 Twister (SKU PAI-122252) (total 18 → 19)
2026-08-18 13:17:52,732 - INFO -   ➕ Produto adicionado: P-CALS5IBJJA — Escapamento Gemoto Racing Titan 125 Ks/kse 2000/04 / Fan 125 2005/08 (SKU PAI-121330) (total 19 → 20)
2026-08-18 13:17:54,867 - INFO -   ➕ Produto adicionado: P-90NJW0P8E9 — Escapamento U.S.A. Racing para Titan 160, Fan 160 e CG Start 160 Pro Tork (SKU 110792) (total 20 → 21)
2026-08-18 13:17:56,998 - INFO -   ➕ Produto adicionado: P-ZTPUPU103C — Escapamento Gemoto Racing Titan 160 2016/20 / Fan 160 2018/22 (SKU PAI-122310) (total 21 → 22)
2026-08-18 13:17:59,348 - INFO -   ➕ Produto adicionado: P-9UMKJN3L87 — Escapamento Pro Tork Usa Racing Biz 125 2011/18 (SKU PAI-110784) (total 22 → 23)
2026-08-18 13:17:59,349 - INFO - ✓ Adição concluída — 23 adicionado(s), 0 não encontrado(s), 0 sem efeito, 0 com código divergente
2026-08-18 13:17:59,349 - INFO - Salvando alterações...
2026-08-18 13:17:59,494 - INFO - ✓ Alterações salvas com sucesso
2026-08-18 13:17:59,494 - INFO - Conferindo resultado final da coleção...
2026-08-18 13:18:04,817 - ERROR -   ✗ DIVERGÊNCIA FINAL — esperado: 23 | encontrado na coleção: 0 | diferença: 23
2026-08-18 13:18:06,944 - INFO - ============================================================
2026-08-18 13:18:06,944 - INFO - ✓ FLUXO CONCLUÍDO
2026-08-18 13:18:06,944 - INFO - ============================================================
2026-08-18 13:18:09,157 - INFO - Chrome fechado
2026-08-18 13:18:09,157 - INFO - ============================================================
2026-08-18 13:18:09,158 - INFO - RESUMO DE TEMPOS POR FASE (MEDIR_TEMPOS=True)
2026-08-18 13:18:09,158 - INFO -   busca                       36.64s total |   23x | média 1.593s |  70.8%
2026-08-18 13:18:09,159 - INFO -   confirmacao_contador        14.77s total |   23x | média 0.642s |  28.5%
2026-08-18 13:18:09,160 - INFO -   clique                       0.34s total |   23x | média 0.015s |   0.7%
2026-08-18 13:18:09,161 - INFO -   validacao_sku                0.00s total |   23x | média 0.000s |   0.0%
2026-08-18 13:18:09,161 - INFO -   TOTAL MEDIDO                51.75s
2026-08-18 13:18:09,162 - INFO - ============================================================
2026-08-18 15:09:23,396 - INFO - ============================================================
2026-08-18 15:09:23,396 - INFO - INICIANDO ROBÔ DE GERENCIAMENTO DE COLEÇÕES - SPORTBAY
2026-08-18 15:09:23,397 - INFO - ============================================================
2026-08-18 15:09:23,397 - INFO - Lendo planilha: c:\Users\Protork\Desktop\Analise de preços site\Atualização de coleções\ATUALIZAÇÃO DE COLEÇÕES.xlsx
2026-08-18 15:09:23,669 - INFO - Coleção alvo: 'Promoções do Dia'
2026-08-18 15:09:23,669 - INFO - Total de shortHashes a adicionar: 20
2026-08-18 15:09:26,604 - INFO - Acessando página de login...
2026-08-18 15:09:29,605 - INFO - ✓ Login realizado com sucesso
2026-08-18 15:09:29,607 - INFO - Navegando direto para: https://www.marketplace.sportbay.com.br/dashboard/categories
2026-08-18 15:09:30,946 - INFO - ✓ Página de lista de categorias/coleções carregada
2026-08-18 15:09:30,946 - INFO - Procurando coleção: 'Promoções do Dia'
2026-08-18 15:09:34,912 - INFO - ✓ Coleção aberta para edição
2026-08-18 15:09:34,912 - INFO - Removendo produtos atuais da coleção...
2026-08-18 15:09:36,956 - INFO -   ➖ Produto removido (total até agora: 1)
2026-08-18 15:09:37,705 - INFO -   ➖ Produto removido (total até agora: 2)
2026-08-18 15:09:38,307 - INFO -   ➖ Produto removido (total até agora: 3)
2026-08-18 15:09:39,004 - INFO -   ➖ Produto removido (total até agora: 4)
2026-08-18 15:09:39,817 - INFO -   ➖ Produto removido (total até agora: 5)
2026-08-18 15:09:40,476 - INFO -   ➖ Produto removido (total até agora: 6)
2026-08-18 15:09:41,451 - INFO -   ➖ Produto removido (total até agora: 7)
2026-08-18 15:09:42,127 - INFO -   ➖ Produto removido (total até agora: 8)
2026-08-18 15:09:42,786 - INFO -   ➖ Produto removido (total até agora: 9)
2026-08-18 15:09:43,403 - INFO -   ➖ Produto removido (total até agora: 10)
2026-08-18 15:09:44,002 - INFO -   ➖ Produto removido (total até agora: 11)
2026-08-18 15:09:44,614 - INFO -   ➖ Produto removido (total até agora: 12)
2026-08-18 15:09:45,220 - INFO -   ➖ Produto removido (total até agora: 13)
2026-08-18 15:09:45,808 - INFO -   ➖ Produto removido (total até agora: 14)
2026-08-18 15:09:46,641 - INFO -   ➖ Produto removido (total até agora: 15)
2026-08-18 15:09:47,265 - INFO -   ➖ Produto removido (total até agora: 16)
2026-08-18 15:09:47,896 - INFO -   ➖ Produto removido (total até agora: 17)
2026-08-18 15:09:48,798 - INFO -   ➖ Produto removido (total até agora: 18)
2026-08-18 15:09:49,381 - INFO -   ➖ Produto removido (total até agora: 19)
2026-08-18 15:09:49,960 - INFO -   ➖ Produto removido (total até agora: 20)
2026-08-18 15:09:50,610 - INFO -   ➖ Produto removido (total até agora: 21)
2026-08-18 15:09:51,486 - INFO -   ➖ Produto removido (total até agora: 22)
2026-08-18 15:09:52,236 - INFO -   ➖ Produto removido (total até agora: 23)
2026-08-18 15:09:53,083 - INFO -   ➖ Produto removido (total até agora: 24)
2026-08-18 15:09:53,690 - INFO -   ➖ Produto removido (total até agora: 25)
2026-08-18 15:09:54,541 - INFO -   ➖ Produto removido (total até agora: 26)
2026-08-18 15:09:55,134 - INFO -   ➖ Produto removido (total até agora: 27)
2026-08-18 15:09:55,706 - INFO -   ➖ Produto removido (total até agora: 28)
2026-08-18 15:09:56,342 - INFO -   ➖ Produto removido (total até agora: 29)
2026-08-18 15:09:56,927 - INFO -   ➖ Produto removido (total até agora: 30)
2026-08-18 15:09:57,658 - INFO -   ➖ Produto removido (total até agora: 31)
2026-08-18 15:09:58,336 - INFO -   ➖ Produto removido (total até agora: 32)
2026-08-18 15:09:59,193 - INFO -   ➖ Produto removido (total até agora: 33)
2026-08-18 15:09:59,894 - INFO -   ➖ Produto removido (total até agora: 34)
2026-08-18 15:10:00,522 - INFO -   ➖ Produto removido (total até agora: 35)
2026-08-18 15:10:01,162 - INFO -   ➖ Produto removido (total até agora: 36)
2026-08-18 15:10:01,863 - INFO -   ➖ Produto removido (total até agora: 37)
2026-08-18 15:10:02,641 - INFO -   ➖ Produto removido (total até agora: 38)
2026-08-18 15:10:03,457 - INFO -   ➖ Produto removido (total até agora: 39)
2026-08-18 15:10:04,096 - INFO -   ➖ Produto removido (total até agora: 40)
2026-08-18 15:10:04,733 - INFO -   ➖ Produto removido (total até agora: 41)
2026-08-18 15:10:05,381 - INFO -   ➖ Produto removido (total até agora: 42)
2026-08-18 15:10:05,982 - INFO -   ➖ Produto removido (total até agora: 43)
2026-08-18 15:10:06,683 - INFO -   ➖ Produto removido (total até agora: 44)
2026-08-18 15:10:07,272 - INFO -   ➖ Produto removido (total até agora: 45)
2026-08-18 15:10:07,935 - INFO -   ➖ Produto removido (total até agora: 46)
2026-08-18 15:10:08,984 - INFO -   ➖ Produto removido (total até agora: 47)
2026-08-18 15:10:09,806 - INFO -   ➖ Produto removido (total até agora: 48)
2026-08-18 15:10:10,537 - INFO -   ➖ Produto removido (total até agora: 49)
2026-08-18 15:10:11,141 - INFO -   ➖ Produto removido (total até agora: 50)
2026-08-18 15:10:11,756 - INFO -   ➖ Produto removido (total até agora: 51)
2026-08-18 15:10:12,607 - INFO -   ➖ Produto removido (total até agora: 52)
2026-08-18 15:10:13,521 - INFO -   ➖ Produto removido (total até agora: 53)
2026-08-18 15:10:14,485 - INFO -   ➖ Produto removido (total até agora: 54)
2026-08-18 15:10:15,153 - INFO -   ➖ Produto removido (total até agora: 55)
2026-08-18 15:10:15,733 - INFO -   ➖ Produto removido (total até agora: 56)
2026-08-18 15:10:16,489 - INFO -   ➖ Produto removido (total até agora: 57)
2026-08-18 15:10:17,085 - INFO -   ➖ Produto removido (total até agora: 58)
2026-08-18 15:10:17,678 - INFO -   ➖ Produto removido (total até agora: 59)
2026-08-18 15:10:18,518 - INFO -   ➖ Produto removido (total até agora: 60)
2026-08-18 15:10:19,082 - INFO -   ➖ Produto removido (total até agora: 61)
2026-08-18 15:10:19,966 - INFO -   ➖ Produto removido (total até agora: 62)
2026-08-18 15:10:20,025 - INFO - ✓ Remoção concluída — 62 produto(s) removido(s)
2026-08-18 15:10:20,025 - INFO - Removendo filtro de Merchant 'Sportbay'...
2026-08-18 15:10:20,198 - INFO - ✓ Filtro de Merchant removido e confirmado (tag não existe mais no DOM)
2026-08-18 15:10:20,198 - INFO - Adicionando 20 produto(s) por shortHash...
2026-08-18 15:10:20,219 - INFO -   Total de produtos na coleção antes de adicionar: 0
2026-08-18 15:10:22,568 - INFO -   ➕ Produto adicionado: P-4B5YTT09OV — Capacete Fechado Pro Tork R8 Vis. Fumê (SKU PAI-116746A) (total 0 → 1)
2026-08-18 15:10:25,153 - INFO -   ➕ Produto adicionado: P-LZHIMXSFHF — Capacete Fechado Pro Tork Sport Moto 788 (SKU PAI-110731A) (total 1 → 2)
2026-08-18 15:10:27,398 - INFO -   ➕ Produto adicionado: P-4LN3RDHLBX — Capacete Aberto Etceter Open (SKU PAI-121163) (total 2 → 3)
2026-08-18 15:10:29,557 - INFO -   ➕ Produto adicionado: P-36ICMN7CJ5 — Capacete Aberto New Liberty Three Pro Tork (SKU 110866) (total 3 → 4)
2026-08-18 15:10:32,119 - INFO -   ➕ Produto adicionado: P-39J97Y80G9 — Capacete Fechado Stealth Concept Brilhante Viseira Fumê Pro Tork (SKU 124963) (total 4 → 5)
2026-08-18 15:10:34,509 - INFO -   ➕ Produto adicionado: P-10N6T5C60Q — Capacete Fechado Pro Tork Evolution 788 G8 Evo (SKU PAI-119943) (total 5 → 6)
2026-08-18 15:10:36,707 - INFO -   ➕ Produto adicionado: P-F4AXIG0GOS — Capacete Escamoteável Attack Evo Fosco Pro Tork (SKU 117524) (total 6 → 7)
2026-08-18 15:10:38,954 - INFO -   ➕ Produto adicionado: P-2RTJESJ2YW — Escapamento Powercore 3 Steel Technology NXR Bros 160 2016-2025 Pro Tork (SKU 127020) (total 7 → 8)
2026-08-18 15:10:41,109 - INFO -   ➕ Produto adicionado: P-7VX1YBXR1K — Escapamento Competition para Pop 100 2007 a 2015 Pro Tork (SKU 119942) (total 8 → 9)
2026-08-18 15:10:43,341 - INFO -   ➕ Produto adicionado: P-4R8NIZC37Y — Kit Carenagem 5 Peças Pro Tork Biz 100 1998/05 (SKU PAI-112481) (total 9 → 10)
2026-08-18 15:10:45,726 - INFO -   ➕ Produto adicionado: P-BCJ67V3E0D — Bota Motocross Jett Lite (SKU 4902) (total 10 → 11)
2026-08-18 15:10:48,137 - INFO -   ➕ Produto adicionado: P-3XOB2US7F6 — Óculos Motocross Blast Pro Tork (SKU 113100) (total 11 → 12)
2026-08-18 15:10:50,418 - INFO -   ➕ Produto adicionado: P-1E3EIP961T — Kit Conjunto Carenagem 4 Peças Plástico Moto Biz Honda 125 Ks Es 2006 A 2010 (SKU PAI-112483) (total 12 → 13)
2026-08-18 15:10:52,668 - INFO -   ➕ Produto adicionado: P-5QWTN8WDRZ — Baú 45 Litros Smart Box 2 Pro Tork (SKU 5499) (total 13 → 14)
2026-08-18 15:10:54,886 - INFO -   ➕ Produto adicionado: P-D8Y64DA4OI — Bota Motocross Articulada Jett Lite New Color Grey (SKU 125622) (total 14 → 15)
2026-08-18 15:10:57,015 - INFO -   ➕ Produto adicionado: P-4HR0HK6O8G — Escapamento Powercore 4 CRF 230 2008-2020 Pro Tork (SKU 119490) (total 15 → 16)
2026-08-18 15:10:59,313 - INFO -   ➕ Produto adicionado: P-DAV8NOVD5T — Bota Motocross Articulada Jett Lite New Color Grey & Blue (SKU 126759) (total 16 → 17)
2026-08-18 15:11:01,437 - INFO -   ➕ Produto adicionado: P-AXIIJINC1P — Pneu Traseiro 140/70-17 Pro Tork Str7000 (SKU PAI-124817) (total 17 → 18)
2026-08-18 15:11:03,689 - INFO -   ➕ Produto adicionado: P-63LFNMJGD2 — Pneu Dianteiro 2.75-18 Pro Tork Str 7000 (SKU PAI-121018) (total 18 → 19)
2026-08-18 15:11:05,959 - INFO -   ➕ Produto adicionado: P-6XZFPI4G79 — Pneu Traseiro 90/90-18 Pro Tork Str 7000 (SKU PAI-121020) (total 19 → 20)
2026-08-18 15:11:05,959 - INFO - ✓ Adição concluída — 20 adicionado(s), 0 não encontrado(s), 0 sem efeito, 0 com código divergente
2026-08-18 15:11:05,959 - INFO - Salvando alterações...
2026-08-18 15:11:06,110 - INFO - ✓ Alterações salvas com sucesso
2026-08-18 15:11:06,110 - INFO - Conferindo resultado final da coleção...
2026-08-18 15:11:08,227 - INFO -   ✓ Contagem final confere: 20 produto(s) na coleção
2026-08-18 15:11:08,227 - INFO - ============================================================
2026-08-18 15:11:08,227 - INFO - ✓ FLUXO CONCLUÍDO
2026-08-18 15:11:08,228 - INFO - ============================================================
2026-08-18 15:11:10,477 - INFO - Chrome fechado
2026-08-18 15:11:10,477 - INFO - ============================================================
2026-08-18 15:11:10,477 - INFO - RESUMO DE TEMPOS POR FASE (MEDIR_TEMPOS=True)
2026-08-18 15:11:10,477 - INFO -   remocao_item                43.75s total |   63x | média 0.694s |  48.9%
2026-08-18 15:11:10,478 - INFO -   busca                       31.51s total |   20x | média 1.575s |  35.2%
2026-08-18 15:11:10,478 - INFO -   confirmacao_contador        14.01s total |   20x | média 0.700s |  15.7%
2026-08-18 15:11:10,478 - INFO -   clique                       0.20s total |   20x | média 0.010s |   0.2%
2026-08-18 15:11:10,478 - INFO -   validacao_sku                0.00s total |   20x | média 0.000s |   0.0%
2026-08-18 15:11:10,478 - INFO -   TOTAL MEDIDO                89.47s
2026-08-18 15:11:10,478 - INFO - ============================================================
2026-08-18 15:53:53,309 - INFO - ============================================================
2026-08-18 15:53:53,310 - INFO - INICIANDO ROBÔ DE GERENCIAMENTO DE COLEÇÕES - SPORTBAY
2026-08-18 15:53:53,310 - INFO - ============================================================
2026-08-18 15:53:53,310 - INFO - Lendo planilha: c:\Users\Protork\Desktop\Analise de preços site\Atualização de coleções\ATUALIZAÇÃO DE COLEÇÕES.xlsx
2026-08-18 15:53:53,647 - INFO - Coleção alvo: 'Mais Potência'
2026-08-18 15:53:53,648 - INFO - Total de shortHashes a adicionar: 14
2026-08-18 15:53:55,395 - INFO - Acessando página de login...
2026-08-18 15:53:58,202 - INFO - ✓ Login realizado com sucesso
2026-08-18 15:53:58,203 - INFO - Navegando direto para: https://www.marketplace.sportbay.com.br/dashboard/categories
2026-08-18 15:53:59,586 - INFO - ✓ Página de lista de categorias/coleções carregada
2026-08-18 15:53:59,589 - INFO - Procurando coleção: 'Mais Potência'
2026-08-18 15:54:03,758 - INFO - ✓ Coleção aberta para edição
2026-08-18 15:54:03,763 - INFO - Editor de SEO não encontrado nesta tela — nada a limpar
2026-08-18 15:54:03,764 - INFO - Removendo produtos atuais da coleção...
2026-08-18 15:54:05,508 - INFO -   ➖ Produto removido (total até agora: 1)
2026-08-18 15:54:06,090 - INFO -   ➖ Produto removido (total até agora: 2)
2026-08-18 15:54:06,777 - INFO -   ➖ Produto removido (total até agora: 3)
2026-08-18 15:54:07,371 - INFO -   ➖ Produto removido (total até agora: 4)
2026-08-18 15:54:07,980 - INFO -   ➖ Produto removido (total até agora: 5)
2026-08-18 15:54:08,646 - INFO -   ➖ Produto removido (total até agora: 6)
2026-08-18 15:54:09,395 - INFO -   ➖ Produto removido (total até agora: 7)
2026-08-18 15:54:10,127 - INFO -   ➖ Produto removido (total até agora: 8)
2026-08-18 15:54:10,678 - INFO -   ➖ Produto removido (total até agora: 9)
2026-08-18 15:54:11,264 - INFO -   ➖ Produto removido (total até agora: 10)
2026-08-18 15:54:11,809 - INFO -   ➖ Produto removido (total até agora: 11)
2026-08-18 15:54:12,363 - INFO -   ➖ Produto removido (total até agora: 12)
2026-08-18 15:54:12,389 - INFO - ✓ Remoção concluída — 12 produto(s) removido(s)
2026-08-18 15:54:12,389 - INFO - Removendo filtro de Merchant 'Sportbay'...
2026-08-18 15:54:12,711 - INFO - ✓ Filtro de Merchant removido e confirmado (tag não existe mais no DOM)
2026-08-18 15:54:12,712 - INFO - Adicionando 14 produto(s) por shortHash...
2026-08-18 15:54:12,744 - INFO -   Total de produtos na coleção antes de adicionar: 0
2026-08-18 15:54:15,065 - INFO -   ➕ Produto adicionado: P-2RTJESJ2YW — Escapamento Powercore 3 Steel Technology NXR Bros 160 2016-2025 Pro Tork (SKU 127020) (total 0 → 1)
2026-08-18 15:54:17,290 - INFO -   ➕ Produto adicionado: P-CLHVJCSSLT — Escapamento Competition para Pop 110 Pro Tork (SKU 119834) (total 1 → 2)
2026-08-18 15:54:19,323 - INFO -   ➕ Produto adicionado: P-A7KRR79S2P — Escapamento Powercore 3 Steel Technology para XR 250 Tornado Pro Tork (SKU 124885) (total 2 → 3)
2026-08-18 15:54:21,375 - INFO -   ➕ Produto adicionado: P-971MV5XKII — Escapamento Competition para Titan 150 2009 a 2013 e Fan 150 2009 a 2013 e Fan 125 2009 a 2014 Pro Tork (SKU 119822) (total 3 → 4)
2026-08-18 15:54:23,600 - INFO -   ➕ Produto adicionado: P-8QY5N5GFD4 — Escapamento Modelo Original para Titan 160 2024 a 2025, Fan 160 2024 a 2025 e Start 160 2024 a 2025 Pro Tork (SKU 126960) (total 4 → 5)
2026-08-18 15:54:25,778 - INFO -   ➕ Produto adicionado: P-34I1TFO5LR — Escapamento Pro Tork Competition [curva Cromada] Fan 160 / Start 160 (SKU PAI-119933) (total 5 → 6)
2026-08-18 15:54:27,858 - INFO -   ➕ Produto adicionado: P-4HR0HK6O8G — Escapamento Powercore 4 CRF 230 2008-2020 Pro Tork (SKU 119490) (total 6 → 7)
2026-08-18 15:54:30,037 - INFO -   ➕ Produto adicionado: P-D6TD92N9T5 — Escapamento Powercore 3 Steel Technology para NXR Bros 125 2003 a 2005 Pro Tork (SKU 126442) (total 7 → 8)
2026-08-18 15:54:32,203 - INFO -   ➕ Produto adicionado: P-7TPF8QYB0H — Escape Pro Tork Mini Gp Titan 150 Ks-es 2004 - 2008 (SKU PAI-111784) (total 8 → 9)
2026-08-18 15:54:34,269 - INFO -   ➕ Produto adicionado: P-BD24L1OPW2 — Ponteira Modelo Original para XTZ 125 2003 a 2016 Cromo Forte (SKU 125731) (total 9 → 10)
2026-08-18 15:54:36,457 - INFO -   ➕ Produto adicionado: P-7EYGRLTTB7 — Escapamento Modelo Original para YBR 125 2000 a 2009 Cromo Forte (SKU 124285) (total 10 → 11)
2026-08-18 15:54:38,601 - INFO -   ➕ Produto adicionado: P-E8T46IGA5V — Escapamento Competition para YBR 125 2002 a 2008 Pro Tork (SKU 126643) (total 11 → 12)
2026-08-18 15:54:40,971 - INFO -   ➕ Produto adicionado: P-7UAWSPJJJG — Escapamento Powercore 4 Pro Series CRF 300F 2025 Pro Tork (SKU 127025) (total 12 → 13)
2026-08-18 15:54:43,269 - INFO -   ➕ Produto adicionado: P-2FM063KBK1 — Escapamento Powercore 4 para CRF 250F 2019 e 2025 Pro Tork (SKU 119503) (total 13 → 14)
2026-08-18 15:54:43,270 - INFO - ✓ Adição concluída — 14 adicionado(s), 0 não encontrado(s), 0 sem efeito, 0 com código divergente
2026-08-18 15:54:43,270 - INFO - Salvando alterações...
2026-08-18 15:54:43,453 - INFO - ✓ Alterações salvas com sucesso
2026-08-18 15:54:43,453 - INFO - Conferindo resultado final da coleção...
2026-08-18 15:54:45,822 - INFO -   ✓ Contagem final confere: 14 produto(s) na coleção
2026-08-18 15:54:45,822 - INFO - ============================================================
2026-08-18 15:54:45,822 - INFO - ✓ FLUXO CONCLUÍDO
2026-08-18 15:54:45,822 - INFO - ============================================================
2026-08-18 15:54:48,025 - INFO - Chrome fechado
2026-08-18 15:54:48,025 - INFO - ============================================================
2026-08-18 15:54:48,025 - INFO - RESUMO DE TEMPOS POR FASE (MEDIR_TEMPOS=True)
2026-08-18 15:54:48,025 - INFO -   busca                       21.82s total |   14x | média 1.558s |  57.5%
2026-08-18 15:54:48,026 - INFO -   confirmacao_contador         8.53s total |   14x | média 0.610s |  22.5%
2026-08-18 15:54:48,026 - INFO -   remocao_item                 7.44s total |   13x | média 0.572s |  19.6%
2026-08-18 15:54:48,026 - INFO -   clique                       0.15s total |   14x | média 0.011s |   0.4%
2026-08-18 15:54:48,026 - INFO -   validacao_sku                0.00s total |   14x | média 0.000s |   0.0%
2026-08-18 15:54:48,026 - INFO -   TOTAL MEDIDO                37.94s
2026-08-18 15:54:48,026 - INFO - ============================================================
2026-08-18 16:13:48,948 - INFO - ============================================================
2026-08-18 16:13:48,948 - INFO - INICIANDO ROBÔ DE GERENCIAMENTO DE COLEÇÕES - SPORTBAY
2026-08-18 16:13:48,949 - INFO - ============================================================
2026-08-18 16:13:48,949 - INFO - Lendo planilha: c:\Users\Protork\Desktop\Analise de preços site\Atualização de coleções\ATUALIZAÇÃO DE COLEÇÕES.xlsx
2026-08-18 16:13:49,325 - INFO - Coleção alvo: 'Mais Potência'
2026-08-18 16:13:49,325 - INFO - Total de shortHashes a adicionar: 14
2026-08-18 16:13:50,160 - INFO - Acessando página de login...
2026-08-18 16:13:52,850 - INFO - ✓ Login realizado com sucesso
2026-08-18 16:13:52,850 - INFO - Navegando direto para: https://www.marketplace.sportbay.com.br/dashboard/categories
2026-08-18 16:13:54,271 - INFO - ✓ Página de lista de categorias/coleções carregada
2026-08-18 16:13:54,275 - INFO - Procurando coleção: 'Mais Potência'
2026-08-18 16:13:58,366 - INFO - ✓ Coleção aberta para edição
2026-08-18 16:13:59,607 - INFO - Editor de SEO: 52 blocos, 22 parágrafo(s) vazio(s), 22 antes de heading
2026-08-18 16:14:00,100 - INFO - ✓ SEO normalizado: 22 parágrafo(s) vazio(s) removido(s) via quill
2026-08-18 16:14:00,100 - INFO - Removendo produtos atuais da coleção...
2026-08-18 16:14:00,755 - INFO -   ➖ Produto removido (total até agora: 1)
2026-08-18 16:14:01,358 - INFO -   ➖ Produto removido (total até agora: 2)
2026-08-18 16:14:01,923 - INFO -   ➖ Produto removido (total até agora: 3)
2026-08-18 16:14:02,548 - INFO -   ➖ Produto removido (total até agora: 4)
2026-08-18 16:14:03,208 - INFO -   ➖ Produto removido (total até agora: 5)
2026-08-18 16:14:04,025 - INFO -   ➖ Produto removido (total até agora: 6)
2026-08-18 16:14:04,825 - INFO -   ➖ Produto removido (total até agora: 7)
2026-08-18 16:14:05,738 - INFO -   ➖ Produto removido (total até agora: 8)
2026-08-18 16:14:06,359 - INFO -   ➖ Produto removido (total até agora: 9)
2026-08-18 16:14:06,954 - INFO -   ➖ Produto removido (total até agora: 10)
2026-08-18 16:14:07,540 - INFO -   ➖ Produto removido (total até agora: 11)
2026-08-18 16:14:08,105 - INFO -   ➖ Produto removido (total até agora: 12)
2026-08-18 16:14:08,751 - INFO -   ➖ Produto removido (total até agora: 13)
2026-08-18 16:14:09,362 - INFO -   ➖ Produto removido (total até agora: 14)
2026-08-18 16:14:09,398 - INFO - ✓ Remoção concluída — 14 produto(s) removido(s)
2026-08-18 16:14:09,399 - INFO - Removendo filtro de Merchant 'Sportbay'...
2026-08-18 16:14:09,650 - INFO - ✓ Filtro de Merchant removido e confirmado (tag não existe mais no DOM)
2026-08-18 16:14:09,650 - INFO - Adicionando 14 produto(s) por shortHash...
2026-08-18 16:14:09,687 - INFO -   Total de produtos na coleção antes de adicionar: 0
2026-08-18 16:14:11,972 - INFO -   ➕ Produto adicionado: P-2RTJESJ2YW — Escapamento Powercore 3 Steel Technology NXR Bros 160 2016-2025 Pro Tork (SKU 127020) (total 0 → 1)
2026-08-18 16:14:14,038 - INFO -   ➕ Produto adicionado: P-CLHVJCSSLT — Escapamento Competition para Pop 110 Pro Tork (SKU 119834) (total 1 → 2)
2026-08-18 16:14:16,099 - INFO -   ➕ Produto adicionado: P-A7KRR79S2P — Escapamento Powercore 3 Steel Technology para XR 250 Tornado Pro Tork (SKU 124885) (total 2 → 3)
2026-08-18 16:14:18,315 - INFO -   ➕ Produto adicionado: P-971MV5XKII — Escapamento Competition para Titan 150 2009 a 2013 e Fan 150 2009 a 2013 e Fan 125 2009 a 2014 Pro Tork (SKU 119822) (total 3 → 4)
2026-08-18 16:14:20,414 - INFO -   ➕ Produto adicionado: P-8QY5N5GFD4 — Escapamento Modelo Original para Titan 160 2024 a 2025, Fan 160 2024 a 2025 e Start 160 2024 a 2025 Pro Tork (SKU 126960) (total 4 → 5)
2026-08-18 16:14:22,463 - INFO -   ➕ Produto adicionado: P-34I1TFO5LR — Escapamento Pro Tork Competition [curva Cromada] Fan 160 / Start 160 (SKU PAI-119933) (total 5 → 6)
2026-08-18 16:14:24,802 - INFO -   ➕ Produto adicionado: P-4HR0HK6O8G — Escapamento Powercore 4 CRF 230 2008-2020 Pro Tork (SKU 119490) (total 6 → 7)
2026-08-18 16:14:26,866 - INFO -   ➕ Produto adicionado: P-D6TD92N9T5 — Escapamento Powercore 3 Steel Technology para NXR Bros 125 2003 a 2005 Pro Tork (SKU 126442) (total 7 → 8)
2026-08-18 16:14:28,962 - INFO -   ➕ Produto adicionado: P-7TPF8QYB0H — Escape Pro Tork Mini Gp Titan 150 Ks-es 2004 - 2008 (SKU PAI-111784) (total 8 → 9)
2026-08-18 16:14:31,200 - INFO -   ➕ Produto adicionado: P-BD24L1OPW2 — Ponteira Modelo Original para XTZ 125 2003 a 2016 Cromo Forte (SKU 125731) (total 9 → 10)
2026-08-18 16:14:33,243 - INFO -   ➕ Produto adicionado: P-7EYGRLTTB7 — Escapamento Modelo Original para YBR 125 2000 a 2009 Cromo Forte (SKU 124285) (total 10 → 11)
2026-08-18 16:14:35,312 - INFO -   ➕ Produto adicionado: P-E8T46IGA5V — Escapamento Competition para YBR 125 2002 a 2008 Pro Tork (SKU 126643) (total 11 → 12)
2026-08-18 16:14:37,569 - INFO -   ➕ Produto adicionado: P-7UAWSPJJJG — Escapamento Powercore 4 Pro Series CRF 300F 2025 Pro Tork (SKU 127025) (total 12 → 13)
2026-08-18 16:14:39,691 - INFO -   ➕ Produto adicionado: P-2FM063KBK1 — Escapamento Powercore 4 para CRF 250F 2019 e 2025 Pro Tork (SKU 119503) (total 13 → 14)
2026-08-18 16:14:39,691 - INFO - ✓ Adição concluída — 14 adicionado(s), 0 não encontrado(s), 0 sem efeito, 0 com código divergente
2026-08-18 16:14:39,691 - INFO - Salvando alterações...
2026-08-18 16:14:39,915 - INFO - ✓ Alterações salvas com sucesso
2026-08-18 16:14:39,915 - INFO - Conferindo resultado final da coleção...
2026-08-18 16:14:41,951 - INFO -   ✓ Contagem final confere: 14 produto(s) na coleção
2026-08-18 16:14:41,951 - INFO - ============================================================
2026-08-18 16:14:41,952 - INFO - ✓ FLUXO CONCLUÍDO
2026-08-18 16:14:41,960 - INFO - ============================================================
2026-08-18 16:14:44,274 - INFO - Chrome fechado
2026-08-18 16:14:44,274 - INFO - ============================================================
2026-08-18 16:14:44,274 - INFO - RESUMO DE TEMPOS POR FASE (MEDIR_TEMPOS=True)
2026-08-18 16:14:44,274 - INFO -   busca                       21.61s total |   14x | média 1.544s |  55.2%
2026-08-18 16:14:44,275 - INFO -   remocao_item                 9.20s total |   15x | média 0.613s |  23.5%
2026-08-18 16:14:44,275 - INFO -   confirmacao_contador         8.25s total |   14x | média 0.589s |  21.1%
2026-08-18 16:14:44,275 - INFO -   clique                       0.12s total |   14x | média 0.009s |   0.3%
2026-08-18 16:14:44,275 - INFO -   validacao_sku                0.00s total |   14x | média 0.000s |   0.0%
2026-08-18 16:14:44,275 - INFO -   TOTAL MEDIDO                39.18s
2026-08-18 16:14:44,275 - INFO - ============================================================
2026-08-18 16:43:42,938 - INFO - ============================================================
2026-08-18 16:43:42,938 - INFO - INICIANDO ROBÔ DE GERENCIAMENTO DE COLEÇÕES - SPORTBAY
2026-08-18 16:43:42,939 - INFO - ============================================================
2026-08-18 16:43:42,939 - INFO - Lendo planilha: c:\Users\Protork\Desktop\Analise de preços site\Atualização de coleções\ATUALIZAÇÃO DE COLEÇÕES.xlsx
2026-08-18 16:43:43,248 - INFO - Coleção alvo: 'Mais Vendidos em Capacetes'
2026-08-18 16:43:43,249 - INFO - Total de shortHashes a adicionar: 12
2026-08-18 16:43:44,510 - INFO - Acessando página de login...
2026-08-18 16:43:47,352 - INFO - ✓ Login realizado com sucesso
2026-08-18 16:43:47,353 - INFO - Navegando direto para: https://www.marketplace.sportbay.com.br/dashboard/categories
2026-08-18 16:43:48,778 - INFO - ✓ Página de lista de categorias/coleções carregada
2026-08-18 16:43:48,778 - INFO - Procurando coleção: 'Mais Vendidos em Capacetes'
2026-08-18 16:43:53,002 - INFO - ✓ Coleção aberta para edição
2026-08-18 16:43:53,920 - INFO - Editor de SEO: 39 blocos, 16 parágrafo(s) vazio(s), 16 antes de heading
2026-08-18 16:43:54,468 - INFO - ✓ SEO normalizado: 16 parágrafo(s) vazio(s) removido(s) via quill
2026-08-18 16:43:54,468 - INFO - Removendo produtos atuais da coleção...
2026-08-18 16:43:55,179 - INFO -   ➖ Produto removido (total até agora: 1)
2026-08-18 16:43:55,805 - INFO -   ➖ Produto removido (total até agora: 2)
2026-08-18 16:43:56,542 - INFO -   ➖ Produto removido (total até agora: 3)
2026-08-18 16:43:57,232 - INFO -   ➖ Produto removido (total até agora: 4)
2026-08-18 16:43:58,047 - INFO -   ➖ Produto removido (total até agora: 5)
2026-08-18 16:43:58,793 - INFO -   ➖ Produto removido (total até agora: 6)
2026-08-18 16:43:59,658 - INFO -   ➖ Produto removido (total até agora: 7)
2026-08-18 16:44:00,259 - INFO -   ➖ Produto removido (total até agora: 8)
2026-08-18 16:44:00,947 - INFO -   ➖ Produto removido (total até agora: 9)
2026-08-18 16:44:01,895 - INFO -   ➖ Produto removido (total até agora: 10)
2026-08-18 16:44:02,742 - INFO -   ➖ Produto removido (total até agora: 11)
2026-08-18 16:44:03,453 - INFO -   ➖ Produto removido (total até agora: 12)
2026-08-18 16:44:04,011 - INFO -   ➖ Produto removido (total até agora: 13)
2026-08-18 16:44:04,811 - INFO -   ➖ Produto removido (total até agora: 14)
2026-08-18 16:44:04,844 - INFO - ✓ Remoção concluída — 14 produto(s) removido(s)
2026-08-18 16:44:04,844 - INFO - Removendo filtro de Merchant 'Sportbay'...
2026-08-18 16:44:05,030 - INFO - ✓ Filtro de Merchant removido e confirmado (tag não existe mais no DOM)
2026-08-18 16:44:05,030 - INFO - Adicionando 12 produto(s) por shortHash...
2026-08-18 16:44:05,051 - INFO -   Total de produtos na coleção antes de adicionar: 0
2026-08-18 16:44:07,520 - INFO -   ➕ Produto adicionado: P-F2EAC5JKA0 — Capacete Fechado Pro Tork Sport Moto 788 (SKU PAI-110731A) (total 0 → 1)
2026-08-18 16:44:09,741 - INFO -   ➕ Produto adicionado: P-25T9AVHPHH — Capacete Aberto Etceter Open (SKU PAI-121163) (total 1 → 2)
2026-08-18 16:44:12,118 - INFO -   ➕ Produto adicionado: P-6WN2K2G6ZU — Capacete Fechado Pro Tork R8 (SKU PAI-116086A) (total 2 → 3)
2026-08-18 16:44:14,308 - INFO -   ➕ Produto adicionado: P-39J97Y80G9 — Capacete Fechado Stealth Concept Brilhante Viseira Fumê Pro Tork (SKU 124963) (total 3 → 4)
2026-08-18 16:44:16,684 - INFO -   ➕ Produto adicionado: P-9WDQRDEVFG — Capacete Fechado Pro Tork Evolution 788 G8 Evo (SKU PAI-119943) (total 4 → 5)
2026-08-18 16:44:19,003 - INFO -   ➕ Produto adicionado: P-5OHAUAQSN4 — Capacete Aberto New Atomic Universe Brilhante Pro Tork (SKU 126178) (total 5 → 6)
2026-08-18 16:44:21,154 - INFO -   ➕ Produto adicionado: P-28JK3COFFP — Capacete Aberto New Liberty 3 Frequency Pro Tork (SKU 127051) (total 6 → 7)
2026-08-18 16:44:23,505 - INFO -   ➕ Produto adicionado: P-615GJSJ3UB — Capacete Escamoteável Attack Evo Brilhante Pro Tork (SKU 117523) (total 7 → 8)
2026-08-18 16:44:25,826 - INFO -   ➕ Produto adicionado: P-9HDNHT0DJT — Capacete Moto Escamoteável Robocop Pro Tork V-pro Jet (SKU 5351) (total 8 → 9)
2026-08-18 16:44:28,023 - INFO -   ➕ Produto adicionado: P-79BZV6J200 — Capacete Fechado Pro Tork New Sport Moto (SKU PAI-120304) (total 9 → 10)
2026-08-18 16:44:30,509 - INFO -   ➕ Produto adicionado: P-8MN63I3MY4 — Capacete Mixs Mx2 Storm Fosco (SKU 119776) (total 10 → 11)
2026-08-18 16:44:32,799 - INFO -   ➕ Produto adicionado: P-9RZSC042BT — Capacete Fechado Stealth Concept Pro Tork (SKU 124915) (total 11 → 12)
2026-08-18 16:44:32,799 - INFO - ✓ Adição concluída — 12 adicionado(s), 0 não encontrado(s), 0 sem efeito, 0 com código divergente
2026-08-18 16:44:32,799 - INFO - Salvando alterações...
2026-08-18 16:44:32,985 - INFO - ✓ Alterações salvas com sucesso
2026-08-18 16:44:32,985 - INFO - Conferindo resultado final da coleção...
2026-08-18 16:44:38,063 - INFO -   ✓ Contagem final confere: 12 produto(s) na coleção
2026-08-18 16:44:38,064 - INFO - ============================================================
2026-08-18 16:44:38,065 - INFO - ✓ FLUXO CONCLUÍDO
2026-08-18 16:44:38,065 - INFO - ============================================================
2026-08-18 16:44:40,307 - INFO - Chrome fechado
2026-08-18 16:44:40,307 - INFO - ============================================================
2026-08-18 16:44:40,307 - INFO - RESUMO DE TEMPOS POR FASE (MEDIR_TEMPOS=True)
2026-08-18 16:44:40,308 - INFO -   busca                       18.62s total |   12x | média 1.552s |  49.0%
2026-08-18 16:44:40,308 - INFO -   remocao_item                10.25s total |   15x | média 0.683s |  27.0%
2026-08-18 16:44:40,308 - INFO -   confirmacao_contador         8.99s total |   12x | média 0.749s |  23.7%
2026-08-18 16:44:40,308 - INFO -   clique                       0.12s total |   12x | média 0.010s |   0.3%
2026-08-18 16:44:40,309 - INFO -   validacao_sku                0.00s total |   12x | média 0.000s |   0.0%
2026-08-18 16:44:40,309 - INFO -   TOTAL MEDIDO                37.98s
2026-08-18 16:44:40,309 - INFO - ============================================================
