2026-07-30 16:43:10,190 - INFO - ============================================================
2026-07-30 16:43:10,190 - INFO - INICIANDO ROBÔ DE GERENCIAMENTO DE COLEÇÕES - SPORTBAY
2026-07-30 16:43:10,190 - INFO - ============================================================
2026-07-30 16:43:10,190 - INFO - Lendo planilha: c:\Users\Protork\Desktop\Analise de preços site\Resultado_Menor_Preco_Sportbay.xlsx
2026-07-30 16:43:10,626 - INFO - Coleção alvo: 'Oferta do Dia'
2026-07-30 16:43:10,626 - INFO - Total de shortHashes a adicionar: 12
2026-07-30 16:43:10,631 - INFO - ====== WebDriver manager ======
2026-07-30 16:43:11,359 - INFO - Driver [C:\Users\Protork\.wdm\drivers\chromedriver\win64\150.0.7871.124\chromedriver-win64/chromedriver.exe] found in cache by browser version
2026-07-30 16:43:12,173 - INFO - Acessando página de login...
2026-07-30 16:43:43,386 - CRITICAL - Erro durante execução do fluxo: Campo de usuário não encontrado na tela de login
2026-07-30 16:43:45,714 - INFO - Chrome fechado
2026-07-30 16:48:32,080 - INFO - ============================================================
2026-07-30 16:48:32,081 - INFO - INICIANDO ROBÔ DE GERENCIAMENTO DE COLEÇÕES - SPORTBAY
2026-07-30 16:48:32,081 - INFO - ============================================================
2026-07-30 16:48:32,081 - INFO - Lendo planilha: c:\Users\Protork\Desktop\Analise de preços site\Resultado_Menor_Preco_Sportbay.xlsx
2026-07-30 16:48:32,341 - INFO - Coleção alvo: 'Oferta do Dia'
2026-07-30 16:48:32,341 - INFO - Total de shortHashes a adicionar: 12
2026-07-30 16:48:32,347 - INFO - ====== WebDriver manager ======
2026-07-30 16:48:32,910 - INFO - Driver [C:\Users\Protork\.wdm\drivers\chromedriver\win64\150.0.7871.124\chromedriver-win64/chromedriver.exe] found in cache by browser version
2026-07-30 16:48:33,669 - INFO - Acessando página de login...
2026-07-30 16:49:04,509 - CRITICAL - Erro durante execução do fluxo: Campo de usuário não encontrado na tela de login
2026-07-30 16:49:06,779 - INFO - Chrome fechado
2026-07-30 16:54:39,591 - INFO - ============================================================
2026-07-30 16:54:39,591 - INFO - INICIANDO ROBÔ DE GERENCIAMENTO DE COLEÇÕES - SPORTBAY
2026-07-30 16:54:39,591 - INFO - ============================================================
2026-07-30 16:54:39,592 - INFO - Lendo planilha: c:\Users\Protork\Desktop\Analise de preços site\Resultado_Menor_Preco_Sportbay.xlsx
2026-07-30 16:54:39,866 - INFO - Coleção alvo: 'Oferta do Dia'
2026-07-30 16:54:39,867 - INFO - Total de shortHashes a adicionar: 12
2026-07-30 16:54:39,871 - INFO - ====== WebDriver manager ======
2026-07-30 16:54:40,647 - INFO - Driver [C:\Users\Protork\.wdm\drivers\chromedriver\win64\150.0.7871.124\chromedriver-win64/chromedriver.exe] found in cache by browser version
2026-07-30 16:54:41,422 - INFO - Acessando página de login...
2026-07-30 16:55:15,851 - INFO - ✓ Login realizado com sucesso
2026-07-30 16:55:15,851 - INFO - Navegando até Configuração > Categorias > Lista...
2026-07-30 16:55:30,863 - WARNING -   ⚠ Não encontrou 'menu CONFIGURAÇÃO' com nenhum dos seletores tentados
2026-07-30 16:55:30,863 - CRITICAL - Erro durante execução do fluxo: Não conseguiu abrir o menu 'CONFIGURAÇÃO'
2026-07-30 16:55:33,066 - INFO - Chrome fechado
2026-07-30 17:10:09,611 - INFO - ============================================================
2026-07-30 17:10:09,611 - INFO - INICIANDO ROBÔ DE GERENCIAMENTO DE COLEÇÕES - SPORTBAY
2026-07-30 17:10:09,611 - INFO - ============================================================
2026-07-30 17:10:09,611 - INFO - Lendo planilha: c:\Users\Protork\Desktop\Analise de preços site\Resultado_Menor_Preco_Sportbay.xlsx
2026-07-30 17:10:09,897 - INFO - Coleção alvo: 'Oferta do Dia'
2026-07-30 17:10:09,898 - INFO - Total de shortHashes a adicionar: 12
2026-07-30 17:10:09,904 - INFO - ====== WebDriver manager ======
2026-07-30 17:10:10,513 - INFO - Driver [C:\Users\Protork\.wdm\drivers\chromedriver\win64\150.0.7871.124\chromedriver-win64/chromedriver.exe] found in cache by browser version
2026-07-30 17:10:11,289 - INFO - Acessando página de login...
2026-07-30 17:10:45,787 - INFO - ✓ Login realizado com sucesso
2026-07-30 17:10:45,788 - INFO - Navegando direto para: https://www.marketplace.sportbay.com.br/dashboard/categories
2026-07-30 17:10:46,871 - INFO - ✓ Página de lista de categorias/coleções carregada
2026-07-30 17:10:46,872 - INFO - Procurando coleção: 'Oferta do Dia'
2026-07-30 17:11:02,191 - WARNING -   ⚠ Não encontrou 'coleção 'Oferta do Dia'' com nenhum dos seletores tentados
2026-07-30 17:11:02,191 - CRITICAL - Erro durante execução do fluxo: Coleção 'Oferta do Dia' não encontrada na lista
2026-07-30 17:11:04,610 - INFO - Chrome fechado
2026-07-30 17:15:29,264 - INFO - ============================================================
2026-07-30 17:15:29,264 - INFO - INICIANDO ROBÔ DE GERENCIAMENTO DE COLEÇÕES - SPORTBAY
2026-07-30 17:15:29,264 - INFO - ============================================================
2026-07-30 17:15:29,265 - INFO - Lendo planilha: c:\Users\Protork\Desktop\Analise de preços site\Resultado_Menor_Preco_Sportbay.xlsx
2026-07-30 17:15:29,551 - INFO - Coleção alvo: 'Oferta do Dia'
2026-07-30 17:15:29,551 - INFO - Total de shortHashes a adicionar: 12
2026-07-30 17:15:29,556 - INFO - ====== WebDriver manager ======
2026-07-30 17:15:30,120 - INFO - Driver [C:\Users\Protork\.wdm\drivers\chromedriver\win64\150.0.7871.124\chromedriver-win64/chromedriver.exe] found in cache by browser version
2026-07-30 17:15:30,890 - INFO - Acessando página de login...
2026-07-30 17:16:05,105 - INFO - ✓ Login realizado com sucesso
2026-07-30 17:16:05,105 - INFO - Navegando direto para: https://www.marketplace.sportbay.com.br/dashboard/categories
2026-07-30 17:16:06,340 - INFO - ✓ Página de lista de categorias/coleções carregada
2026-07-30 17:16:06,341 - INFO - Procurando coleção: 'Oferta do Dia'
2026-07-30 17:16:23,353 - WARNING -   ⚠ Não encontrou 'coleção 'Oferta do Dia'' com nenhum dos seletores tentados
2026-07-30 17:16:23,354 - CRITICAL - Erro durante execução do fluxo: Coleção 'Oferta do Dia' não encontrada na lista
2026-07-30 17:16:25,559 - INFO - Chrome fechado
2026-07-31 09:40:50,242 - INFO - ============================================================
2026-07-31 09:40:50,243 - INFO - INICIANDO ROBÔ DE GERENCIAMENTO DE COLEÇÕES - SPORTBAY
2026-07-31 09:40:50,243 - INFO - ============================================================
2026-07-31 09:40:50,244 - INFO - Lendo planilha: c:\Users\Protork\Desktop\Analise de preços site\Resultado_Menor_Preco_Sportbay.xlsx
2026-07-31 09:40:50,531 - INFO - Coleção alvo: 'Oferta do Dia'
2026-07-31 09:40:50,531 - INFO - Total de shortHashes a adicionar: 12
2026-07-31 09:40:50,536 - INFO - ====== WebDriver manager ======
2026-07-31 09:40:51,091 - INFO - Driver [C:\Users\Protork\.wdm\drivers\chromedriver\win64\150.0.7871.124\chromedriver-win64/chromedriver.exe] found in cache by browser version
2026-07-31 09:40:51,827 - INFO - Acessando página de login...
2026-07-31 09:41:26,284 - INFO - ✓ Login realizado com sucesso
2026-07-31 09:41:26,290 - INFO - Navegando direto para: https://www.marketplace.sportbay.com.br/dashboard/categories
2026-07-31 09:41:27,535 - INFO - ✓ Página de lista de categorias/coleções carregada
2026-07-31 09:41:27,535 - INFO - Procurando coleção: 'Oferta do Dia'
2026-07-31 09:41:31,876 - INFO - ✓ Coleção aberta para edição
2026-07-31 09:41:31,877 - INFO - Removendo produtos atuais da coleção...
2026-07-31 09:41:31,901 - CRITICAL - Erro durante execução do fluxo: Message: no such element: Unable to locate element: {"method":"xpath","selector":"//*[contains(normalize-space(.),'Produtos da categoria')]"}
  (Session info: chrome=150.0.7871.187); For documentation on this error, please visit: https://www.selenium.dev/documentation/webdriver/troubleshooting/errors#nosuchelementexception
Stacktrace:
	chromedriver!GetHandleVerifier [0x7ff6dc1b0d25+155a5]
	chromedriver!GetHandleVerifier [0x7ff6dc1b0d80+15600]
	chromedriver!(No symbol) [0x7ff6dbd0594d]
	chromedriver!(No symbol) [0x7ff6dbd608e9]
	chromedriver!(No symbol) [0x7ff6dbd60bec]
	chromedriver!(No symbol) [0x7ff6dbdb1437]
	chromedriver!(No symbol) [0x7ff6dbdae01b]
	chromedriver!(No symbol) [0x7ff6dbd52e6c]
	chromedriver!(No symbol) [0x7ff6dbd53d93]
	chromedriver!GetHandleVerifier [0x7ff6dc796431+5facb1]
	chromedriver!GetHandleVerifier [0x7ff6dc790a9b+5f531b]
	chromedriver!GetHandleVerifier [0x7ff6dc7b5865+61a0e5]
	chromedriver!GetHandleVerifier [0x7ff6dc1cdace+3234e]
	chromedriver!GetHandleVerifier [0x7ff6dc1d661c+3ae9c]
	chromedriver!GetHandleVerifier [0x7ff6dc1bab74+1f3f4]
	chromedriver!GetHandleVerifier [0x7ff6dc1bad04+1f584]
	chromedriver!GetHandleVerifier [0x7ff6dc19d9d7+2257]
	KERNEL32!BaseThreadInitThunk [0x7ffcd9767374+14]
	ntdll!RtlUserThreadStart [0x7ffcda3bcc91+21]

2026-07-31 09:41:34,432 - INFO - Chrome fechado
2026-07-31 10:01:37,978 - INFO - ============================================================
2026-07-31 10:01:37,979 - INFO - INICIANDO ROBÔ DE GERENCIAMENTO DE COLEÇÕES - SPORTBAY
2026-07-31 10:01:37,979 - INFO - ============================================================
2026-07-31 10:01:37,979 - INFO - Lendo planilha: c:\Users\Protork\Desktop\Analise de preços site\Resultado_Menor_Preco_Sportbay.xlsx
2026-07-31 10:01:38,292 - INFO - Coleção alvo: 'Oferta do Dia'
2026-07-31 10:01:38,293 - INFO - Total de shortHashes a adicionar: 12
2026-07-31 10:01:38,297 - INFO - ====== WebDriver manager ======
2026-07-31 10:01:38,921 - INFO - Driver [C:\Users\Protork\.wdm\drivers\chromedriver\win64\150.0.7871.124\chromedriver-win64/chromedriver.exe] found in cache by browser version
2026-07-31 10:01:39,822 - INFO - Acessando página de login...
2026-07-31 10:02:13,994 - INFO - ✓ Login realizado com sucesso
2026-07-31 10:02:13,995 - INFO - Navegando direto para: https://www.marketplace.sportbay.com.br/dashboard/categories
2026-07-31 10:02:15,146 - INFO - ✓ Página de lista de categorias/coleções carregada
2026-07-31 10:02:15,147 - INFO - Procurando coleção: 'Oferta do Dia'
2026-07-31 10:02:21,048 - INFO - ✓ Coleção aberta para edição
2026-07-31 10:02:21,050 - INFO - Removendo produtos atuais da coleção...
2026-07-31 10:02:36,908 - INFO - ✓ Remoção concluída — 0 produto(s) removido(s)
2026-07-31 10:02:36,908 - INFO - Removendo filtro de Merchant 'Sportbay'...
2026-07-31 10:03:07,407 - WARNING -   ⚠ Não encontrou ''x' do filtro Merchant Sportbay' com nenhum dos seletores tentados
2026-07-31 10:03:07,407 - WARNING -   ⚠ Não encontrou tag 'Merchant: Sportbay' para remover (pode já estar ausente)
2026-07-31 10:03:07,408 - INFO - Adicionando 12 produto(s) por shortHash...
2026-07-31 10:03:27,583 - WARNING -   ⚠ shortHash não encontrado na busca: P-36ICMN7CJ5
2026-07-31 10:03:30,853 - WARNING -   ⚠ Não encontrou ''x' do filtro shortHash' com nenhum dos seletores tentados
2026-07-31 10:03:51,480 - WARNING -   ⚠ shortHash não encontrado na busca: P-ACDABSYT6Q
2026-07-31 10:03:54,562 - WARNING -   ⚠ Não encontrou ''x' do filtro shortHash' com nenhum dos seletores tentados
2026-07-31 10:04:15,121 - WARNING -   ⚠ shortHash não encontrado na busca: P-A2Q24J0IE4
2026-07-31 10:04:18,260 - WARNING -   ⚠ Não encontrou ''x' do filtro shortHash' com nenhum dos seletores tentados
2026-07-31 10:04:38,813 - WARNING -   ⚠ shortHash não encontrado na busca: P-428Z86YFK5
2026-07-31 10:04:41,972 - WARNING -   ⚠ Não encontrou ''x' do filtro shortHash' com nenhum dos seletores tentados
2026-07-31 10:05:02,449 - WARNING -   ⚠ shortHash não encontrado na busca: P-2RTJESJ2YW
2026-07-31 10:05:05,593 - WARNING -   ⚠ Não encontrou ''x' do filtro shortHash' com nenhum dos seletores tentados
2026-07-31 10:05:20,633 - WARNING -   ⚠ shortHash não encontrado na busca: P-C6V6YBHBBJ
2026-07-31 10:05:20,803 - WARNING -   ⚠ Não encontrou ''x' do filtro shortHash' com nenhum dos seletores tentados
2026-07-31 10:05:21,310 - ERROR -   ✗ Campo 'Filtrar por shortHash' não encontrado — abortando adição
2026-07-31 10:05:21,310 - INFO - ✓ Adição concluída — 0 adicionado(s), 6 não encontrado(s)
2026-07-31 10:05:21,311 - WARNING -   shortHashes não encontrados: ['P-36ICMN7CJ5', 'P-ACDABSYT6Q', 'P-A2Q24J0IE4', 'P-428Z86YFK5', 'P-2RTJESJ2YW', 'P-C6V6YBHBBJ']
2026-07-31 10:05:21,311 - INFO - Salvando alterações...
2026-07-31 10:05:21,314 - WARNING -   ⚠ Não encontrou 'botão Salvar' com nenhum dos seletores tentados
2026-07-31 10:05:21,314 - CRITICAL - Erro durante execução do fluxo: Não foi possível clicar no botão 'Salvar'
2026-07-31 10:05:23,383 - INFO - Chrome fechado
2026-07-31 10:05:25,131 - INFO - ============================================================
2026-07-31 10:05:25,131 - INFO - INICIANDO ROBÔ DE GERENCIAMENTO DE COLEÇÕES - SPORTBAY
2026-07-31 10:05:25,131 - INFO - ============================================================
2026-07-31 10:05:25,132 - INFO - Lendo planilha: c:\Users\Protork\Desktop\Analise de preços site\Resultado_Menor_Preco_Sportbay.xlsx
2026-07-31 10:05:25,423 - INFO - Coleção alvo: 'Oferta do Dia'
2026-07-31 10:05:25,423 - INFO - Total de shortHashes a adicionar: 12
2026-07-31 10:05:25,428 - INFO - ====== WebDriver manager ======
2026-07-31 10:05:26,024 - INFO - Driver [C:\Users\Protork\.wdm\drivers\chromedriver\win64\150.0.7871.124\chromedriver-win64/chromedriver.exe] found in cache by browser version
2026-07-31 10:05:26,873 - INFO - Acessando página de login...
2026-07-31 10:05:49,412 - CRITICAL - Erro durante execução do fluxo: Campo de usuário não encontrado na tela de login
2026-07-31 10:05:51,484 - INFO - Chrome fechado
2026-07-31 10:05:52,954 - INFO - ============================================================
2026-07-31 10:05:52,955 - INFO - INICIANDO ROBÔ DE GERENCIAMENTO DE COLEÇÕES - SPORTBAY
2026-07-31 10:05:52,955 - INFO - ============================================================
2026-07-31 10:05:52,955 - INFO - Lendo planilha: c:\Users\Protork\Desktop\Analise de preços site\Resultado_Menor_Preco_Sportbay.xlsx
2026-07-31 10:05:53,247 - INFO - Coleção alvo: 'Oferta do Dia'
2026-07-31 10:05:53,247 - INFO - Total de shortHashes a adicionar: 12
2026-07-31 10:05:53,252 - INFO - ====== WebDriver manager ======
2026-07-31 10:05:53,801 - INFO - Driver [C:\Users\Protork\.wdm\drivers\chromedriver\win64\150.0.7871.124\chromedriver-win64/chromedriver.exe] found in cache by browser version
2026-07-31 10:05:54,618 - INFO - Acessando página de login...
2026-07-31 10:06:29,592 - INFO - ✓ Login realizado com sucesso
2026-07-31 10:06:29,592 - INFO - Navegando direto para: https://www.marketplace.sportbay.com.br/dashboard/categories
2026-07-31 10:06:31,197 - INFO - ✓ Página de lista de categorias/coleções carregada
2026-07-31 10:06:31,197 - INFO - Procurando coleção: 'Oferta do Dia'
2026-07-31 10:06:36,786 - INFO - ✓ Coleção aberta para edição
2026-07-31 10:06:36,787 - INFO - Removendo produtos atuais da coleção...
2026-07-31 10:06:53,036 - INFO - ✓ Remoção concluída — 0 produto(s) removido(s)
2026-07-31 10:06:53,037 - INFO - Removendo filtro de Merchant 'Sportbay'...
2026-07-31 10:07:22,949 - WARNING - Retrying (Retry(total=2, connect=None, read=None, redirect=None, status=None)) after connection broken by 'NewConnectionError("HTTPConnection(host='localhost', port=53019): Failed to establish a new connection: [WinError 10061] Nenhuma conexão pôde ser feita porque a máquina de destino as recusou ativamente")': /session/89edd6282c8f762588f7c738b9f7f5ea
2026-07-31 10:07:26,997 - WARNING - Retrying (Retry(total=1, connect=None, read=None, redirect=None, status=None)) after connection broken by 'NewConnectionError("HTTPConnection(host='localhost', port=53019): Failed to establish a new connection: [WinError 10061] Nenhuma conexão pôde ser feita porque a máquina de destino as recusou ativamente")': /session/89edd6282c8f762588f7c738b9f7f5ea
2026-07-31 10:07:31,062 - WARNING - Retrying (Retry(total=0, connect=None, read=None, redirect=None, status=None)) after connection broken by 'NewConnectionError("HTTPConnection(host='localhost', port=53019): Failed to establish a new connection: [WinError 10061] Nenhuma conexão pôde ser feita porque a máquina de destino as recusou ativamente")': /session/89edd6282c8f762588f7c738b9f7f5ea
2026-07-31 10:07:35,100 - INFO - Chrome fechado
2026-07-31 10:07:36,538 - INFO - ============================================================
2026-07-31 10:07:36,538 - INFO - INICIANDO ROBÔ DE GERENCIAMENTO DE COLEÇÕES - SPORTBAY
2026-07-31 10:07:36,538 - INFO - ============================================================
2026-07-31 10:07:36,538 - INFO - Lendo planilha: c:\Users\Protork\Desktop\Analise de preços site\Resultado_Menor_Preco_Sportbay.xlsx
2026-07-31 10:07:36,809 - INFO - Coleção alvo: 'Oferta do Dia'
2026-07-31 10:07:36,809 - INFO - Total de shortHashes a adicionar: 12
2026-07-31 10:07:36,814 - INFO - ====== WebDriver manager ======
2026-07-31 10:07:37,385 - INFO - Driver [C:\Users\Protork\.wdm\drivers\chromedriver\win64\150.0.7871.124\chromedriver-win64/chromedriver.exe] found in cache by browser version
2026-07-31 10:07:38,171 - INFO - Acessando página de login...
2026-07-31 10:27:46,051 - INFO - ============================================================
2026-07-31 10:27:46,051 - INFO - INICIANDO ROBÔ DE GERENCIAMENTO DE COLEÇÕES - SPORTBAY
2026-07-31 10:27:46,051 - INFO - ============================================================
2026-07-31 10:27:46,052 - INFO - Lendo planilha: c:\Users\Protork\Desktop\Analise de preços site\Resultado_Menor_Preco_Sportbay.xlsx
2026-07-31 10:27:46,581 - INFO - Coleção alvo: 'Oferta do Dia'
2026-07-31 10:27:46,582 - INFO - Total de shortHashes a adicionar: 12
2026-07-31 10:27:46,587 - INFO - ====== WebDriver manager ======
2026-07-31 10:27:47,442 - INFO - Driver [C:\Users\Protork\.wdm\drivers\chromedriver\win64\150.0.7871.124\chromedriver-win64/chromedriver.exe] found in cache by browser version
2026-07-31 10:27:48,434 - INFO - Acessando página de login...
2026-07-31 10:28:22,877 - INFO - ✓ Login realizado com sucesso
2026-07-31 10:28:22,878 - INFO - Navegando direto para: https://www.marketplace.sportbay.com.br/dashboard/categories
2026-07-31 10:28:24,139 - INFO - ✓ Página de lista de categorias/coleções carregada
2026-07-31 10:28:24,142 - INFO - Procurando coleção: 'Oferta do Dia'
2026-07-31 10:28:28,384 - INFO - ✓ Coleção aberta para edição
2026-07-31 10:28:28,384 - INFO - Removendo produtos atuais da coleção...
2026-07-31 10:28:46,157 - INFO -   ➖ Produto removido (total até agora: 1)
2026-07-31 10:29:02,806 - INFO -   ➖ Produto removido (total até agora: 2)
2026-07-31 10:29:19,784 - INFO -   ➖ Produto removido (total até agora: 3)
2026-07-31 10:29:36,609 - INFO -   ➖ Produto removido (total até agora: 4)
2026-07-31 10:29:37,959 - CRITICAL - Erro durante execução do fluxo: Message: javascript error: arguments[0].click is not a function
  (Session info: chrome=150.0.7871.187)
Stacktrace:
	chromedriver!GetHandleVerifier [0x7ff6dc1b0d25+155a5]
	chromedriver!GetHandleVerifier [0x7ff6dc1b0d80+15600]
	chromedriver!(No symbol) [0x7ff6dbd0594d]
	chromedriver!(No symbol) [0x7ff6dbd0d8c1]
	chromedriver!(No symbol) [0x7ff6dbd10c1f]
	chromedriver!(No symbol) [0x7ff6dbdaf292]
	chromedriver!(No symbol) [0x7ff6dbd891ca]
	chromedriver!(No symbol) [0x7ff6dbdae01b]
	chromedriver!(No symbol) [0x7ff6dbd52e6c]
	chromedriver!(No symbol) [0x7ff6dbd53d93]
	chromedriver!GetHandleVerifier [0x7ff6dc796431+5facb1]
	chromedriver!GetHandleVerifier [0x7ff6dc790a9b+5f531b]
	chromedriver!GetHandleVerifier [0x7ff6dc7b5865+61a0e5]
	chromedriver!GetHandleVerifier [0x7ff6dc1cdace+3234e]
	chromedriver!GetHandleVerifier [0x7ff6dc1d661c+3ae9c]
	chromedriver!GetHandleVerifier [0x7ff6dc1bab74+1f3f4]
	chromedriver!GetHandleVerifier [0x7ff6dc1bad04+1f584]
	chromedriver!GetHandleVerifier [0x7ff6dc19d9d7+2257]
	KERNEL32!BaseThreadInitThunk [0x7ffcd9767374+14]
	ntdll!RtlUserThreadStart [0x7ffcda3bcc91+21]

2026-07-31 10:29:40,426 - INFO - Chrome fechado
2026-07-31 10:33:25,975 - INFO - ============================================================
2026-07-31 10:33:25,975 - INFO - INICIANDO ROBÔ DE GERENCIAMENTO DE COLEÇÕES - SPORTBAY
2026-07-31 10:33:25,976 - INFO - ============================================================
2026-07-31 10:33:25,976 - INFO - Lendo planilha: c:\Users\Protork\Desktop\Analise de preços site\Resultado_Menor_Preco_Sportbay.xlsx
2026-07-31 10:33:26,402 - INFO - Coleção alvo: 'Oferta do Dia'
2026-07-31 10:33:26,402 - INFO - Total de shortHashes a adicionar: 12
2026-07-31 10:33:26,407 - INFO - ====== WebDriver manager ======
2026-07-31 10:33:26,978 - INFO - Driver [C:\Users\Protork\.wdm\drivers\chromedriver\win64\150.0.7871.124\chromedriver-win64/chromedriver.exe] found in cache by browser version
2026-07-31 10:33:27,742 - INFO - Acessando página de login...
2026-07-31 10:34:02,229 - INFO - ✓ Login realizado com sucesso
2026-07-31 10:34:02,232 - INFO - Navegando direto para: https://www.marketplace.sportbay.com.br/dashboard/categories
2026-07-31 10:34:03,851 - INFO - ✓ Página de lista de categorias/coleções carregada
2026-07-31 10:34:03,851 - INFO - Procurando coleção: 'Oferta do Dia'
2026-07-31 10:34:08,021 - INFO - ✓ Coleção aberta para edição
2026-07-31 10:34:08,021 - INFO - Removendo produtos atuais da coleção...
2026-07-31 10:34:26,353 - INFO -   ➖ Produto removido (total até agora: 1)
2026-07-31 10:34:43,051 - INFO -   ➖ Produto removido (total até agora: 2)
2026-07-31 10:34:59,632 - INFO -   ➖ Produto removido (total até agora: 3)
2026-07-31 10:35:16,578 - INFO -   ➖ Produto removido (total até agora: 4)
2026-07-31 10:35:33,267 - INFO -   ➖ Produto removido (total até agora: 5)
2026-07-31 10:35:49,932 - INFO -   ➖ Produto removido (total até agora: 6)
2026-07-31 10:36:06,603 - INFO -   ➖ Produto removido (total até agora: 7)
2026-07-31 10:36:23,159 - INFO -   ➖ Produto removido (total até agora: 8)
2026-07-31 10:36:35,033 - INFO - ✓ Remoção concluída — 8 produto(s) removido(s)
2026-07-31 10:36:35,035 - INFO - Removendo filtro de Merchant 'Sportbay'...
2026-07-31 10:36:35,516 - INFO - ✓ Filtro de Merchant removido
2026-07-31 10:36:35,517 - INFO - Adicionando 12 produto(s) por shortHash...
2026-07-31 10:36:49,511 - WARNING -   ⚠ shortHash não encontrado na busca: P-36ICMN7CJ5
2026-07-31 10:37:04,159 - WARNING -   ⚠ shortHash não encontrado na busca: P-ACDABSYT6Q
2026-07-31 10:37:18,797 - WARNING -   ⚠ shortHash não encontrado na busca: P-A2Q24J0IE4
2026-07-31 10:37:33,515 - WARNING -   ⚠ shortHash não encontrado na busca: P-428Z86YFK5
2026-07-31 10:37:48,230 - WARNING -   ⚠ shortHash não encontrado na busca: P-2RTJESJ2YW
2026-07-31 10:45:17,640 - INFO - ============================================================
2026-07-31 10:45:17,641 - INFO - INICIANDO ROBÔ DE GERENCIAMENTO DE COLEÇÕES - SPORTBAY
2026-07-31 10:45:17,642 - INFO - ============================================================
2026-07-31 10:45:17,643 - INFO - Lendo planilha: c:\Users\Protork\Desktop\Analise de preços site\Resultado_Menor_Preco_Sportbay.xlsx
2026-07-31 10:45:18,099 - INFO - Coleção alvo: 'Oferta do Dia'
2026-07-31 10:45:18,099 - INFO - Total de shortHashes a adicionar: 12
2026-07-31 10:45:18,110 - INFO - ====== WebDriver manager ======
2026-07-31 10:45:18,718 - INFO - Driver [C:\Users\Protork\.wdm\drivers\chromedriver\win64\150.0.7871.124\chromedriver-win64/chromedriver.exe] found in cache by browser version
2026-07-31 10:45:19,469 - INFO - Acessando página de login...
2026-07-31 10:46:08,013 - INFO - ============================================================
2026-07-31 10:46:08,014 - INFO - INICIANDO ROBÔ DE GERENCIAMENTO DE COLEÇÕES - SPORTBAY
2026-07-31 10:46:08,014 - INFO - ============================================================
2026-07-31 10:46:08,014 - INFO - Lendo planilha: c:\Users\Protork\Desktop\Analise de preços site\Resultado_Menor_Preco_Sportbay.xlsx
2026-07-31 10:46:08,679 - INFO - Coleção alvo: 'Oferta do Dia'
2026-07-31 10:46:08,679 - INFO - Total de shortHashes a adicionar: 12
2026-07-31 10:46:08,684 - INFO - ====== WebDriver manager ======
2026-07-31 10:46:09,663 - INFO - Driver [C:\Users\Protork\.wdm\drivers\chromedriver\win64\150.0.7871.124\chromedriver-win64/chromedriver.exe] found in cache by browser version
2026-07-31 10:46:10,433 - INFO - Acessando página de login...
2026-07-31 10:46:45,405 - INFO - ✓ Login realizado com sucesso
2026-07-31 10:46:45,405 - INFO - Navegando direto para: https://www.marketplace.sportbay.com.br/dashboard/categories
2026-07-31 10:46:46,782 - INFO - ✓ Página de lista de categorias/coleções carregada
2026-07-31 10:46:46,784 - INFO - Procurando coleção: 'Oferta do Dia'
2026-07-31 10:46:51,141 - INFO - ✓ Coleção aberta para edição
2026-07-31 10:46:51,141 - INFO - Removendo produtos atuais da coleção...
2026-07-31 10:47:09,049 - INFO -   ➖ Produto removido (total até agora: 1)
2026-07-31 10:47:25,674 - INFO -   ➖ Produto removido (total até agora: 2)
2026-07-31 10:47:37,370 - INFO - ✓ Remoção concluída — 2 produto(s) removido(s)
2026-07-31 10:47:37,371 - INFO - Removendo filtro de Merchant 'Sportbay'...
2026-07-31 10:47:37,919 - INFO - ✓ Filtro de Merchant removido
2026-07-31 10:47:37,920 - INFO - Adicionando 12 produto(s) por shortHash...
2026-07-31 10:47:39,832 - INFO -   ➕ Produto adicionado: P-36ICMN7CJ5
2026-07-31 10:47:42,442 - INFO -   ➕ Produto adicionado: P-ACDABSYT6Q
2026-07-31 10:47:45,221 - INFO -   ➕ Produto adicionado: P-A2Q24J0IE4
2026-07-31 10:47:47,915 - INFO -   ➕ Produto adicionado: P-428Z86YFK5
2026-07-31 10:47:50,508 - INFO -   ➕ Produto adicionado: P-2RTJESJ2YW
2026-07-31 10:47:54,383 - INFO -   ➕ Produto adicionado: P-C6V6YBHBBJ
2026-07-31 10:47:56,918 - INFO -   ➕ Produto adicionado: P-4PDW6QDB5J
2026-07-31 10:47:59,582 - INFO -   ➕ Produto adicionado: P-F4AXIG0GOS
2026-07-31 10:48:02,221 - WARNING -   ⚠ Falha ao clicar em adicionar para P-4KNMN80XFX: Message: stale element reference: stale element not found in the current frame
  (Session info: chrome=150.0.7871.187); For documentation on this error, please visit: https://www.selenium.dev/documentation/webdriver/troubleshooting/errors#staleelementreferenceexception
Stacktrace:
	chromedriver!GetHandleVerifier [0x7ff6dc1b0d25+155a5]
	chromedriver!GetHandleVerifier [0x7ff6dc1b0d80+15600]
	chromedriver!(No symbol) [0x7ff6dbd0594d]
	chromedriver!(No symbol) [0x7ff6dbd0d8c1]
	chromedriver!(No symbol) [0x7ff6dbd10885]
	chromedriver!(No symbol) [0x7ff6dbd1094f]
	chromedriver!(No symbol) [0x7ff6dbd62cc0]
	chromedriver!(No symbol) [0x7ff6dbd61c50]
	chromedriver!(No symbol) [0x7ff6dbd551a5]
	chromedriver!(No symbol) [0x7ff6dbd891ca]
	chromedriver!(No symbol) [0x7ff6dbd54616]
	chromedriver!(No symbol) [0x7ff6dbdae01b]
	chromedriver!(No symbol) [0x7ff6dbd52e6c]
	chromedriver!(No symbol) [0x7ff6dbd53d93]
	chromedriver!GetHandleVerifier [0x7ff6dc796431+5facb1]
	chromedriver!GetHandleVerifier [0x7ff6dc790a9b+5f531b]
	chromedriver!GetHandleVerifier [0x7ff6dc7b5865+61a0e5]
	chromedriver!GetHandleVerifier [0x7ff6dc1cdace+3234e]
	chromedriver!GetHandleVerifier [0x7ff6dc1d661c+3ae9c]
	chromedriver!GetHandleVerifier [0x7ff6dc1bab74+1f3f4]
	chromedriver!GetHandleVerifier [0x7ff6dc1bad04+1f584]
	chromedriver!GetHandleVerifier [0x7ff6dc19d9d7+2257]
	KERNEL32!BaseThreadInitThunk [0x7ffcd9767374+14]
	ntdll!RtlUserThreadStart [0x7ffcda3bcc91+21]

2026-07-31 10:48:04,871 - INFO -   ➕ Produto adicionado: P-90JYDV9O4E
2026-07-31 10:48:07,724 - INFO -   ➕ Produto adicionado: P-2WKIPYGN9H
2026-07-31 10:48:10,346 - WARNING -   ⚠ Falha ao clicar em adicionar para P-BN9YAPPJEK: Message: stale element reference: stale element not found in the current frame
  (Session info: chrome=150.0.7871.187); For documentation on this error, please visit: https://www.selenium.dev/documentation/webdriver/troubleshooting/errors#staleelementreferenceexception
Stacktrace:
	chromedriver!GetHandleVerifier [0x7ff6dc1b0d25+155a5]
	chromedriver!GetHandleVerifier [0x7ff6dc1b0d80+15600]
	chromedriver!(No symbol) [0x7ff6dbd0594d]
	chromedriver!(No symbol) [0x7ff6dbd0d8c1]
	chromedriver!(No symbol) [0x7ff6dbd10885]
	chromedriver!(No symbol) [0x7ff6dbd1094f]
	chromedriver!(No symbol) [0x7ff6dbd62cc0]
	chromedriver!(No symbol) [0x7ff6dbd61c50]
	chromedriver!(No symbol) [0x7ff6dbd551a5]
	chromedriver!(No symbol) [0x7ff6dbd891ca]
	chromedriver!(No symbol) [0x7ff6dbd54616]
	chromedriver!(No symbol) [0x7ff6dbdae01b]
	chromedriver!(No symbol) [0x7ff6dbd52e6c]
	chromedriver!(No symbol) [0x7ff6dbd53d93]
	chromedriver!GetHandleVerifier [0x7ff6dc796431+5facb1]
	chromedriver!GetHandleVerifier [0x7ff6dc790a9b+5f531b]
	chromedriver!GetHandleVerifier [0x7ff6dc7b5865+61a0e5]
	chromedriver!GetHandleVerifier [0x7ff6dc1cdace+3234e]
	chromedriver!GetHandleVerifier [0x7ff6dc1d661c+3ae9c]
	chromedriver!GetHandleVerifier [0x7ff6dc1bab74+1f3f4]
	chromedriver!GetHandleVerifier [0x7ff6dc1bad04+1f584]
	chromedriver!GetHandleVerifier [0x7ff6dc19d9d7+2257]
	KERNEL32!BaseThreadInitThunk [0x7ffcd9767374+14]
	ntdll!RtlUserThreadStart [0x7ffcda3bcc91+21]

2026-07-31 10:48:11,177 - INFO - ✓ Adição concluída — 10 adicionado(s), 2 não encontrado(s)
2026-07-31 10:48:11,177 - WARNING -   shortHashes não encontrados: ['P-4KNMN80XFX', 'P-BN9YAPPJEK']
2026-07-31 10:48:11,177 - INFO - Salvando alterações...
2026-07-31 10:48:12,374 - INFO - ✓ Alterações salvas com sucesso
2026-07-31 10:48:12,376 - INFO - ============================================================
2026-07-31 10:48:12,377 - INFO - ✓ FLUXO CONCLUÍDO
2026-07-31 10:48:12,378 - INFO - ============================================================
2026-07-31 10:48:14,894 - INFO - Chrome fechado
2026-07-31 11:14:59,971 - INFO - ============================================================
2026-07-31 11:14:59,971 - INFO - INICIANDO ROBÔ DE GERENCIAMENTO DE COLEÇÕES - SPORTBAY
2026-07-31 11:14:59,972 - INFO - ============================================================
2026-07-31 11:14:59,973 - INFO - Lendo planilha: c:\Users\Protork\Desktop\Analise de preços site\Resultado_Menor_Preco_Sportbay.xlsx
2026-07-31 11:17:13,209 - INFO - ============================================================
2026-07-31 11:17:13,246 - INFO - INICIANDO ROBÔ DE GERENCIAMENTO DE COLEÇÕES - SPORTBAY
2026-07-31 11:17:13,250 - INFO - ============================================================
2026-07-31 11:17:13,251 - INFO - Lendo planilha: c:\Users\Protork\Desktop\Analise de preços site\Resultado_Menor_Preco_Sportbay.xlsx
2026-07-31 11:17:13,677 - INFO - Coleção alvo: 'Mais Potência'
2026-07-31 11:17:13,678 - INFO - Total de shortHashes a adicionar: 12
2026-07-31 11:17:13,683 - INFO - ====== WebDriver manager ======
2026-07-31 11:17:14,244 - INFO - Driver [C:\Users\Protork\.wdm\drivers\chromedriver\win64\150.0.7871.124\chromedriver-win64/chromedriver.exe] found in cache by browser version
2026-07-31 11:17:14,953 - INFO - Acessando página de login...
2026-07-31 11:17:18,815 - INFO - ✓ Login realizado com sucesso
2026-07-31 11:17:18,815 - INFO - Navegando direto para: https://www.marketplace.sportbay.com.br/dashboard/categories
2026-07-31 11:17:20,222 - INFO - ✓ Página de lista de categorias/coleções carregada
2026-07-31 11:17:20,226 - INFO - Procurando coleção: 'Mais Potência'
2026-07-31 11:17:24,598 - INFO - ✓ Coleção aberta para edição
2026-07-31 11:17:24,598 - INFO - Removendo produtos atuais da coleção...
2026-07-31 11:17:42,573 - INFO -   ➖ Produto removido (total até agora: 1)
2026-07-31 11:17:59,156 - INFO -   ➖ Produto removido (total até agora: 2)
2026-07-31 11:18:15,883 - INFO -   ➖ Produto removido (total até agora: 3)
2026-07-31 11:18:32,545 - INFO -   ➖ Produto removido (total até agora: 4)
2026-07-31 11:18:49,226 - INFO -   ➖ Produto removido (total até agora: 5)
2026-07-31 11:19:05,889 - INFO -   ➖ Produto removido (total até agora: 6)
2026-07-31 11:19:22,489 - INFO -   ➖ Produto removido (total até agora: 7)
2026-07-31 11:19:39,131 - INFO -   ➖ Produto removido (total até agora: 8)
2026-07-31 11:19:55,794 - INFO -   ➖ Produto removido (total até agora: 9)
2026-07-31 11:20:12,477 - INFO -   ➖ Produto removido (total até agora: 10)
2026-07-31 11:20:29,139 - INFO -   ➖ Produto removido (total até agora: 11)
2026-07-31 11:20:40,836 - INFO - ✓ Remoção concluída — 11 produto(s) removido(s)
2026-07-31 11:20:40,836 - INFO - Removendo filtro de Merchant 'Sportbay'...
2026-07-31 11:20:41,305 - INFO - ✓ Filtro de Merchant removido
2026-07-31 11:20:41,306 - INFO - Adicionando 12 produto(s) por shortHash...
2026-07-31 11:20:43,238 - INFO -   ➕ Produto adicionado: P-CLHVJCSSLT
2026-07-31 11:20:45,913 - INFO -   ➕ Produto adicionado: P-12X4J04NQF
2026-07-31 11:20:48,932 - INFO -   ➕ Produto adicionado: P-7VX1YBXR1K
2026-07-31 11:20:51,666 - INFO -   ➕ Produto adicionado: P-1SCVGM87OC
2026-07-31 11:20:54,373 - INFO -   ➕ Produto adicionado: P-8QY5N5GFD4
2026-07-31 11:20:56,975 - INFO -   ➕ Produto adicionado: P-4HR0HK6O8G
2026-07-31 11:20:59,699 - INFO -   ➕ Produto adicionado: P-D6TD92N9T5
2026-07-31 11:21:02,247 - INFO -   ➕ Produto adicionado: P-7EYGRLTTB7
2026-07-31 11:21:04,836 - INFO -   ➕ Produto adicionado: P-A7KRR79S2P
2026-07-31 11:21:07,466 - INFO -   ➕ Produto adicionado: P-971MV5XKII
2026-07-31 11:21:10,003 - INFO -   ➕ Produto adicionado: P-E2GND2N3PV
2026-07-31 11:21:12,818 - INFO -   ➕ Produto adicionado: P-47WFMD5H1L
2026-07-31 11:21:13,618 - INFO - ✓ Adição concluída — 12 adicionado(s), 0 não encontrado(s)
2026-07-31 11:21:13,619 - INFO - Salvando alterações...
2026-07-31 11:21:14,252 - INFO - ✓ Alterações salvas com sucesso
2026-07-31 11:21:14,252 - INFO - ============================================================
2026-07-31 11:21:14,252 - INFO - ✓ FLUXO CONCLUÍDO
2026-07-31 11:21:14,252 - INFO - ============================================================
2026-07-31 11:21:16,529 - INFO - Chrome fechado
2026-07-31 11:47:23,545 - INFO - ============================================================
2026-07-31 11:47:23,545 - INFO - INICIANDO ROBÔ DE GERENCIAMENTO DE COLEÇÕES - SPORTBAY
2026-07-31 11:47:23,546 - INFO - ============================================================
2026-07-31 11:47:23,546 - INFO - Lendo planilha: c:\Users\Protork\Desktop\Analise de preços site\Resultado_Menor_Preco_Sportbay.xlsx
2026-07-31 11:47:23,881 - INFO - Coleção alvo: 'Mais Vendidos em Capacetes'
2026-07-31 11:47:23,881 - INFO - Total de shortHashes a adicionar: 11
2026-07-31 11:47:23,887 - INFO - ====== WebDriver manager ======
2026-07-31 11:47:24,567 - INFO - Driver [C:\Users\Protork\.wdm\drivers\chromedriver\win64\150.0.7871.124\chromedriver-win64/chromedriver.exe] found in cache by browser version
2026-07-31 11:47:25,278 - INFO - Acessando página de login...
2026-07-31 11:47:29,336 - INFO - ✓ Login realizado com sucesso
2026-07-31 11:47:29,341 - INFO - Navegando direto para: https://www.marketplace.sportbay.com.br/dashboard/categories
2026-07-31 11:47:30,721 - INFO - ✓ Página de lista de categorias/coleções carregada
2026-07-31 11:47:30,724 - INFO - Procurando coleção: 'Mais Vendidos em Capacetes'
2026-07-31 11:47:35,190 - INFO - ✓ Coleção aberta para edição
2026-07-31 11:47:35,191 - INFO - Removendo produtos atuais da coleção...
2026-07-31 11:47:53,159 - INFO -   ➖ Produto removido (total até agora: 1)
2026-07-31 11:48:09,799 - INFO -   ➖ Produto removido (total até agora: 2)
2026-07-31 11:48:26,438 - INFO -   ➖ Produto removido (total até agora: 3)
2026-07-31 11:48:43,170 - INFO -   ➖ Produto removido (total até agora: 4)
2026-07-31 11:48:59,761 - INFO -   ➖ Produto removido (total até agora: 5)
2026-07-31 11:49:16,429 - INFO -   ➖ Produto removido (total até agora: 6)
2026-07-31 11:49:33,102 - INFO -   ➖ Produto removido (total até agora: 7)
2026-07-31 11:49:50,248 - INFO -   ➖ Produto removido (total até agora: 8)
2026-07-31 11:50:06,953 - INFO -   ➖ Produto removido (total até agora: 9)
2026-07-31 11:50:23,595 - INFO -   ➖ Produto removido (total até agora: 10)
2026-07-31 11:50:40,297 - INFO -   ➖ Produto removido (total até agora: 11)
2026-07-31 11:50:57,081 - INFO -   ➖ Produto removido (total até agora: 12)
2026-07-31 11:51:08,653 - INFO - ✓ Remoção concluída — 12 produto(s) removido(s)
2026-07-31 11:51:08,654 - INFO - Removendo filtro de Merchant 'Sportbay'...
2026-07-31 11:51:09,147 - INFO - ✓ Filtro de Merchant removido
2026-07-31 11:51:09,147 - INFO - Adicionando 11 produto(s) por shortHash...
2026-07-31 11:51:11,128 - INFO -   ➕ Produto adicionado: P-2BBKLOH3WL
2026-07-31 11:51:13,770 - INFO -   ➕ Produto adicionado: P-59BKMISOK6
2026-07-31 11:51:16,430 - INFO -   ➕ Produto adicionado: P-1NZRGAPH6Z
2026-07-31 11:51:19,156 - INFO -   ➕ Produto adicionado: P-5PCOD7F000
2026-07-31 11:51:21,963 - INFO -   ➕ Produto adicionado: P-5OHAUAQSN4
2026-07-31 11:51:24,637 - INFO -   ➕ Produto adicionado: P-D35IERIY3R
2026-07-31 11:51:27,330 - INFO -   ➕ Produto adicionado: P-28JK3COFFP
2026-07-31 11:51:30,045 - INFO -   ➕ Produto adicionado: P-82FQMWLQQE
2026-07-31 11:51:32,653 - INFO -   ➕ Produto adicionado: P-2C530YHUZG
2026-07-31 11:51:35,463 - INFO -   ➕ Produto adicionado: P-EPOE1JXNPT
2026-07-31 11:51:38,087 - INFO -   ➕ Produto adicionado: P-35VDFB05PD
2026-07-31 11:51:38,831 - INFO - ✓ Adição concluída — 11 adicionado(s), 0 não encontrado(s)
2026-07-31 11:51:38,831 - INFO - Salvando alterações...
2026-07-31 11:51:39,323 - INFO - ✓ Alterações salvas com sucesso
2026-07-31 11:51:39,323 - INFO - ============================================================
2026-07-31 11:51:39,323 - INFO - ✓ FLUXO CONCLUÍDO
2026-07-31 11:51:39,324 - INFO - ============================================================
2026-07-31 11:51:41,914 - INFO - Chrome fechado
2026-07-31 13:16:11,376 - INFO - ============================================================
2026-07-31 13:16:11,377 - INFO - INICIANDO ROBÔ DE GERENCIAMENTO DE COLEÇÕES - SPORTBAY
2026-07-31 13:16:11,377 - INFO - ============================================================
2026-07-31 13:16:11,377 - INFO - Lendo planilha: c:\Users\Protork\Desktop\Analise de preços site\Resultado_Menor_Preco_Sportbay.xlsx
2026-07-31 13:16:11,665 - INFO - Coleção alvo: 'Renove sua Moto'
2026-07-31 13:16:11,665 - INFO - Total de shortHashes a adicionar: 13
2026-07-31 13:16:11,670 - INFO - ====== WebDriver manager ======
2026-07-31 13:16:12,284 - INFO - Driver [C:\Users\Protork\.wdm\drivers\chromedriver\win64\150.0.7871.124\chromedriver-win64/chromedriver.exe] found in cache by browser version
2026-07-31 13:16:13,018 - INFO - Acessando página de login...
2026-07-31 13:16:16,799 - INFO - ✓ Login realizado com sucesso
2026-07-31 13:16:16,799 - INFO - Navegando direto para: https://www.marketplace.sportbay.com.br/dashboard/categories
2026-07-31 13:16:18,059 - INFO - ✓ Página de lista de categorias/coleções carregada
2026-07-31 13:16:18,062 - INFO - Procurando coleção: 'Renove sua Moto'
2026-07-31 13:16:22,237 - INFO - ✓ Coleção aberta para edição
2026-07-31 13:16:22,237 - INFO - Removendo produtos atuais da coleção...
2026-07-31 13:16:24,123 - INFO -   ➖ Produto removido (total até agora: 1)
2026-07-31 13:16:25,335 - INFO -   ➖ Produto removido (total até agora: 2)
2026-07-31 13:16:26,529 - INFO -   ➖ Produto removido (total até agora: 3)
2026-07-31 13:16:27,726 - INFO -   ➖ Produto removido (total até agora: 4)
2026-07-31 13:16:28,866 - INFO -   ➖ Produto removido (total até agora: 5)
2026-07-31 13:16:30,030 - INFO -   ➖ Produto removido (total até agora: 6)
2026-07-31 13:16:31,270 - INFO -   ➖ Produto removido (total até agora: 7)
2026-07-31 13:16:31,909 - INFO -   ➖ Produto removido (total até agora: 8)
2026-07-31 13:16:33,029 - INFO -   ➖ Produto removido (total até agora: 9)
2026-07-31 13:16:34,224 - INFO -   ➖ Produto removido (total até agora: 10)
2026-07-31 13:16:35,346 - INFO -   ➖ Produto removido (total até agora: 11)
2026-07-31 13:16:36,467 - INFO -   ➖ Produto removido (total até agora: 12)
2026-07-31 13:16:47,986 - INFO - ✓ Remoção concluída — 12 produto(s) removido(s)
2026-07-31 13:16:47,986 - INFO - Removendo filtro de Merchant 'Sportbay'...
2026-07-31 13:16:48,463 - INFO - ✓ Filtro de Merchant removido
2026-07-31 13:16:48,463 - INFO - Adicionando 13 produto(s) por shortHash...
2026-07-31 13:16:50,385 - INFO -   ➕ Produto adicionado: P-95J6T27J4N
2026-07-31 13:16:53,012 - INFO -   ➕ Produto adicionado: P-18TQPXEOYC
2026-07-31 13:16:55,602 - INFO -   ➕ Produto adicionado: P-4R8NIZC37Y
2026-07-31 13:16:58,253 - INFO -   ➕ Produto adicionado: P-CW7G39WFQN
2026-07-31 13:17:00,833 - INFO -   ➕ Produto adicionado: P-D9NT6HJQI3
2026-07-31 13:17:03,481 - INFO -   ➕ Produto adicionado: P-6MNCJP0RRC
2026-07-31 13:17:06,059 - INFO -   ➕ Produto adicionado: P-ATVPV7C8AV
2026-07-31 13:17:08,693 - INFO -   ➕ Produto adicionado: P-C98ZO4039M
2026-07-31 13:17:11,307 - WARNING -   ⚠ Falha ao clicar em adicionar para P-HEYR6GG0IW: Message: stale element reference: stale element not found in the current frame
  (Session info: chrome=150.0.7871.187); For documentation on this error, please visit: https://www.selenium.dev/documentation/webdriver/troubleshooting/errors#staleelementreferenceexception
Stacktrace:
	chromedriver!GetHandleVerifier [0x7ff6dc1b0d25+155a5]
	chromedriver!GetHandleVerifier [0x7ff6dc1b0d80+15600]
	chromedriver!(No symbol) [0x7ff6dbd0594d]
	chromedriver!(No symbol) [0x7ff6dbd0d8c1]
	chromedriver!(No symbol) [0x7ff6dbd10885]
	chromedriver!(No symbol) [0x7ff6dbd1094f]
	chromedriver!(No symbol) [0x7ff6dbd64270]
	chromedriver!(No symbol) [0x7ff6dbd61e83]
	chromedriver!(No symbol) [0x7ff6dbd551a5]
	chromedriver!(No symbol) [0x7ff6dbd891ca]
	chromedriver!(No symbol) [0x7ff6dbd54616]
	chromedriver!(No symbol) [0x7ff6dbdae01b]
	chromedriver!(No symbol) [0x7ff6dbd52e6c]
	chromedriver!(No symbol) [0x7ff6dbd53d93]
	chromedriver!GetHandleVerifier [0x7ff6dc796431+5facb1]
	chromedriver!GetHandleVerifier [0x7ff6dc790a9b+5f531b]
	chromedriver!GetHandleVerifier [0x7ff6dc7b5865+61a0e5]
	chromedriver!GetHandleVerifier [0x7ff6dc1cdace+3234e]
	chromedriver!GetHandleVerifier [0x7ff6dc1d661c+3ae9c]
	chromedriver!GetHandleVerifier [0x7ff6dc1bab74+1f3f4]
	chromedriver!GetHandleVerifier [0x7ff6dc1bad04+1f584]
	chromedriver!GetHandleVerifier [0x7ff6dc19d9d7+2257]
	KERNEL32!BaseThreadInitThunk [0x7ffcd9767374+14]
	ntdll!RtlUserThreadStart [0x7ffcda3bcc91+21]

2026-07-31 13:17:14,037 - INFO -   ➕ Produto adicionado: P-CBG3JPH4K7
2026-07-31 13:17:17,102 - INFO -   ➕ Produto adicionado: P-BMBTLZQLTG
2026-07-31 13:17:20,224 - INFO -   ➕ Produto adicionado: P-4VQ0IH85ZO
2026-07-31 13:17:22,924 - INFO -   ➕ Produto adicionado: P-DNRVLJ5BQE
2026-07-31 13:17:23,712 - INFO - ✓ Adição concluída — 12 adicionado(s), 1 não encontrado(s)
2026-07-31 13:17:23,713 - WARNING -   shortHashes não encontrados: ['P-HEYR6GG0IW']
2026-07-31 13:17:23,713 - INFO - Salvando alterações...
2026-07-31 13:17:24,409 - INFO - ✓ Alterações salvas com sucesso
2026-07-31 13:17:24,409 - INFO - ============================================================
2026-07-31 13:17:24,410 - INFO - ✓ FLUXO CONCLUÍDO
2026-07-31 13:17:24,410 - INFO - ============================================================
2026-07-31 13:17:27,406 - INFO - Chrome fechado
2026-07-31 13:45:44,237 - INFO - ============================================================
2026-07-31 13:45:44,237 - INFO - INICIANDO ROBÔ DE GERENCIAMENTO DE COLEÇÕES - SPORTBAY
2026-07-31 13:45:44,238 - INFO - ============================================================
2026-07-31 13:45:44,238 - INFO - Lendo planilha: c:\Users\Protork\Desktop\Analise de preços site\Resultado_Menor_Preco_Sportbay.xlsx
2026-07-31 13:45:44,534 - INFO - Coleção alvo: 'Feito para Campeões'
2026-07-31 13:45:44,535 - INFO - Total de shortHashes a adicionar: 17
2026-07-31 13:45:44,540 - INFO - ====== WebDriver manager ======
2026-07-31 13:45:45,206 - INFO - Driver [C:\Users\Protork\.wdm\drivers\chromedriver\win64\150.0.7871.124\chromedriver-win64/chromedriver.exe] found in cache by browser version
2026-07-31 13:45:46,126 - INFO - Acessando página de login...
2026-07-31 13:45:49,988 - INFO - ✓ Login realizado com sucesso
2026-07-31 13:45:49,988 - INFO - Navegando direto para: https://www.marketplace.sportbay.com.br/dashboard/categories
2026-07-31 13:45:51,446 - INFO - ✓ Página de lista de categorias/coleções carregada
2026-07-31 13:45:51,450 - INFO - Procurando coleção: 'Feito para Campeões'
2026-07-31 13:45:56,051 - INFO - ✓ Coleção aberta para edição
2026-07-31 13:45:56,051 - INFO - Removendo produtos atuais da coleção...
2026-07-31 13:45:57,557 - INFO -   ➖ Produto removido (total até agora: 1)
2026-07-31 13:45:58,754 - INFO -   ➖ Produto removido (total até agora: 2)
2026-07-31 13:45:59,880 - INFO -   ➖ Produto removido (total até agora: 3)
2026-07-31 13:46:01,080 - INFO -   ➖ Produto removido (total até agora: 4)
2026-07-31 13:46:02,222 - INFO -   ➖ Produto removido (total até agora: 5)
2026-07-31 13:46:03,346 - INFO -   ➖ Produto removido (total até agora: 6)
2026-07-31 13:46:04,532 - INFO -   ➖ Produto removido (total até agora: 7)
2026-07-31 13:46:05,288 - INFO -   ➖ Produto removido (total até agora: 8)
2026-07-31 13:46:06,497 - INFO -   ➖ Produto removido (total até agora: 9)
2026-07-31 13:46:07,143 - INFO -   ➖ Produto removido (total até agora: 10)
2026-07-31 13:46:08,754 - INFO -   ➖ Produto removido (total até agora: 11)
2026-07-31 13:46:09,868 - INFO -   ➖ Produto removido (total até agora: 12)
2026-07-31 13:46:21,394 - INFO - ✓ Remoção concluída — 12 produto(s) removido(s)
2026-07-31 13:46:21,394 - INFO - Removendo filtro de Merchant 'Sportbay'...
2026-07-31 13:46:21,919 - INFO - ✓ Filtro de Merchant removido e confirmado (tag não existe mais no DOM)
2026-07-31 13:46:21,920 - INFO - Adicionando 17 produto(s) por shortHash...
2026-07-31 13:46:23,916 - INFO -   ➕ Produto adicionado: P-3XOB2US7F6
2026-07-31 13:46:26,647 - WARNING -   ⚠ Falha ao clicar em adicionar para P-2GV5TOWPLR: Message: stale element reference: stale element not found in the current frame
  (Session info: chrome=150.0.7871.187); For documentation on this error, please visit: https://www.selenium.dev/documentation/webdriver/troubleshooting/errors#staleelementreferenceexception
Stacktrace:
	chromedriver!GetHandleVerifier [0x7ff6dc1b0d25+155a5]
	chromedriver!GetHandleVerifier [0x7ff6dc1b0d80+15600]
	chromedriver!(No symbol) [0x7ff6dbd0594d]
	chromedriver!(No symbol) [0x7ff6dbd0d8c1]
	chromedriver!(No symbol) [0x7ff6dbd10885]
	chromedriver!(No symbol) [0x7ff6dbd1094f]
	chromedriver!(No symbol) [0x7ff6dbd62cc0]
	chromedriver!(No symbol) [0x7ff6dbd61c50]
	chromedriver!(No symbol) [0x7ff6dbd54d98]
	chromedriver!(No symbol) [0x7ff6dbd891ca]
	chromedriver!(No symbol) [0x7ff6dbd54616]
	chromedriver!(No symbol) [0x7ff6dbdae01b]
	chromedriver!(No symbol) [0x7ff6dbd52e6c]
	chromedriver!(No symbol) [0x7ff6dbd53d93]
	chromedriver!GetHandleVerifier [0x7ff6dc796431+5facb1]
	chromedriver!GetHandleVerifier [0x7ff6dc790a9b+5f531b]
	chromedriver!GetHandleVerifier [0x7ff6dc7b5865+61a0e5]
	chromedriver!GetHandleVerifier [0x7ff6dc1cdace+3234e]
	chromedriver!GetHandleVerifier [0x7ff6dc1d661c+3ae9c]
	chromedriver!GetHandleVerifier [0x7ff6dc1bab74+1f3f4]
	chromedriver!GetHandleVerifier [0x7ff6dc1bad04+1f584]
	chromedriver!GetHandleVerifier [0x7ff6dc19d9d7+2257]
	KERNEL32!BaseThreadInitThunk [0x7ffcd9767374+14]
	ntdll!RtlUserThreadStart [0x7ffcda3bcc91+21]

2026-07-31 13:46:29,171 - WARNING -   ⚠ Falha ao clicar em adicionar para P-D8Y64DA4OI: Message: stale element reference: stale element not found in the current frame
  (Session info: chrome=150.0.7871.187); For documentation on this error, please visit: https://www.selenium.dev/documentation/webdriver/troubleshooting/errors#staleelementreferenceexception
Stacktrace:
	chromedriver!GetHandleVerifier [0x7ff6dc1b0d25+155a5]
	chromedriver!GetHandleVerifier [0x7ff6dc1b0d80+15600]
	chromedriver!(No symbol) [0x7ff6dbd0594d]
	chromedriver!(No symbol) [0x7ff6dbd0d8c1]
	chromedriver!(No symbol) [0x7ff6dbd10885]
	chromedriver!(No symbol) [0x7ff6dbd1094f]
	chromedriver!(No symbol) [0x7ff6dbd63074]
	chromedriver!(No symbol) [0x7ff6dbd62140]
	chromedriver!(No symbol) [0x7ff6dbd54d98]
	chromedriver!(No symbol) [0x7ff6dbd891ca]
	chromedriver!(No symbol) [0x7ff6dbd54616]
	chromedriver!(No symbol) [0x7ff6dbdae01b]
	chromedriver!(No symbol) [0x7ff6dbd52e6c]
	chromedriver!(No symbol) [0x7ff6dbd53d93]
	chromedriver!GetHandleVerifier [0x7ff6dc796431+5facb1]
	chromedriver!GetHandleVerifier [0x7ff6dc790a9b+5f531b]
	chromedriver!GetHandleVerifier [0x7ff6dc7b5865+61a0e5]
	chromedriver!GetHandleVerifier [0x7ff6dc1cdace+3234e]
	chromedriver!GetHandleVerifier [0x7ff6dc1d661c+3ae9c]
	chromedriver!GetHandleVerifier [0x7ff6dc1bab74+1f3f4]
	chromedriver!GetHandleVerifier [0x7ff6dc1bad04+1f584]
	chromedriver!GetHandleVerifier [0x7ff6dc19d9d7+2257]
	KERNEL32!BaseThreadInitThunk [0x7ffcd9767374+14]
	ntdll!RtlUserThreadStart [0x7ffcda3bcc91+21]

2026-07-31 13:46:32,217 - INFO -   ➕ Produto adicionado: P-9ZR8OFZ3T4
2026-07-31 13:46:34,999 - INFO -   ➕ Produto adicionado: P-BLEP9P623C
2026-07-31 13:46:37,624 - INFO -   ➕ Produto adicionado: P-BCJ67V3E0D
2026-07-31 13:46:40,351 - INFO -   ➕ Produto adicionado: P-5U08870E76
2026-07-31 13:46:43,115 - INFO -   ➕ Produto adicionado: P-3BFQSZZ0CL
2026-07-31 13:46:45,776 - INFO -   ➕ Produto adicionado: P-378ERPQPJF
2026-07-31 13:46:48,371 - INFO -   ➕ Produto adicionado: P-CAVZ7TDUDJ
2026-07-31 13:46:51,060 - INFO -   ➕ Produto adicionado: P-1SAXZMCYI4
2026-07-31 13:46:53,847 - INFO -   ➕ Produto adicionado: P-C5UTI8A5TV
2026-07-31 13:46:56,499 - INFO -   ➕ Produto adicionado: P-80LR23WGOS
2026-07-31 13:46:59,158 - INFO -   ➕ Produto adicionado: P-617A8E9VKU
2026-07-31 13:47:01,818 - WARNING -   ⚠ Falha ao clicar em adicionar para P-F6W74FCI3W: Message: stale element reference: stale element not found in the current frame
  (Session info: chrome=150.0.7871.187); For documentation on this error, please visit: https://www.selenium.dev/documentation/webdriver/troubleshooting/errors#staleelementreferenceexception
Stacktrace:
	chromedriver!GetHandleVerifier [0x7ff6dc1b0d25+155a5]
	chromedriver!GetHandleVerifier [0x7ff6dc1b0d80+15600]
	chromedriver!(No symbol) [0x7ff6dbd0594d]
	chromedriver!(No symbol) [0x7ff6dbd0d8c1]
	chromedriver!(No symbol) [0x7ff6dbd10885]
	chromedriver!(No symbol) [0x7ff6dbd1094f]
	chromedriver!(No symbol) [0x7ff6dbd6829a]
	chromedriver!(No symbol) [0x7ff6dbd65bb1]
	chromedriver!(No symbol) [0x7ff6dbd634e7]
	chromedriver!(No symbol) [0x7ff6dbd623a0]
	chromedriver!(No symbol) [0x7ff6dbd54d98]
	chromedriver!(No symbol) [0x7ff6dbd891ca]
	chromedriver!(No symbol) [0x7ff6dbd54616]
	chromedriver!(No symbol) [0x7ff6dbdae01b]
	chromedriver!(No symbol) [0x7ff6dbd52e6c]
	chromedriver!(No symbol) [0x7ff6dbd53d93]
	chromedriver!GetHandleVerifier [0x7ff6dc796431+5facb1]
	chromedriver!GetHandleVerifier [0x7ff6dc790a9b+5f531b]
	chromedriver!GetHandleVerifier [0x7ff6dc7b5865+61a0e5]
	chromedriver!GetHandleVerifier [0x7ff6dc1cdace+3234e]
	chromedriver!GetHandleVerifier [0x7ff6dc1d661c+3ae9c]
	chromedriver!GetHandleVerifier [0x7ff6dc1bab74+1f3f4]
	chromedriver!GetHandleVerifier [0x7ff6dc1bad04+1f584]
	chromedriver!GetHandleVerifier [0x7ff6dc19d9d7+2257]
	KERNEL32!BaseThreadInitThunk [0x7ffcd9767374+14]
	ntdll!RtlUserThreadStart [0x7ffcda3bcc91+21]

2026-07-31 13:47:04,869 - INFO -   ➕ Produto adicionado: P-6J3LDAOQIL
2026-07-31 13:47:07,505 - WARNING -   ⚠ Falha ao clicar em adicionar para P-BQWK49XBVN: Message: stale element reference: stale element not found in the current frame
  (Session info: chrome=150.0.7871.187); For documentation on this error, please visit: https://www.selenium.dev/documentation/webdriver/troubleshooting/errors#staleelementreferenceexception
Stacktrace:
	chromedriver!GetHandleVerifier [0x7ff6dc1b0d25+155a5]
	chromedriver!GetHandleVerifier [0x7ff6dc1b0d80+15600]
	chromedriver!(No symbol) [0x7ff6dbd0594d]
	chromedriver!(No symbol) [0x7ff6dbd0d8c1]
	chromedriver!(No symbol) [0x7ff6dbd10885]
	chromedriver!(No symbol) [0x7ff6dbd1094f]
	chromedriver!(No symbol) [0x7ff6dbd64270]
	chromedriver!(No symbol) [0x7ff6dbd61e83]
	chromedriver!(No symbol) [0x7ff6dbd54d98]
	chromedriver!(No symbol) [0x7ff6dbd891ca]
	chromedriver!(No symbol) [0x7ff6dbd54616]
	chromedriver!(No symbol) [0x7ff6dbdae01b]
	chromedriver!(No symbol) [0x7ff6dbd52e6c]
	chromedriver!(No symbol) [0x7ff6dbd53d93]
	chromedriver!GetHandleVerifier [0x7ff6dc796431+5facb1]
	chromedriver!GetHandleVerifier [0x7ff6dc790a9b+5f531b]
	chromedriver!GetHandleVerifier [0x7ff6dc7b5865+61a0e5]
	chromedriver!GetHandleVerifier [0x7ff6dc1cdace+3234e]
	chromedriver!GetHandleVerifier [0x7ff6dc1d661c+3ae9c]
	chromedriver!GetHandleVerifier [0x7ff6dc1bab74+1f3f4]
	chromedriver!GetHandleVerifier [0x7ff6dc1bad04+1f584]
	chromedriver!GetHandleVerifier [0x7ff6dc19d9d7+2257]
	KERNEL32!BaseThreadInitThunk [0x7ffcd9767374+14]
	ntdll!RtlUserThreadStart [0x7ffcda3bcc91+21]

2026-07-31 13:47:08,244 - INFO - ✓ Adição concluída — 13 adicionado(s), 4 não encontrado(s)
2026-07-31 13:47:08,244 - WARNING -   shortHashes não encontrados: ['P-2GV5TOWPLR', 'P-D8Y64DA4OI', 'P-F6W74FCI3W', 'P-BQWK49XBVN']
2026-07-31 13:47:08,244 - INFO - Salvando alterações...
2026-07-31 13:47:09,318 - INFO - ✓ Alterações salvas com sucesso
2026-07-31 13:47:09,318 - INFO - ============================================================
2026-07-31 13:47:09,319 - INFO - ✓ FLUXO CONCLUÍDO
2026-07-31 13:47:09,319 - INFO - ============================================================
2026-07-31 13:47:11,869 - INFO - Chrome fechado
2026-07-31 13:55:05,557 - INFO - ============================================================
2026-07-31 13:55:05,557 - INFO - INICIANDO ROBÔ DE GERENCIAMENTO DE COLEÇÕES - SPORTBAY
2026-07-31 13:55:05,557 - INFO - ============================================================
2026-07-31 13:55:05,558 - INFO - Lendo planilha: c:\Users\Protork\Desktop\Analise de preços site\Resultado_Menor_Preco_Sportbay.xlsx
2026-07-31 13:55:06,063 - INFO - Coleção alvo: 'Feito para Campeões'
2026-07-31 13:55:06,063 - INFO - Total de shortHashes a adicionar: 17
2026-07-31 13:55:06,070 - INFO - ====== WebDriver manager ======
2026-07-31 13:55:06,780 - INFO - Driver [C:\Users\Protork\.wdm\drivers\chromedriver\win64\150.0.7871.124\chromedriver-win64/chromedriver.exe] found in cache by browser version
2026-07-31 13:55:07,711 - INFO - Acessando página de login...
2026-07-31 13:55:11,468 - INFO - ✓ Login realizado com sucesso
2026-07-31 13:55:11,469 - INFO - Navegando direto para: https://www.marketplace.sportbay.com.br/dashboard/categories
2026-07-31 13:55:12,693 - INFO - ✓ Página de lista de categorias/coleções carregada
2026-07-31 13:55:12,694 - INFO - Procurando coleção: 'Feito para Campeões'
2026-07-31 13:55:17,185 - INFO - ✓ Coleção aberta para edição
2026-07-31 13:55:17,185 - INFO - Removendo produtos atuais da coleção...
2026-07-31 13:55:19,057 - INFO -   ➖ Produto removido (total até agora: 1)
2026-07-31 13:55:20,331 - INFO -   ➖ Produto removido (total até agora: 2)
2026-07-31 13:55:21,039 - INFO -   ➖ Produto removido (total até agora: 3)
2026-07-31 13:55:22,207 - INFO -   ➖ Produto removido (total até agora: 4)
2026-07-31 13:55:23,384 - INFO -   ➖ Produto removido (total até agora: 5)
2026-07-31 13:55:24,551 - INFO -   ➖ Produto removido (total até agora: 6)
2026-07-31 13:55:25,690 - INFO -   ➖ Produto removido (total até agora: 7)
2026-07-31 13:55:26,853 - INFO -   ➖ Produto removido (total até agora: 8)
2026-07-31 13:55:27,998 - INFO -   ➖ Produto removido (total até agora: 9)
2026-07-31 13:55:28,638 - INFO -   ➖ Produto removido (total até agora: 10)
2026-07-31 13:55:29,760 - INFO -   ➖ Produto removido (total até agora: 11)
2026-07-31 13:55:41,327 - INFO - ✓ Remoção concluída — 11 produto(s) removido(s)
2026-07-31 13:55:41,327 - INFO - Removendo filtro de Merchant 'Sportbay'...
2026-07-31 13:55:41,836 - INFO - ✓ Filtro de Merchant removido e confirmado (tag não existe mais no DOM)
2026-07-31 13:55:41,836 - INFO - Adicionando 17 produto(s) por shortHash...
2026-07-31 13:55:44,393 - INFO -   ➕ Produto adicionado: P-3XOB2US7F6
2026-07-31 13:55:47,023 - INFO -   ➕ Produto adicionado: P-2GV5TOWPLR
2026-07-31 13:55:49,712 - INFO -   ➕ Produto adicionado: P-D8Y64DA4OI
2026-07-31 13:55:52,354 - INFO -   ➕ Produto adicionado: P-9ZR8OFZ3T4
2026-07-31 13:55:55,254 - INFO -   ➕ Produto adicionado: P-BLEP9P623C
2026-07-31 13:55:58,163 - INFO -   ➕ Produto adicionado: P-BCJ67V3E0D
2026-07-31 13:56:00,869 - INFO -   ➕ Produto adicionado: P-5U08870E76
2026-07-31 13:56:03,555 - INFO -   ➕ Produto adicionado: P-3BFQSZZ0CL
2026-07-31 13:56:06,206 - INFO -   ➕ Produto adicionado: P-378ERPQPJF
2026-07-31 13:56:08,875 - INFO -   ➕ Produto adicionado: P-CAVZ7TDUDJ
2026-07-31 13:56:11,645 - INFO -   ➕ Produto adicionado: P-1SAXZMCYI4
2026-07-31 13:56:14,172 - INFO -   ➕ Produto adicionado: P-C5UTI8A5TV
2026-07-31 13:56:16,822 - INFO -   ➕ Produto adicionado: P-80LR23WGOS
2026-07-31 13:56:19,564 - INFO -   ➕ Produto adicionado: P-617A8E9VKU
2026-07-31 13:56:22,593 - INFO -   ➕ Produto adicionado: P-F6W74FCI3W
2026-07-31 13:56:25,247 - INFO -   ➕ Produto adicionado: P-6J3LDAOQIL
2026-07-31 13:56:27,948 - INFO -   ➕ Produto adicionado: P-BQWK49XBVN
2026-07-31 13:56:28,681 - INFO - ✓ Adição concluída — 17 adicionado(s), 0 não encontrado(s)
2026-07-31 13:56:28,682 - INFO - Salvando alterações...
2026-07-31 13:56:29,523 - INFO - ✓ Alterações salvas com sucesso
2026-07-31 13:56:29,523 - INFO - ============================================================
2026-07-31 13:56:29,524 - INFO - ✓ FLUXO CONCLUÍDO
2026-07-31 13:56:29,524 - INFO - ============================================================
2026-07-31 13:56:31,878 - INFO - Chrome fechado
2026-07-31 14:13:29,064 - INFO - ============================================================
2026-07-31 14:13:29,066 - INFO - INICIANDO ROBÔ DE GERENCIAMENTO DE COLEÇÕES - SPORTBAY
2026-07-31 14:13:29,067 - INFO - ============================================================
2026-07-31 14:13:29,068 - INFO - Lendo planilha: c:\Users\Protork\Desktop\Analise de preços site\Resultado_Menor_Preco_Sportbay.xlsx
2026-07-31 14:13:29,436 - INFO - Coleção alvo: 'Feito para Campeões'
2026-07-31 14:13:29,437 - INFO - Total de shortHashes a adicionar: 16
2026-07-31 14:13:29,443 - INFO - ====== WebDriver manager ======
2026-07-31 14:13:30,074 - INFO - Driver [C:\Users\Protork\.wdm\drivers\chromedriver\win64\150.0.7871.124\chromedriver-win64/chromedriver.exe] found in cache by browser version
2026-07-31 14:13:30,806 - INFO - Acessando página de login...
2026-07-31 14:13:34,776 - INFO - ✓ Login realizado com sucesso
2026-07-31 14:13:34,776 - INFO - Navegando direto para: https://www.marketplace.sportbay.com.br/dashboard/categories
2026-07-31 14:13:36,185 - INFO - ✓ Página de lista de categorias/coleções carregada
2026-07-31 14:13:36,188 - INFO - Procurando coleção: 'Feito para Campeões'
2026-07-31 14:13:40,713 - INFO - ✓ Coleção aberta para edição
2026-07-31 14:13:40,713 - INFO - Removendo produtos atuais da coleção...
2026-07-31 14:13:42,597 - INFO -   ➖ Produto removido (total até agora: 1)
2026-07-31 14:13:43,917 - INFO -   ➖ Produto removido (total até agora: 2)
2026-07-31 14:13:45,700 - INFO -   ➖ Produto removido (total até agora: 3)
2026-07-31 14:13:46,381 - INFO -   ➖ Produto removido (total até agora: 4)
2026-07-31 14:13:47,513 - INFO -   ➖ Produto removido (total até agora: 5)
2026-07-31 14:13:49,166 - INFO -   ➖ Produto removido (total até agora: 6)
2026-07-31 14:13:49,853 - INFO -   ➖ Produto removido (total até agora: 7)
2026-07-31 14:13:51,043 - INFO -   ➖ Produto removido (total até agora: 8)
2026-07-31 14:13:52,195 - INFO -   ➖ Produto removido (total até agora: 9)
2026-07-31 14:13:53,818 - INFO -   ➖ Produto removido (total até agora: 10)
2026-07-31 14:13:54,917 - INFO -   ➖ Produto removido (total até agora: 11)
2026-07-31 14:13:55,516 - INFO -   ➖ Produto removido (total até agora: 12)
2026-07-31 14:13:57,118 - INFO -   ➖ Produto removido (total até agora: 13)
2026-07-31 14:14:08,350 - INFO - ✓ Remoção concluída — 13 produto(s) removido(s)
2026-07-31 14:14:08,350 - INFO - Removendo filtro de Merchant 'Sportbay'...
2026-07-31 14:14:08,865 - INFO - ✓ Filtro de Merchant removido e confirmado (tag não existe mais no DOM)
2026-07-31 14:14:08,881 - INFO - Adicionando 16 produto(s) por shortHash...
2026-07-31 14:14:10,810 - INFO -   ➕ Produto adicionado: P-3XOB2US7F6
2026-07-31 14:14:13,587 - INFO -   ➕ Produto adicionado: P-D8Y64DA4OI
2026-07-31 14:14:16,195 - INFO -   ➕ Produto adicionado: P-9ZR8OFZ3T4
2026-07-31 14:14:18,843 - INFO -   ➕ Produto adicionado: P-BLEP9P623C
2026-07-31 14:14:21,443 - INFO -   ➕ Produto adicionado: P-BCJ67V3E0D
2026-07-31 14:14:24,148 - INFO -   ➕ Produto adicionado: P-5U08870E76
2026-07-31 14:14:26,854 - INFO -   ➕ Produto adicionado: P-3BFQSZZ0CL
2026-07-31 14:14:29,591 - INFO -   ➕ Produto adicionado: P-378ERPQPJF
2026-07-31 14:14:32,189 - INFO -   ➕ Produto adicionado: P-CAVZ7TDUDJ
2026-07-31 14:14:34,896 - INFO -   ➕ Produto adicionado: P-1SAXZMCYI4
2026-07-31 14:14:37,628 - INFO -   ➕ Produto adicionado: P-C5UTI8A5TV
2026-07-31 14:14:40,417 - INFO -   ➕ Produto adicionado: P-80LR23WGOS
2026-07-31 14:14:43,265 - INFO -   ➕ Produto adicionado: P-617A8E9VKU
2026-07-31 14:14:46,101 - INFO -   ➕ Produto adicionado: P-F6W74FCI3W
2026-07-31 14:14:48,957 - INFO -   ➕ Produto adicionado: P-6J3LDAOQIL
2026-07-31 14:14:51,808 - INFO -   ➕ Produto adicionado: P-BQWK49XBVN
2026-07-31 14:14:52,557 - INFO - ✓ Adição concluída — 16 adicionado(s), 0 não encontrado(s)
2026-07-31 14:14:52,557 - INFO - Salvando alterações...
2026-07-31 14:14:53,076 - INFO - ✓ Alterações salvas com sucesso
2026-07-31 14:14:53,076 - INFO - ============================================================
2026-07-31 14:14:53,076 - INFO - ✓ FLUXO CONCLUÍDO
2026-07-31 14:14:53,076 - INFO - ============================================================
2026-07-31 14:14:55,413 - INFO - Chrome fechado
2026-07-31 14:51:44,883 - INFO - ============================================================
2026-07-31 14:51:44,883 - INFO - INICIANDO ROBÔ DE GERENCIAMENTO DE COLEÇÕES - SPORTBAY
2026-07-31 14:51:44,884 - INFO - ============================================================
2026-07-31 14:51:44,884 - INFO - Lendo planilha: c:\Users\Protork\Desktop\Analise de preços site\Resultado_Menor_Preco_Sportbay.xlsx
2026-07-31 14:51:45,151 - INFO - Coleção alvo: 'Pneus Para Sua Moto'
2026-07-31 14:51:45,151 - INFO - Total de shortHashes a adicionar: 12
2026-07-31 14:51:45,156 - INFO - ====== WebDriver manager ======
2026-07-31 14:51:45,729 - INFO - Driver [C:\Users\Protork\.wdm\drivers\chromedriver\win64\150.0.7871.124\chromedriver-win64/chromedriver.exe] found in cache by browser version
2026-07-31 14:51:46,433 - INFO - Acessando página de login...
2026-07-31 14:51:50,085 - INFO - ✓ Login realizado com sucesso
2026-07-31 14:51:50,085 - INFO - Navegando direto para: https://www.marketplace.sportbay.com.br/dashboard/categories
2026-07-31 14:51:51,460 - INFO - ✓ Página de lista de categorias/coleções carregada
2026-07-31 14:51:51,461 - INFO - Procurando coleção: 'Pneus Para Sua Moto'
2026-07-31 14:51:55,294 - INFO - ✓ Coleção aberta para edição
2026-07-31 14:51:55,294 - INFO - Removendo produtos atuais da coleção...
2026-07-31 14:51:57,182 - INFO -   ➖ Produto removido (total até agora: 1)
2026-07-31 14:51:57,807 - INFO -   ➖ Produto removido (total até agora: 2)
2026-07-31 14:51:58,468 - INFO -   ➖ Produto removido (total até agora: 3)
2026-07-31 14:51:59,087 - INFO -   ➖ Produto removido (total até agora: 4)
2026-07-31 14:51:59,716 - INFO -   ➖ Produto removido (total até agora: 5)
2026-07-31 14:52:00,339 - INFO -   ➖ Produto removido (total até agora: 6)
2026-07-31 14:52:00,947 - INFO -   ➖ Produto removido (total até agora: 7)
2026-07-31 14:52:02,113 - INFO -   ➖ Produto removido (total até agora: 8)
2026-07-31 14:52:02,770 - INFO -   ➖ Produto removido (total até agora: 9)
2026-07-31 14:52:03,383 - INFO -   ➖ Produto removido (total até agora: 10)
2026-07-31 14:52:04,024 - INFO -   ➖ Produto removido (total até agora: 11)
2026-07-31 14:52:04,665 - INFO -   ➖ Produto removido (total até agora: 12)
2026-07-31 14:52:16,018 - INFO - ✓ Remoção concluída — 12 produto(s) removido(s)
2026-07-31 14:52:16,018 - INFO - Removendo filtro de Merchant 'Sportbay'...
2026-07-31 14:52:16,606 - INFO - ✓ Filtro de Merchant removido e confirmado (tag não existe mais no DOM)
2026-07-31 14:52:16,606 - INFO - Adicionando 12 produto(s) por shortHash...
2026-07-31 14:52:18,494 - INFO -   ➕ Produto adicionado: P-67AI9W0P7L
2026-07-31 14:52:21,046 - INFO -   ➕ Produto adicionado: P-6MPTAE004E
2026-07-31 14:52:23,597 - INFO -   ➕ Produto adicionado: P-BF0JN83Z33
2026-07-31 14:52:26,119 - INFO -   ➕ Produto adicionado: P-6DKRXVUR91
2026-07-31 14:52:28,677 - INFO -   ➕ Produto adicionado: P-B1559WOLBK
2026-07-31 14:52:31,218 - INFO -   ➕ Produto adicionado: P-AHXIENCYDQ
2026-07-31 14:52:33,773 - INFO -   ➕ Produto adicionado: P-9FKZE792K3
2026-07-31 14:52:36,421 - INFO -   ➕ Produto adicionado: P-D5RSEF0NS6
2026-07-31 14:52:39,095 - INFO -   ➕ Produto adicionado: P-41YDCL4DSH
2026-07-31 14:52:41,653 - INFO -   ➕ Produto adicionado: P-D80HCQYYG7
2026-07-31 14:52:44,259 - INFO -   ➕ Produto adicionado: P-9P9R7RIB1O
2026-07-31 14:52:46,870 - INFO -   ➕ Produto adicionado: P-4Z4DQEIXEM
2026-07-31 14:52:47,603 - INFO - ✓ Adição concluída — 12 adicionado(s), 0 não encontrado(s)
2026-07-31 14:52:47,603 - INFO - Salvando alterações...
2026-07-31 14:52:48,099 - INFO - ✓ Alterações salvas com sucesso
2026-07-31 14:52:48,099 - INFO - ============================================================
2026-07-31 14:52:48,099 - INFO - ✓ FLUXO CONCLUÍDO
2026-07-31 14:52:48,099 - INFO - ============================================================
2026-07-31 14:52:50,536 - INFO - Chrome fechado
2026-07-31 15:07:47,216 - INFO - ============================================================
2026-07-31 15:07:47,218 - INFO - INICIANDO ROBÔ DE GERENCIAMENTO DE COLEÇÕES - SPORTBAY
2026-07-31 15:07:47,226 - INFO - ============================================================
2026-07-31 15:07:47,227 - INFO - Lendo planilha: c:\Users\Protork\Desktop\Analise de preços site\Resultado_Menor_Preco_Sportbay.xlsx
2026-07-31 15:07:47,652 - INFO - Coleção alvo: 'Pneus Para Sua Moto'
2026-07-31 15:07:47,652 - INFO - Total de produtos a adicionar: 12
2026-07-31 15:07:47,658 - INFO - ====== WebDriver manager ======
2026-07-31 15:07:48,418 - INFO - Driver [C:\Users\Protork\.wdm\drivers\chromedriver\win64\150.0.7871.124\chromedriver-win64/chromedriver.exe] found in cache by browser version
2026-07-31 15:07:49,832 - INFO - Acessando página de login...
2026-07-31 15:07:53,571 - INFO - ✓ Login realizado com sucesso
2026-07-31 15:07:53,572 - INFO - Navegando direto para: https://www.marketplace.sportbay.com.br/dashboard/categories
2026-07-31 15:07:54,888 - INFO - ✓ Página de lista de categorias/coleções carregada
2026-07-31 15:07:54,893 - INFO - Procurando coleção: 'Pneus Para Sua Moto'
2026-07-31 15:07:59,162 - INFO - ✓ Coleção aberta para edição
2026-07-31 15:07:59,163 - INFO - Removendo produtos atuais da coleção...
2026-07-31 15:08:01,045 - INFO -   ➖ Produto removido (total até agora: 1)
2026-07-31 15:08:01,671 - INFO -   ➖ Produto removido (total até agora: 2)
2026-07-31 15:08:02,414 - INFO -   ➖ Produto removido (total até agora: 3)
2026-07-31 15:08:03,118 - INFO -   ➖ Produto removido (total até agora: 4)
2026-07-31 15:08:03,788 - INFO -   ➖ Produto removido (total até agora: 5)
2026-07-31 15:08:04,487 - INFO -   ➖ Produto removido (total até agora: 6)
2026-07-31 15:08:05,156 - INFO -   ➖ Produto removido (total até agora: 7)
2026-07-31 15:08:06,327 - INFO -   ➖ Produto removido (total até agora: 8)
2026-07-31 15:08:06,996 - INFO -   ➖ Produto removido (total até agora: 9)
2026-07-31 15:08:07,646 - INFO -   ➖ Produto removido (total até agora: 10)
2026-07-31 15:08:08,358 - INFO -   ➖ Produto removido (total até agora: 11)
2026-07-31 15:08:08,970 - INFO -   ➖ Produto removido (total até agora: 12)
2026-07-31 15:08:20,185 - INFO - ✓ Remoção concluída — 12 produto(s) removido(s)
2026-07-31 15:08:20,186 - INFO - Removendo filtro de Merchant 'Sportbay'...
2026-07-31 15:08:20,809 - INFO - ✓ Filtro de Merchant removido e confirmado (tag não existe mais no DOM)
2026-07-31 15:08:20,809 - INFO - Adicionando 12 produto(s) por shortHash...
2026-07-31 15:08:21,249 - WARNING -   ⚠ shortHash 'P-67AI9W0P7L': produto encontrado não bate com o esperado (esperado: 'PNEU TRASEIRO 140/70-17 PRO TORK STR7000' | linha encontrada: '') — pulando para não arriscar adicionar o produto errado
2026-07-31 15:08:22,280 - WARNING -   ⚠ shortHash 'P-6MPTAE004E': produto encontrado não bate com o esperado (esperado: 'PNEU DIANTEIRO 90/90-19 PRO TORK STR7000' | linha encontrada: '') — pulando para não arriscar adicionar o produto errado
2026-07-31 15:08:23,550 - WARNING -   ⚠ shortHash 'P-BF0JN83Z33': produto encontrado não bate com o esperado (esperado: 'PNEU DIANTEIRO 110/70-17 PRO TORK STR7000' | linha encontrada: '') — pulando para não arriscar adicionar o produto errado
2026-07-31 15:08:24,754 - WARNING -   ⚠ shortHash 'P-6DKRXVUR91': produto encontrado não bate com o esperado (esperado: 'PNEU TRASEIRO 90/90-18 PRO TORK STR 7000' | linha encontrada: '') — pulando para não arriscar adicionar o produto errado
2026-07-31 15:08:25,960 - WARNING -   ⚠ shortHash 'P-B1559WOLBK': produto encontrado não bate com o esperado (esperado: 'PNEU TRASEIRO 110/90-17 PRO TORK AT200' | linha encontrada: '') — pulando para não arriscar adicionar o produto errado
2026-07-31 15:08:26,983 - WARNING -   ⚠ shortHash 'P-AHXIENCYDQ': produto encontrado não bate com o esperado (esperado: 'PNEU DIANTEIRO 2.50-17 PRO TORK STR 7000 PRETO' | linha encontrada: '') — pulando para não arriscar adicionar o produto errado
2026-07-31 15:08:27,961 - WARNING -   ⚠ shortHash 'P-9FKZE792K3': produto encontrado não bate com o esperado (esperado: 'PNEU DIANTEIRO 90/90-19 PRO TORK AT200' | linha encontrada: '') — pulando para não arriscar adicionar o produto errado
2026-07-31 15:08:29,023 - WARNING -   ⚠ shortHash 'P-D5RSEF0NS6': produto encontrado não bate com o esperado (esperado: 'PNEU TRASEIRO 110/100-18 PRO TORK MC30' | linha encontrada: '') — pulando para não arriscar adicionar o produto errado
2026-07-31 15:08:29,974 - WARNING -   ⚠ shortHash 'P-41YDCL4DSH': produto encontrado não bate com o esperado (esperado: 'PNEU TRASEIRO 120/70-14 PRO TORK T 61P STR 1000' | linha encontrada: '') — pulando para não arriscar adicionar o produto errado
2026-07-31 15:08:31,002 - WARNING -   ⚠ shortHash 'P-D80HCQYYG7': produto encontrado não bate com o esperado (esperado: 'KIT PNEU PRO TORK STR 7000 DIAN(2.75-18 M/C 42P) E TRAS(90/90-18 M/C REINF. 57P)' | linha encontrada: '') — pulando para não arriscar adicionar o produto errado
2026-07-31 15:08:31,995 - WARNING -   ⚠ shortHash 'P-9P9R7RIB1O': produto encontrado não bate com o esperado (esperado: 'KIT PNEU PRO TORK STR 7000 DIAN(2.50-17 M/C 38P) E TRAS(80/100-14 M/C REINF. 49L)' | linha encontrada: '') — pulando para não arriscar adicionar o produto errado
2026-07-31 15:08:32,985 - WARNING -   ⚠ shortHash 'P-4Z4DQEIXEM': produto encontrado não bate com o esperado (esperado: 'KIT PNEU PRO TORK AT 200 DIAN(90/90-19 M/C 52T) E TRAS(110/90-17 M/C 60T)' | linha encontrada: '') — pulando para não arriscar adicionar o produto errado
2026-07-31 15:08:33,653 - INFO - ✓ Adição concluída — 0 adicionado(s), 12 não encontrado(s)
2026-07-31 15:08:33,653 - WARNING -   shortHashes não encontrados: ['P-67AI9W0P7L', 'P-6MPTAE004E', 'P-BF0JN83Z33', 'P-6DKRXVUR91', 'P-B1559WOLBK', 'P-AHXIENCYDQ', 'P-9FKZE792K3', 'P-D5RSEF0NS6', 'P-41YDCL4DSH', 'P-D80HCQYYG7', 'P-9P9R7RIB1O', 'P-4Z4DQEIXEM']
2026-07-31 15:08:33,653 - INFO - Salvando alterações...
2026-07-31 15:08:34,692 - INFO - ✓ Alterações salvas com sucesso
2026-07-31 15:08:34,693 - INFO - ============================================================
2026-07-31 15:08:34,693 - INFO - ✓ FLUXO CONCLUÍDO
2026-07-31 15:08:34,693 - INFO - ============================================================
2026-07-31 15:08:37,045 - INFO - Chrome fechado
2026-07-31 15:17:38,561 - INFO - ============================================================
2026-07-31 15:17:38,561 - INFO - INICIANDO ROBÔ DE GERENCIAMENTO DE COLEÇÕES - SPORTBAY
2026-07-31 15:17:38,561 - INFO - ============================================================
2026-07-31 15:17:38,561 - INFO - Lendo planilha: c:\Users\Protork\Desktop\Analise de preços site\Resultado_Menor_Preco_Sportbay.xlsx
2026-07-31 15:17:38,871 - INFO - Coleção alvo: 'Pneus Para Sua Moto'
2026-07-31 15:17:38,871 - INFO - Total de produtos a adicionar: 12
2026-07-31 15:17:38,878 - INFO - ====== WebDriver manager ======
2026-07-31 15:17:39,537 - INFO - Driver [C:\Users\Protork\.wdm\drivers\chromedriver\win64\150.0.7871.124\chromedriver-win64/chromedriver.exe] found in cache by browser version
2026-07-31 15:17:40,266 - INFO - Acessando página de login...
2026-07-31 15:17:44,905 - INFO - ✓ Login realizado com sucesso
2026-07-31 15:17:44,905 - INFO - Navegando direto para: https://www.marketplace.sportbay.com.br/dashboard/categories
2026-07-31 15:17:46,081 - INFO - ✓ Página de lista de categorias/coleções carregada
2026-07-31 15:17:46,085 - INFO - Procurando coleção: 'Pneus Para Sua Moto'
2026-07-31 15:17:50,463 - INFO - ✓ Coleção aberta para edição
2026-07-31 15:17:50,464 - INFO - Removendo produtos atuais da coleção...
2026-07-31 15:18:02,341 - INFO - ✓ Remoção concluída — 0 produto(s) removido(s)
2026-07-31 15:18:02,341 - INFO - Removendo filtro de Merchant 'Sportbay'...
2026-07-31 15:18:02,905 - INFO - ✓ Filtro de Merchant removido e confirmado (tag não existe mais no DOM)
2026-07-31 15:18:02,905 - INFO - Adicionando 12 produto(s) por shortHash...
2026-07-31 15:18:03,193 - WARNING -   ⚠ shortHash 'P-67AI9W0P7L': código '124817' não bate com a linha encontrada ('') — pulando para não arriscar adicionar o produto errado
2026-07-31 15:18:04,062 - WARNING -   ⚠ shortHash 'P-6MPTAE004E': código '126069' não bate com a linha encontrada ('') — pulando para não arriscar adicionar o produto errado
2026-07-31 15:18:05,708 - WARNING -   ⚠ shortHash 'P-BF0JN83Z33': código '122751' não bate com a linha encontrada ('Pneu Dianteiro 90/90-19 Pro Tork Str7000PAI-126069AprovadoPINK 88 LTDA24/07/2023') — pulando para não arriscar adicionar o produto errado
2026-07-31 15:18:06,764 - WARNING -   ⚠ shortHash 'P-6DKRXVUR91': código '121020' não bate com a linha encontrada ('') — pulando para não arriscar adicionar o produto errado
2026-07-31 15:18:07,668 - WARNING -   ⚠ shortHash 'P-B1559WOLBK': código '126093' não bate com a linha encontrada ('') — pulando para não arriscar adicionar o produto errado
2026-07-31 15:18:08,634 - WARNING -   ⚠ shortHash 'P-AHXIENCYDQ': código '121019' não bate com a linha encontrada ('') — pulando para não arriscar adicionar o produto errado
2026-07-31 15:18:09,516 - WARNING -   ⚠ shortHash 'P-9FKZE792K3': código '126092' não bate com a linha encontrada ('') — pulando para não arriscar adicionar o produto errado
2026-07-31 15:18:10,452 - WARNING -   ⚠ shortHash 'P-D5RSEF0NS6': código '126165' não bate com a linha encontrada ('') — pulando para não arriscar adicionar o produto errado
2026-07-31 15:18:12,082 - WARNING -   ⚠ shortHash 'P-41YDCL4DSH': código '126785' não bate com a linha encontrada ('Pneu Traseiro 110/100-18 Pro Tork Mc30PAI-126165AprovadoPRO RACE PLUS MOTO PARTS') — pulando para não arriscar adicionar o produto errado
2026-07-31 15:18:13,183 - WARNING -   ⚠ shortHash 'P-D80HCQYYG7': código '126894' não bate com a linha encontrada ('') — pulando para não arriscar adicionar o produto errado
2026-07-31 15:18:14,101 - WARNING -   ⚠ shortHash 'P-9P9R7RIB1O': código '126895' não bate com a linha encontrada ('') — pulando para não arriscar adicionar o produto errado
2026-07-31 15:18:15,023 - WARNING -   ⚠ shortHash 'P-4Z4DQEIXEM': código '126907' não bate com a linha encontrada ('') — pulando para não arriscar adicionar o produto errado
2026-07-31 15:18:15,728 - INFO - ✓ Adição concluída — 0 adicionado(s), 12 não encontrado(s)
2026-07-31 15:18:15,729 - WARNING -   shortHashes não encontrados: ['P-67AI9W0P7L', 'P-6MPTAE004E', 'P-BF0JN83Z33', 'P-6DKRXVUR91', 'P-B1559WOLBK', 'P-AHXIENCYDQ', 'P-9FKZE792K3', 'P-D5RSEF0NS6', 'P-41YDCL4DSH', 'P-D80HCQYYG7', 'P-9P9R7RIB1O', 'P-4Z4DQEIXEM']
2026-07-31 15:18:15,730 - INFO - Salvando alterações...
2026-07-31 15:18:16,818 - INFO - ✓ Alterações salvas com sucesso
2026-07-31 15:18:16,818 - INFO - ============================================================
2026-07-31 15:18:16,818 - INFO - ✓ FLUXO CONCLUÍDO
2026-07-31 15:18:16,819 - INFO - ============================================================
2026-07-31 15:18:19,158 - INFO - Chrome fechado
2026-07-31 15:26:10,330 - INFO - ============================================================
2026-07-31 15:26:10,332 - INFO - INICIANDO ROBÔ DE GERENCIAMENTO DE COLEÇÕES - SPORTBAY
2026-07-31 15:26:10,332 - INFO - ============================================================
2026-07-31 15:26:10,333 - INFO - Lendo planilha: c:\Users\Protork\Desktop\Analise de preços site\Resultado_Menor_Preco_Sportbay.xlsx
2026-07-31 15:26:10,643 - INFO - Coleção alvo: 'Pneus Para Sua Moto'
2026-07-31 15:26:10,643 - INFO - Total de shortHashes a adicionar: 12
2026-07-31 15:26:10,649 - INFO - ====== WebDriver manager ======
2026-07-31 15:26:11,250 - INFO - Driver [C:\Users\Protork\.wdm\drivers\chromedriver\win64\150.0.7871.124\chromedriver-win64/chromedriver.exe] found in cache by browser version
2026-07-31 15:26:11,957 - INFO - Acessando página de login...
2026-07-31 15:26:15,822 - INFO - ✓ Login realizado com sucesso
2026-07-31 15:26:15,824 - INFO - Navegando direto para: https://www.marketplace.sportbay.com.br/dashboard/categories
2026-07-31 15:26:17,166 - INFO - ✓ Página de lista de categorias/coleções carregada
2026-07-31 15:26:17,167 - INFO - Procurando coleção: 'Pneus Para Sua Moto'
2026-07-31 15:26:21,334 - INFO - ✓ Coleção aberta para edição
2026-07-31 15:26:21,334 - INFO - Removendo produtos atuais da coleção...
2026-07-31 15:26:33,166 - INFO - ✓ Remoção concluída — 0 produto(s) removido(s)
2026-07-31 15:26:33,167 - INFO - Removendo filtro de Merchant 'Sportbay'...
2026-07-31 15:26:33,707 - INFO - ✓ Filtro de Merchant removido e confirmado (tag não existe mais no DOM)
2026-07-31 15:26:33,709 - INFO - Adicionando 12 produto(s) por shortHash...
2026-07-31 15:26:35,624 - INFO -   ➕ Produto adicionado: P-67AI9W0P7L
2026-07-31 15:26:38,298 - INFO -   ➕ Produto adicionado: P-6MPTAE004E
2026-07-31 15:26:40,902 - INFO -   ➕ Produto adicionado: P-BF0JN83Z33
2026-07-31 15:26:43,553 - INFO -   ➕ Produto adicionado: P-6DKRXVUR91
2026-07-31 15:26:46,161 - INFO -   ➕ Produto adicionado: P-B1559WOLBK
2026-07-31 15:26:48,808 - INFO -   ➕ Produto adicionado: P-AHXIENCYDQ
2026-07-31 15:26:51,421 - INFO -   ➕ Produto adicionado: P-9FKZE792K3
2026-07-31 15:26:54,031 - INFO -   ➕ Produto adicionado: P-D5RSEF0NS6
2026-07-31 15:26:56,612 - INFO -   ➕ Produto adicionado: P-41YDCL4DSH
2026-07-31 15:26:59,270 - INFO -   ➕ Produto adicionado: P-D80HCQYYG7
2026-07-31 15:27:01,892 - INFO -   ➕ Produto adicionado: P-9P9R7RIB1O
2026-07-31 15:27:04,745 - INFO -   ➕ Produto adicionado: P-4Z4DQEIXEM
2026-07-31 15:27:05,495 - INFO - ✓ Adição concluída — 12 adicionado(s), 0 não encontrado(s)
2026-07-31 15:27:05,495 - INFO - Salvando alterações...
2026-07-31 15:27:05,983 - INFO - ✓ Alterações salvas com sucesso
2026-07-31 15:27:05,985 - INFO - ============================================================
2026-07-31 15:27:05,985 - INFO - ✓ FLUXO CONCLUÍDO
2026-07-31 15:27:05,986 - INFO - ============================================================
2026-07-31 15:27:08,830 - INFO - Chrome fechado
2026-07-31 16:16:39,391 - INFO - ============================================================
2026-07-31 16:16:39,392 - INFO - INICIANDO ROBÔ DE GERENCIAMENTO DE COLEÇÕES - SPORTBAY
2026-07-31 16:16:39,392 - INFO - ============================================================
2026-07-31 16:16:39,392 - INFO - Lendo planilha: c:\Users\Protork\Desktop\Analise de preços site\Resultado_Menor_Preco_Sportbay.xlsx
2026-07-31 16:16:39,697 - INFO - Coleção alvo: 'Promoções do Dia'
2026-07-31 16:16:39,698 - INFO - Total de shortHashes a adicionar: 61
2026-07-31 16:16:39,702 - INFO - ====== WebDriver manager ======
2026-07-31 16:16:40,261 - INFO - Driver [C:\Users\Protork\.wdm\drivers\chromedriver\win64\150.0.7871.124\chromedriver-win64/chromedriver.exe] found in cache by browser version
2026-07-31 16:16:41,340 - INFO - Acessando página de login...
2026-07-31 16:16:45,145 - INFO - ✓ Login realizado com sucesso
2026-07-31 16:16:45,147 - INFO - Navegando direto para: https://www.marketplace.sportbay.com.br/dashboard/categories
2026-07-31 16:16:46,401 - INFO - ✓ Página de lista de categorias/coleções carregada
2026-07-31 16:16:46,401 - INFO - Procurando coleção: 'Promoções do Dia'
2026-07-31 16:16:50,817 - INFO - ✓ Coleção aberta para edição
2026-07-31 16:16:50,817 - INFO - Removendo produtos atuais da coleção...
2026-07-31 16:17:02,616 - INFO - ✓ Remoção concluída — 0 produto(s) removido(s)
2026-07-31 16:17:02,616 - INFO - Removendo filtro de Merchant 'Sportbay'...
2026-07-31 16:17:03,221 - INFO - ✓ Filtro de Merchant removido e confirmado (tag não existe mais no DOM)
2026-07-31 16:17:03,227 - INFO - Adicionando 61 produto(s) por shortHash...
2026-07-31 16:17:05,132 - INFO -   ➕ Produto adicionado: P-ANLDG969WO
2026-07-31 16:17:07,940 - INFO -   ➕ Produto adicionado: P-ACDABSYT6Q
2026-07-31 16:17:10,602 - INFO -   ➕ Produto adicionado: P-6Y2SPRR4G4
2026-07-31 16:17:13,942 - INFO -   ➕ Produto adicionado: P-DIG41DR2RE
2026-07-31 16:17:16,603 - WARNING -   ⚠ Falha ao clicar em adicionar para P-95J6T27J4N: Message: stale element reference: stale element not found in the current frame
  (Session info: chrome=150.0.7871.187); For documentation on this error, please visit: https://www.selenium.dev/documentation/webdriver/troubleshooting/errors#staleelementreferenceexception
Stacktrace:
	chromedriver!GetHandleVerifier [0x7ff6dc1b0d25+155a5]
	chromedriver!GetHandleVerifier [0x7ff6dc1b0d80+15600]
	chromedriver!(No symbol) [0x7ff6dbd0594d]
	chromedriver!(No symbol) [0x7ff6dbd0d8c1]
	chromedriver!(No symbol) [0x7ff6dbd10885]
	chromedriver!(No symbol) [0x7ff6dbd1094f]
	chromedriver!(No symbol) [0x7ff6dbd65811]
	chromedriver!(No symbol) [0x7ff6dbd634e7]
	chromedriver!(No symbol) [0x7ff6dbd623a0]
	chromedriver!(No symbol) [0x7ff6dbd54d98]
	chromedriver!(No symbol) [0x7ff6dbd891ca]
	chromedriver!(No symbol) [0x7ff6dbd54616]
	chromedriver!(No symbol) [0x7ff6dbdae01b]
	chromedriver!(No symbol) [0x7ff6dbd52e6c]
	chromedriver!(No symbol) [0x7ff6dbd53d93]
	chromedriver!GetHandleVerifier [0x7ff6dc796431+5facb1]
	chromedriver!GetHandleVerifier [0x7ff6dc790a9b+5f531b]
	chromedriver!GetHandleVerifier [0x7ff6dc7b5865+61a0e5]
	chromedriver!GetHandleVerifier [0x7ff6dc1cdace+3234e]
	chromedriver!GetHandleVerifier [0x7ff6dc1d661c+3ae9c]
	chromedriver!GetHandleVerifier [0x7ff6dc1bab74+1f3f4]
	chromedriver!GetHandleVerifier [0x7ff6dc1bad04+1f584]
	chromedriver!GetHandleVerifier [0x7ff6dc19d9d7+2257]
	KERNEL32!BaseThreadInitThunk [0x7ffcd9767374+14]
	ntdll!RtlUserThreadStart [0x7ffcda3bcc91+21]

2026-07-31 16:17:19,226 - INFO -   ➕ Produto adicionado: P-428Z86YFK5
2026-07-31 16:17:21,826 - INFO -   ➕ Produto adicionado: P-76YHKR6HBR
2026-07-31 16:17:24,448 - INFO -   ➕ Produto adicionado: P-2RTJESJ2YW
2026-07-31 16:17:27,009 - INFO -   ➕ Produto adicionado: P-EANJ2A2XGW
2026-07-31 16:17:29,644 - INFO -   ➕ Produto adicionado: P-8MSI6IKO0Y
2026-07-31 16:17:32,297 - INFO -   ➕ Produto adicionado: P-28JK3COFFP
2026-07-31 16:17:34,968 - INFO -   ➕ Produto adicionado: P-69G0S3I18N
2026-07-31 16:17:38,639 - INFO -   ➕ Produto adicionado: P-C6V6YBHBBJ
2026-07-31 16:17:41,339 - INFO -   ➕ Produto adicionado: P-CDOCKKT66B
2026-07-31 16:17:43,943 - INFO -   ➕ Produto adicionado: P-6KDGUKC9UP
2026-07-31 16:17:46,711 - INFO -   ➕ Produto adicionado: P-1SCVGM87OC
2026-07-31 16:17:49,342 - INFO -   ➕ Produto adicionado: P-5QWTN8WDRZ
2026-07-31 16:17:52,088 - INFO -   ➕ Produto adicionado: P-44NT04DXED
2026-07-31 16:17:54,725 - INFO -   ➕ Produto adicionado: P-5KR3C9OD97
2026-07-31 16:17:57,364 - INFO -   ➕ Produto adicionado: P-A7KRR79S2P
2026-07-31 16:17:59,969 - INFO -   ➕ Produto adicionado: P-D6TD92N9T5
2026-07-31 16:18:02,633 - INFO -   ➕ Produto adicionado: P-3BFQSZZ0CL
2026-07-31 16:18:05,213 - INFO -   ➕ Produto adicionado: P-9ZR8OFZ3T4
2026-07-31 16:18:07,892 - INFO -   ➕ Produto adicionado: P-4R8NIZC37Y
2026-07-31 16:18:10,555 - INFO -   ➕ Produto adicionado: P-E2GND2N3PV
2026-07-31 16:18:13,140 - INFO -   ➕ Produto adicionado: P-4W5BHOBO2B
2026-07-31 16:18:15,765 - INFO -   ➕ Produto adicionado: P-18TQPXEOYC
2026-07-31 16:18:18,389 - INFO -   ➕ Produto adicionado: P-4HY3M9KXZU
2026-07-31 16:18:21,065 - INFO -   ➕ Produto adicionado: P-47WFMD5H1L
2026-07-31 16:18:23,743 - INFO -   ➕ Produto adicionado: P-CW7G39WFQN
2026-07-31 16:18:26,382 - INFO -   ➕ Produto adicionado: P-AQ9TL0PAST
2026-07-31 16:18:29,048 - INFO -   ➕ Produto adicionado: P-D9NT6HJQI3
2026-07-31 16:18:31,861 - INFO -   ➕ Produto adicionado: P-D4BGGEPYLB
2026-07-31 16:18:34,497 - INFO -   ➕ Produto adicionado: P-986CBLEKDF
2026-07-31 16:18:37,051 - INFO -   ➕ Produto adicionado: P-5H5AZH4L70
2026-07-31 16:18:39,675 - INFO -   ➕ Produto adicionado: P-DIHV2Z73VS
2026-07-31 16:18:42,301 - INFO -   ➕ Produto adicionado: P-4A5WPZG0IM
2026-07-31 16:18:44,870 - INFO -   ➕ Produto adicionado: P-5PSBJO90X1
2026-07-31 16:18:47,525 - INFO -   ➕ Produto adicionado: P-6MNCJP0RRC
2026-07-31 16:18:50,119 - INFO -   ➕ Produto adicionado: P-ATVPV7C8AV
2026-07-31 16:18:52,747 - INFO -   ➕ Produto adicionado: P-HEYR6GG0IW
2026-07-31 16:18:55,409 - INFO -   ➕ Produto adicionado: P-DXGE00T2M2
2026-07-31 16:18:58,023 - WARNING -   ⚠ Falha ao clicar em adicionar para P-4VQ0IH85ZO: Message: stale element reference: stale element not found in the current frame
  (Session info: chrome=150.0.7871.187); For documentation on this error, please visit: https://www.selenium.dev/documentation/webdriver/troubleshooting/errors#staleelementreferenceexception
Stacktrace:
	chromedriver!GetHandleVerifier [0x7ff6dc1b0d25+155a5]
	chromedriver!GetHandleVerifier [0x7ff6dc1b0d80+15600]
	chromedriver!(No symbol) [0x7ff6dbd0594d]
	chromedriver!(No symbol) [0x7ff6dbd0d8c1]
	chromedriver!(No symbol) [0x7ff6dbd10c1f]
	chromedriver!(No symbol) [0x7ff6dbdaf292]
	chromedriver!(No symbol) [0x7ff6dbd891ca]
	chromedriver!(No symbol) [0x7ff6dbdae01b]
	chromedriver!(No symbol) [0x7ff6dbd52e6c]
	chromedriver!(No symbol) [0x7ff6dbd53d93]
	chromedriver!GetHandleVerifier [0x7ff6dc796431+5facb1]
	chromedriver!GetHandleVerifier [0x7ff6dc790a9b+5f531b]
	chromedriver!GetHandleVerifier [0x7ff6dc7b5865+61a0e5]
	chromedriver!GetHandleVerifier [0x7ff6dc1cdace+3234e]
	chromedriver!GetHandleVerifier [0x7ff6dc1d661c+3ae9c]
	chromedriver!GetHandleVerifier [0x7ff6dc1bab74+1f3f4]
	chromedriver!GetHandleVerifier [0x7ff6dc1bad04+1f584]
	chromedriver!GetHandleVerifier [0x7ff6dc19d9d7+2257]
	KERNEL32!BaseThreadInitThunk [0x7ffcd9767374+14]
	ntdll!RtlUserThreadStart [0x7ffcda3bcc91+21]

2026-07-31 16:19:00,618 - INFO -   ➕ Produto adicionado: P-1RV4I85ASD
2026-07-31 16:19:03,173 - INFO -   ➕ Produto adicionado: P-C98ZO4039M
2026-07-31 16:19:05,830 - INFO -   ➕ Produto adicionado: P-48HMA1YEA3
2026-07-31 16:19:08,459 - INFO -   ➕ Produto adicionado: P-CP9XLTS7K8
2026-07-31 16:19:11,022 - INFO -   ➕ Produto adicionado: P-76NGUW9GFR
2026-07-31 16:19:13,664 - INFO -   ➕ Produto adicionado: P-DBLGYHKHOE
2026-07-31 16:19:16,252 - INFO -   ➕ Produto adicionado: P-51WLS4JCLC
2026-07-31 16:19:18,872 - INFO -   ➕ Produto adicionado: P-CGMX1C5ROG
2026-07-31 16:19:21,463 - INFO -   ➕ Produto adicionado: P-47FRMKKTZN
2026-07-31 16:19:24,139 - INFO -   ➕ Produto adicionado: P-1LG2VKH3SG
2026-07-31 16:19:26,687 - INFO -   ➕ Produto adicionado: P-1CBBVNVATN
2026-07-31 16:19:29,264 - INFO -   ➕ Produto adicionado: P-9RK2WQAM4G
2026-07-31 16:19:31,885 - INFO -   ➕ Produto adicionado: P-5P7K6WQGLM
2026-07-31 16:19:34,494 - INFO -   ➕ Produto adicionado: P-41G45J22NZ
2026-07-31 16:19:37,021 - INFO -   ➕ Produto adicionado: P-8F7ZFFH4O5
2026-07-31 16:19:39,557 - INFO -   ➕ Produto adicionado: P-EE0WORXN10
2026-07-31 16:19:42,173 - INFO -   ➕ Produto adicionado: P-A3E2OSV32X
2026-07-31 16:19:44,747 - INFO -   ➕ Produto adicionado: P-7G8EFXE065
2026-07-31 16:19:45,467 - INFO - ✓ Adição concluída — 59 adicionado(s), 2 não encontrado(s)
2026-07-31 16:19:45,467 - WARNING -   shortHashes não encontrados: ['P-95J6T27J4N', 'P-4VQ0IH85ZO']
2026-07-31 16:19:45,467 - INFO - Salvando alterações...
2026-07-31 16:19:46,068 - INFO - ✓ Alterações salvas com sucesso
2026-07-31 16:19:46,112 - INFO - ============================================================
2026-07-31 16:19:46,113 - INFO - ✓ FLUXO CONCLUÍDO
2026-07-31 16:19:46,113 - INFO - ============================================================
2026-07-31 16:19:48,771 - INFO - Chrome fechado
2026-07-31 16:30:57,993 - INFO - ============================================================
2026-07-31 16:30:57,994 - INFO - INICIANDO ROBÔ DE GERENCIAMENTO DE COLEÇÕES - SPORTBAY
2026-07-31 16:30:57,994 - INFO - ============================================================
2026-07-31 16:30:57,994 - INFO - Lendo planilha: c:\Users\Protork\Desktop\Analise de preços site\Resultado_Menor_Preco_Sportbay.xlsx
2026-07-31 16:30:58,479 - INFO - Coleção alvo: 'Promoções do Dia'
2026-07-31 16:30:58,479 - INFO - Total de shortHashes a adicionar: 61
2026-07-31 16:30:58,485 - INFO - ====== WebDriver manager ======
2026-07-31 16:30:59,293 - INFO - Driver [C:\Users\Protork\.wdm\drivers\chromedriver\win64\150.0.7871.124\chromedriver-win64/chromedriver.exe] found in cache by browser version
2026-07-31 16:31:00,589 - INFO - Acessando página de login...
2026-07-31 16:31:04,691 - INFO - ✓ Login realizado com sucesso
2026-07-31 16:31:04,691 - INFO - Navegando direto para: https://www.marketplace.sportbay.com.br/dashboard/categories
2026-07-31 16:31:05,934 - INFO - ✓ Página de lista de categorias/coleções carregada
2026-07-31 16:31:05,934 - INFO - Procurando coleção: 'Promoções do Dia'
2026-07-31 16:31:09,967 - INFO - ✓ Coleção aberta para edição
2026-07-31 16:31:09,968 - INFO - Removendo produtos atuais da coleção...
2026-07-31 16:31:11,868 - INFO -   ➖ Produto removido (total até agora: 1)
2026-07-31 16:31:13,057 - INFO -   ➖ Produto removido (total até agora: 2)
2026-07-31 16:31:13,657 - INFO -   ➖ Produto removido (total até agora: 3)
2026-07-31 16:31:14,808 - INFO -   ➖ Produto removido (total até agora: 4)
2026-07-31 16:31:15,474 - INFO -   ➖ Produto removido (total até agora: 5)
2026-07-31 16:31:16,683 - INFO -   ➖ Produto removido (total até agora: 6)
2026-07-31 16:31:17,343 - INFO -   ➖ Produto removido (total até agora: 7)
2026-07-31 16:31:17,997 - INFO -   ➖ Produto removido (total até agora: 8)
2026-07-31 16:31:18,604 - INFO -   ➖ Produto removido (total até agora: 9)
2026-07-31 16:31:20,070 - INFO -   ➖ Produto removido (total até agora: 10)
2026-07-31 16:31:20,810 - INFO -   ➖ Produto removido (total até agora: 11)
2026-07-31 16:31:22,054 - INFO -   ➖ Produto removido (total até agora: 12)
2026-07-31 16:31:23,216 - INFO -   ➖ Produto removido (total até agora: 13)
2026-07-31 16:31:23,991 - INFO -   ➖ Produto removido (total até agora: 14)
2026-07-31 16:31:25,170 - INFO -   ➖ Produto removido (total até agora: 15)
2026-07-31 16:31:26,118 - INFO -   ➖ Produto removido (total até agora: 16)
2026-07-31 16:31:26,824 - INFO -   ➖ Produto removido (total até agora: 17)
2026-07-31 16:31:28,038 - INFO -   ➖ Produto removido (total até agora: 18)
2026-07-31 16:31:28,748 - INFO -   ➖ Produto removido (total até agora: 19)
2026-07-31 16:31:29,397 - INFO -   ➖ Produto removido (total até agora: 20)
2026-07-31 16:31:30,142 - INFO -   ➖ Produto removido (total até agora: 21)
2026-07-31 16:31:30,915 - INFO -   ➖ Produto removido (total até agora: 22)
2026-07-31 16:31:31,616 - INFO -   ➖ Produto removido (total até agora: 23)
2026-07-31 16:31:32,233 - INFO -   ➖ Produto removido (total até agora: 24)
2026-07-31 16:31:33,430 - INFO -   ➖ Produto removido (total até agora: 25)
2026-07-31 16:31:34,218 - INFO -   ➖ Produto removido (total até agora: 26)
2026-07-31 16:31:34,949 - INFO -   ➖ Produto removido (total até agora: 27)
2026-07-31 16:31:35,753 - INFO -   ➖ Produto removido (total até agora: 28)
2026-07-31 16:31:37,205 - INFO -   ➖ Produto removido (total até agora: 29)
2026-07-31 16:31:37,843 - INFO -   ➖ Produto removido (total até agora: 30)
2026-07-31 16:31:38,955 - INFO -   ➖ Produto removido (total até agora: 31)
2026-07-31 16:31:40,097 - INFO -   ➖ Produto removido (total até agora: 32)
2026-07-31 16:31:40,712 - INFO -   ➖ Produto removido (total até agora: 33)
2026-07-31 16:31:41,844 - INFO -   ➖ Produto removido (total até agora: 34)
2026-07-31 16:31:43,005 - INFO -   ➖ Produto removido (total até agora: 35)
2026-07-31 16:31:43,603 - INFO -   ➖ Produto removido (total até agora: 36)
2026-07-31 16:31:44,811 - INFO -   ➖ Produto removido (total até agora: 37)
2026-07-31 16:31:45,478 - INFO -   ➖ Produto removido (total até agora: 38)
2026-07-31 16:31:46,229 - INFO -   ➖ Produto removido (total até agora: 39)
2026-07-31 16:31:46,863 - INFO -   ➖ Produto removido (total até agora: 40)
2026-07-31 16:31:47,517 - INFO -   ➖ Produto removido (total até agora: 41)
2026-07-31 16:31:48,168 - INFO -   ➖ Produto removido (total até agora: 42)
2026-07-31 16:31:48,796 - INFO -   ➖ Produto removido (total até agora: 43)
2026-07-31 16:31:49,921 - INFO -   ➖ Produto removido (total até agora: 44)
2026-07-31 16:31:50,698 - INFO -   ➖ Produto removido (total até agora: 45)
2026-07-31 16:31:51,369 - INFO -   ➖ Produto removido (total até agora: 46)
2026-07-31 16:31:52,036 - INFO -   ➖ Produto removido (total até agora: 47)
2026-07-31 16:31:52,744 - INFO -   ➖ Produto removido (total até agora: 48)
2026-07-31 16:31:53,368 - INFO -   ➖ Produto removido (total até agora: 49)
2026-07-31 16:31:54,014 - INFO -   ➖ Produto removido (total até agora: 50)
2026-07-31 16:31:55,123 - INFO -   ➖ Produto removido (total até agora: 51)
2026-07-31 16:31:56,250 - INFO -   ➖ Produto removido (total até agora: 52)
2026-07-31 16:31:56,875 - INFO -   ➖ Produto removido (total até agora: 53)
2026-07-31 16:31:57,662 - INFO -   ➖ Produto removido (total até agora: 54)
2026-07-31 16:32:08,929 - INFO - ✓ Remoção concluída — 54 produto(s) removido(s)
2026-07-31 16:32:08,929 - INFO - Removendo filtro de Merchant 'Sportbay'...
2026-07-31 16:32:09,933 - INFO - ✓ Filtro de Merchant removido e confirmado (tag não existe mais no DOM)
2026-07-31 16:32:09,933 - INFO - Adicionando 61 produto(s) por shortHash...
2026-07-31 16:32:12,250 - INFO -   ➕ Produto adicionado: P-ANLDG969WO
2026-07-31 16:32:14,809 - INFO -   ➕ Produto adicionado: P-ACDABSYT6Q
2026-07-31 16:32:17,413 - INFO -   ➕ Produto adicionado: P-6Y2SPRR4G4
2026-07-31 16:32:19,958 - INFO -   ➕ Produto adicionado: P-DIG41DR2RE
2026-07-31 16:32:22,531 - INFO -   ➕ Produto adicionado: P-95J6T27J4N
2026-07-31 16:32:25,080 - INFO -   ➕ Produto adicionado: P-428Z86YFK5
2026-07-31 16:32:27,650 - INFO -   ➕ Produto adicionado: P-76YHKR6HBR
2026-07-31 16:32:30,186 - INFO -   ➕ Produto adicionado: P-2RTJESJ2YW
2026-07-31 16:32:32,732 - INFO -   ➕ Produto adicionado: P-EANJ2A2XGW
2026-07-31 16:32:35,277 - INFO -   ➕ Produto adicionado: P-8MSI6IKO0Y
2026-07-31 16:32:37,896 - INFO -   ➕ Produto adicionado: P-28JK3COFFP
2026-07-31 16:32:40,580 - INFO -   ➕ Produto adicionado: P-69G0S3I18N
2026-07-31 16:32:43,698 - INFO -   ➕ Produto adicionado: P-C6V6YBHBBJ
2026-07-31 16:32:46,957 - INFO -   ➕ Produto adicionado: P-CDOCKKT66B
2026-07-31 16:32:49,575 - INFO -   ➕ Produto adicionado: P-6KDGUKC9UP
2026-07-31 16:32:52,163 - INFO -   ➕ Produto adicionado: P-1SCVGM87OC
2026-07-31 16:32:55,036 - INFO -   ➕ Produto adicionado: P-5QWTN8WDRZ
2026-07-31 16:32:57,719 - INFO -   ➕ Produto adicionado: P-44NT04DXED
2026-07-31 16:33:00,305 - INFO -   ➕ Produto adicionado: P-5KR3C9OD97
2026-07-31 16:33:02,890 - INFO -   ➕ Produto adicionado: P-A7KRR79S2P
2026-07-31 16:33:05,610 - INFO -   ➕ Produto adicionado: P-D6TD92N9T5
2026-07-31 16:33:08,350 - INFO -   ➕ Produto adicionado: P-3BFQSZZ0CL
2026-07-31 16:33:11,479 - INFO -   ➕ Produto adicionado: P-9ZR8OFZ3T4
2026-07-31 16:33:14,226 - INFO -   ➕ Produto adicionado: P-4R8NIZC37Y
2026-07-31 16:33:16,884 - INFO -   ➕ Produto adicionado: P-E2GND2N3PV
2026-07-31 16:33:19,527 - INFO -   ➕ Produto adicionado: P-4W5BHOBO2B
2026-07-31 16:33:22,192 - INFO -   ➕ Produto adicionado: P-18TQPXEOYC
2026-07-31 16:33:24,739 - INFO -   ➕ Produto adicionado: P-4HY3M9KXZU
2026-07-31 16:33:27,366 - INFO -   ➕ Produto adicionado: P-47WFMD5H1L
2026-07-31 16:33:29,949 - INFO -   ➕ Produto adicionado: P-CW7G39WFQN
2026-07-31 16:33:32,514 - INFO -   ➕ Produto adicionado: P-AQ9TL0PAST
2026-07-31 16:33:35,076 - INFO -   ➕ Produto adicionado: P-D9NT6HJQI3
2026-07-31 16:33:37,638 - INFO -   ➕ Produto adicionado: P-D4BGGEPYLB
2026-07-31 16:34:11,409 - INFO - ============================================================
2026-07-31 16:34:11,410 - INFO - INICIANDO ROBÔ DE GERENCIAMENTO DE COLEÇÕES - SPORTBAY
2026-07-31 16:34:11,410 - INFO - ============================================================
2026-07-31 16:34:11,410 - INFO - Lendo planilha: c:\Users\Protork\Desktop\Analise de preços site\Resultado_Menor_Preco_Sportbay.xlsx
2026-07-31 16:34:11,897 - INFO - Coleção alvo: 'Promoções do Dia'
2026-07-31 16:34:11,897 - INFO - Total de shortHashes a adicionar: 61
2026-07-31 16:34:11,902 - INFO - ====== WebDriver manager ======
2026-07-31 16:34:12,498 - INFO - Driver [C:\Users\Protork\.wdm\drivers\chromedriver\win64\150.0.7871.124\chromedriver-win64/chromedriver.exe] found in cache by browser version
2026-07-31 16:34:13,319 - INFO - Acessando página de login...
2026-07-31 16:34:16,788 - INFO - ✓ Login realizado com sucesso
2026-07-31 16:34:16,789 - INFO - Navegando direto para: https://www.marketplace.sportbay.com.br/dashboard/categories
2026-07-31 16:34:18,097 - INFO - ✓ Página de lista de categorias/coleções carregada
2026-07-31 16:34:18,098 - INFO - Procurando coleção: 'Promoções do Dia'
2026-07-31 16:34:22,164 - INFO - ✓ Coleção aberta para edição
2026-07-31 16:34:22,165 - INFO - Removendo produtos atuais da coleção...
2026-07-31 16:34:23,986 - INFO -   ➖ Produto removido (total até agora: 1)
2026-07-31 16:34:24,703 - INFO -   ➖ Produto removido (total até agora: 2)
2026-07-31 16:34:36,037 - INFO - ✓ Remoção concluída — 2 produto(s) removido(s)
2026-07-31 16:34:36,038 - INFO - Removendo filtro de Merchant 'Sportbay'...
2026-07-31 16:34:36,560 - INFO - ✓ Filtro de Merchant removido e confirmado (tag não existe mais no DOM)
2026-07-31 16:34:36,560 - INFO - Adicionando 61 produto(s) por shortHash...
2026-07-31 16:34:38,478 - INFO -   ➕ Produto adicionado: P-ANLDG969WO
2026-07-31 16:34:41,121 - INFO -   ➕ Produto adicionado: P-ACDABSYT6Q
2026-07-31 16:34:43,766 - INFO -   ➕ Produto adicionado: P-6Y2SPRR4G4
2026-07-31 16:34:46,383 - INFO -   ➕ Produto adicionado: P-DIG41DR2RE
2026-07-31 16:34:48,982 - INFO -   ➕ Produto adicionado: P-95J6T27J4N
2026-07-31 16:34:51,592 - INFO -   ➕ Produto adicionado: P-428Z86YFK5
2026-07-31 16:34:54,209 - INFO -   ➕ Produto adicionado: P-76YHKR6HBR
2026-07-31 16:34:56,809 - INFO -   ➕ Produto adicionado: P-2RTJESJ2YW
2026-07-31 16:34:59,395 - INFO -   ➕ Produto adicionado: P-EANJ2A2XGW
2026-07-31 16:35:02,065 - INFO -   ➕ Produto adicionado: P-8MSI6IKO0Y
2026-07-31 16:35:04,692 - INFO -   ➕ Produto adicionado: P-28JK3COFFP
2026-07-31 16:37:28,625 - INFO - ============================================================
2026-07-31 16:37:28,626 - INFO - INICIANDO ROBÔ DE GERENCIAMENTO DE COLEÇÕES - SPORTBAY
2026-07-31 16:37:28,626 - INFO - ============================================================
2026-07-31 16:37:28,626 - INFO - Lendo planilha: c:\Users\Protork\Desktop\Analise de preços site\Resultado_Menor_Preco_Sportbay.xlsx
2026-07-31 16:37:29,029 - INFO - Coleção alvo: 'Promoções do Dia'
2026-07-31 16:37:29,030 - INFO - Total de shortHashes a adicionar: 61
2026-07-31 16:37:29,034 - INFO - ====== WebDriver manager ======
2026-07-31 16:37:29,613 - INFO - Driver [C:\Users\Protork\.wdm\drivers\chromedriver\win64\150.0.7871.124\chromedriver-win64/chromedriver.exe] found in cache by browser version
2026-07-31 16:37:30,474 - INFO - Acessando página de login...
2026-07-31 16:37:33,930 - INFO - ✓ Login realizado com sucesso
2026-07-31 16:37:33,930 - INFO - Navegando direto para: https://www.marketplace.sportbay.com.br/dashboard/categories
2026-07-31 16:37:35,186 - INFO - ✓ Página de lista de categorias/coleções carregada
2026-07-31 16:37:35,187 - INFO - Procurando coleção: 'Promoções do Dia'
2026-07-31 16:37:39,577 - INFO - ✓ Coleção aberta para edição
2026-07-31 16:37:39,577 - INFO - Removendo produtos atuais da coleção...
2026-07-31 16:37:41,266 - INFO -   ➖ Produto removido (total até agora: 1)
2026-07-31 16:37:41,907 - INFO -   ➖ Produto removido (total até agora: 2)
2026-07-31 16:37:43,146 - INFO -   ➖ Produto removido (total até agora: 3)
2026-07-31 16:37:54,448 - INFO - ✓ Remoção concluída — 3 produto(s) removido(s)
2026-07-31 16:37:54,448 - INFO - Removendo filtro de Merchant 'Sportbay'...
2026-07-31 16:37:54,925 - INFO - ✓ Filtro de Merchant removido e confirmado (tag não existe mais no DOM)
2026-07-31 16:37:54,926 - INFO - Adicionando 61 produto(s) por shortHash...
2026-07-31 16:37:56,912 - INFO -   ➕ Produto adicionado: P-ANLDG969WO
2026-07-31 16:37:59,555 - INFO -   ➕ Produto adicionado: P-ACDABSYT6Q
2026-07-31 16:38:02,637 - INFO -   ➕ Produto adicionado: P-6Y2SPRR4G4
2026-07-31 16:38:05,301 - INFO -   ➕ Produto adicionado: P-DIG41DR2RE
2026-07-31 16:38:08,031 - INFO -   ➕ Produto adicionado: P-95J6T27J4N
2026-07-31 16:38:10,709 - INFO -   ➕ Produto adicionado: P-428Z86YFK5
2026-07-31 16:38:13,337 - INFO -   ➕ Produto adicionado: P-76YHKR6HBR
2026-07-31 16:38:15,956 - INFO -   ➕ Produto adicionado: P-2RTJESJ2YW
2026-07-31 16:38:18,589 - INFO -   ➕ Produto adicionado: P-EANJ2A2XGW
2026-07-31 16:38:21,210 - INFO -   ➕ Produto adicionado: P-8MSI6IKO0Y
2026-07-31 16:38:23,870 - INFO -   ➕ Produto adicionado: P-28JK3COFFP
2026-07-31 16:38:26,502 - INFO -   ➕ Produto adicionado: P-69G0S3I18N
2026-07-31 16:38:29,153 - INFO -   ➕ Produto adicionado: P-C6V6YBHBBJ
2026-07-31 16:38:31,920 - INFO -   ➕ Produto adicionado: P-CDOCKKT66B
2026-07-31 16:38:32,934 - ERROR -   ✗ Campo 'Filtrar por shortHash' não encontrado — abortando adição
2026-07-31 16:38:32,938 - INFO - ✓ Adição concluída — 14 adicionado(s), 0 não encontrado(s)
2026-07-31 16:38:32,938 - INFO - Salvando alterações...
2026-07-31 16:38:32,947 - WARNING -   ⚠ Não encontrou 'botão Salvar' com nenhum dos seletores tentados
2026-07-31 16:38:32,950 - CRITICAL - Erro durante execução do fluxo: Não foi possível clicar no botão 'Salvar'
2026-07-31 16:39:49,337 - INFO - ============================================================
2026-07-31 16:39:49,337 - INFO - INICIANDO ROBÔ DE GERENCIAMENTO DE COLEÇÕES - SPORTBAY
2026-07-31 16:39:49,338 - INFO - ============================================================
2026-07-31 16:39:49,338 - INFO - Lendo planilha: c:\Users\Protork\Desktop\Analise de preços site\Resultado_Menor_Preco_Sportbay.xlsx
2026-07-31 16:39:49,796 - INFO - Coleção alvo: 'Promoções do Dia'
2026-07-31 16:39:49,797 - INFO - Total de shortHashes a adicionar: 61
2026-07-31 16:39:49,806 - INFO - ====== WebDriver manager ======
2026-07-31 16:39:50,784 - INFO - Driver [C:\Users\Protork\.wdm\drivers\chromedriver\win64\150.0.7871.124\chromedriver-win64/chromedriver.exe] found in cache by browser version
2026-07-31 16:39:52,206 - INFO - Acessando página de login...
2026-07-31 16:39:57,493 - INFO - ✓ Login realizado com sucesso
2026-07-31 16:39:57,493 - INFO - Navegando direto para: https://www.marketplace.sportbay.com.br/dashboard/categories
2026-07-31 16:39:59,047 - INFO - ✓ Página de lista de categorias/coleções carregada
2026-07-31 16:39:59,052 - INFO - Procurando coleção: 'Promoções do Dia'
2026-07-31 16:40:04,256 - INFO - ✓ Coleção aberta para edição
2026-07-31 16:40:04,256 - INFO - Removendo produtos atuais da coleção...
2026-07-31 16:40:06,685 - INFO -   ➖ Produto removido (total até agora: 1)
2026-07-31 16:40:07,735 - INFO -   ➖ Produto removido (total até agora: 2)
2026-07-31 16:40:08,713 - INFO -   ➖ Produto removido (total até agora: 3)
2026-07-31 16:40:20,047 - INFO - ✓ Remoção concluída — 3 produto(s) removido(s)
2026-07-31 16:40:20,047 - INFO - Removendo filtro de Merchant 'Sportbay'...
2026-07-31 16:40:20,581 - INFO - ✓ Filtro de Merchant removido e confirmado (tag não existe mais no DOM)
2026-07-31 16:40:20,581 - INFO - Adicionando 61 produto(s) por shortHash...
2026-07-31 16:40:22,618 - INFO -   ➕ Produto adicionado: P-ANLDG969WO
2026-07-31 16:40:25,495 - INFO -   ➕ Produto adicionado: P-ACDABSYT6Q
2026-07-31 16:40:28,189 - INFO -   ➕ Produto adicionado: P-6Y2SPRR4G4
2026-07-31 16:40:30,819 - INFO -   ➕ Produto adicionado: P-DIG41DR2RE
2026-07-31 16:40:33,514 - INFO -   ➕ Produto adicionado: P-95J6T27J4N
2026-07-31 16:43:07,293 - INFO - ============================================================
2026-07-31 16:43:07,312 - INFO - INICIANDO ROBÔ DE GERENCIAMENTO DE COLEÇÕES - SPORTBAY
2026-07-31 16:43:07,316 - INFO - ============================================================
2026-07-31 16:43:07,336 - INFO - Lendo planilha: c:\Users\Protork\Desktop\Analise de preços site\Resultado_Menor_Preco_Sportbay.xlsx
2026-07-31 16:43:07,708 - INFO - Coleção alvo: 'Promoções do Dia'
2026-07-31 16:43:07,709 - INFO - Total de shortHashes a adicionar: 24
2026-07-31 16:43:07,714 - INFO - ====== WebDriver manager ======
2026-07-31 16:43:08,396 - INFO - Driver [C:\Users\Protork\.wdm\drivers\chromedriver\win64\150.0.7871.124\chromedriver-win64/chromedriver.exe] found in cache by browser version
2026-07-31 16:43:09,761 - INFO - Acessando página de login...
2026-07-31 16:43:13,424 - INFO - ✓ Login realizado com sucesso
2026-07-31 16:43:13,424 - INFO - Navegando direto para: https://www.marketplace.sportbay.com.br/dashboard/categories
2026-07-31 16:43:14,954 - INFO - ✓ Página de lista de categorias/coleções carregada
2026-07-31 16:43:14,955 - INFO - Procurando coleção: 'Promoções do Dia'
2026-07-31 16:43:19,567 - INFO - ✓ Coleção aberta para edição
2026-07-31 16:43:19,568 - INFO - Removendo produtos atuais da coleção...
2026-07-31 16:43:21,737 - INFO -   ➖ Produto removido (total até agora: 1)
2026-07-31 16:43:22,625 - INFO -   ➖ Produto removido (total até agora: 2)
2026-07-31 16:43:23,374 - INFO -   ➖ Produto removido (total até agora: 3)
2026-07-31 16:43:24,204 - INFO -   ➖ Produto removido (total até agora: 4)
2026-07-31 16:43:35,505 - INFO - ✓ Remoção concluída — 4 produto(s) removido(s)
2026-07-31 16:43:35,506 - INFO - Removendo filtro de Merchant 'Sportbay'...
2026-07-31 16:43:36,068 - INFO - ✓ Filtro de Merchant removido e confirmado (tag não existe mais no DOM)
2026-07-31 16:43:36,069 - INFO - Adicionando 24 produto(s) por shortHash...
2026-07-31 16:43:38,156 - INFO -   ➕ Produto adicionado: P-ANLDG969WO
2026-07-31 16:43:41,166 - INFO -   ➕ Produto adicionado: P-ACDABSYT6Q
2026-07-31 16:43:43,779 - INFO -   ➕ Produto adicionado: P-6Y2SPRR4G4
2026-07-31 16:43:46,424 - INFO -   ➕ Produto adicionado: P-DIG41DR2RE
2026-07-31 16:43:49,086 - INFO -   ➕ Produto adicionado: P-95J6T27J4N
2026-07-31 16:43:51,679 - INFO -   ➕ Produto adicionado: P-428Z86YFK5
2026-07-31 16:43:54,271 - INFO -   ➕ Produto adicionado: P-76YHKR6HBR
2026-07-31 16:43:56,827 - INFO -   ➕ Produto adicionado: P-2RTJESJ2YW
2026-07-31 16:43:59,580 - INFO -   ➕ Produto adicionado: P-EANJ2A2XGW
2026-07-31 16:44:02,150 - INFO -   ➕ Produto adicionado: P-8MSI6IKO0Y
2026-07-31 16:44:05,012 - INFO -   ➕ Produto adicionado: P-28JK3COFFP
2026-07-31 16:44:08,291 - WARNING -   ⚠ Falha ao clicar em adicionar para P-69G0S3I18N: Message: stale element reference: stale element not found in the current frame
  (Session info: chrome=150.0.7871.187); For documentation on this error, please visit: https://www.selenium.dev/documentation/webdriver/troubleshooting/errors#staleelementreferenceexception
Stacktrace:
	chromedriver!GetHandleVerifier [0x7ff6dc1b0d25+155a5]
	chromedriver!GetHandleVerifier [0x7ff6dc1b0d80+15600]
	chromedriver!(No symbol) [0x7ff6dbd0594d]
	chromedriver!(No symbol) [0x7ff6dbd0d8c1]
	chromedriver!(No symbol) [0x7ff6dbd10c1f]
	chromedriver!(No symbol) [0x7ff6dbdaf292]
	chromedriver!(No symbol) [0x7ff6dbd891ca]
	chromedriver!(No symbol) [0x7ff6dbdae01b]
	chromedriver!(No symbol) [0x7ff6dbd52e6c]
	chromedriver!(No symbol) [0x7ff6dbd53d93]
	chromedriver!GetHandleVerifier [0x7ff6dc796431+5facb1]
	chromedriver!GetHandleVerifier [0x7ff6dc790a9b+5f531b]
	chromedriver!GetHandleVerifier [0x7ff6dc7b5865+61a0e5]
	chromedriver!GetHandleVerifier [0x7ff6dc1cdace+3234e]
	chromedriver!GetHandleVerifier [0x7ff6dc1d661c+3ae9c]
	chromedriver!GetHandleVerifier [0x7ff6dc1bab74+1f3f4]
	chromedriver!GetHandleVerifier [0x7ff6dc1bad04+1f584]
	chromedriver!GetHandleVerifier [0x7ff6dc19d9d7+2257]
	KERNEL32!BaseThreadInitThunk [0x7ffcd9767374+14]
	ntdll!RtlUserThreadStart [0x7ffcda3bcc91+21]

2026-07-31 16:44:11,559 - WARNING -   ⚠ Falha ao clicar em adicionar para P-C6V6YBHBBJ: Message: stale element reference: stale element not found in the current frame
  (Session info: chrome=150.0.7871.187); For documentation on this error, please visit: https://www.selenium.dev/documentation/webdriver/troubleshooting/errors#staleelementreferenceexception
Stacktrace:
	chromedriver!GetHandleVerifier [0x7ff6dc1b0d25+155a5]
	chromedriver!GetHandleVerifier [0x7ff6dc1b0d80+15600]
	chromedriver!(No symbol) [0x7ff6dbd0594d]
	chromedriver!(No symbol) [0x7ff6dbd0d8c1]
	chromedriver!(No symbol) [0x7ff6dbd10885]
	chromedriver!(No symbol) [0x7ff6dbd1094f]
	chromedriver!(No symbol) [0x7ff6dbd64270]
	chromedriver!(No symbol) [0x7ff6dbd61e83]
	chromedriver!(No symbol) [0x7ff6dbd54d98]
	chromedriver!(No symbol) [0x7ff6dbd891ca]
	chromedriver!(No symbol) [0x7ff6dbd54616]
	chromedriver!(No symbol) [0x7ff6dbdae01b]
	chromedriver!(No symbol) [0x7ff6dbd52e6c]
	chromedriver!(No symbol) [0x7ff6dbd53d93]
	chromedriver!GetHandleVerifier [0x7ff6dc796431+5facb1]
	chromedriver!GetHandleVerifier [0x7ff6dc790a9b+5f531b]
	chromedriver!GetHandleVerifier [0x7ff6dc7b5865+61a0e5]
	chromedriver!GetHandleVerifier [0x7ff6dc1cdace+3234e]
	chromedriver!GetHandleVerifier [0x7ff6dc1d661c+3ae9c]
	chromedriver!GetHandleVerifier [0x7ff6dc1bab74+1f3f4]
	chromedriver!GetHandleVerifier [0x7ff6dc1bad04+1f584]
	chromedriver!GetHandleVerifier [0x7ff6dc19d9d7+2257]
	KERNEL32!BaseThreadInitThunk [0x7ffcd9767374+14]
	ntdll!RtlUserThreadStart [0x7ffcda3bcc91+21]

2026-07-31 16:44:14,619 - INFO -   ➕ Produto adicionado: P-CDOCKKT66B
2026-07-31 16:44:17,173 - INFO -   ➕ Produto adicionado: P-6KDGUKC9UP
2026-07-31 16:44:19,735 - INFO -   ➕ Produto adicionado: P-1SCVGM87OC
2026-07-31 16:44:22,362 - INFO -   ➕ Produto adicionado: P-5QWTN8WDRZ
2026-07-31 16:44:25,074 - INFO -   ➕ Produto adicionado: P-44NT04DXED
2026-07-31 16:44:27,757 - INFO -   ➕ Produto adicionado: P-5KR3C9OD97
2026-07-31 16:44:30,457 - INFO -   ➕ Produto adicionado: P-A7KRR79S2P
2026-07-31 16:44:33,047 - INFO -   ➕ Produto adicionado: P-D6TD92N9T5
2026-07-31 16:44:35,600 - INFO -   ➕ Produto adicionado: P-3BFQSZZ0CL
2026-07-31 16:44:38,176 - INFO -   ➕ Produto adicionado: P-9ZR8OFZ3T4
2026-07-31 16:44:40,733 - INFO -   ➕ Produto adicionado: P-4R8NIZC37Y
2026-07-31 16:44:41,971 - INFO - ✓ Adição concluída — 22 adicionado(s), 2 não encontrado(s)
2026-07-31 16:44:41,971 - WARNING -   shortHashes não encontrados: ['P-69G0S3I18N', 'P-C6V6YBHBBJ']
2026-07-31 16:44:41,972 - INFO - Salvando alterações...
2026-07-31 16:44:43,052 - INFO - ✓ Alterações salvas com sucesso
2026-07-31 16:44:43,052 - INFO - ============================================================
2026-07-31 16:44:43,053 - INFO - ✓ FLUXO CONCLUÍDO
2026-07-31 16:44:43,053 - INFO - ============================================================
2026-07-31 16:44:45,404 - INFO - Chrome fechado
2026-07-31 16:48:47,008 - INFO - ============================================================
2026-07-31 16:48:47,008 - INFO - INICIANDO ROBÔ DE GERENCIAMENTO DE COLEÇÕES - SPORTBAY
2026-07-31 16:48:47,008 - INFO - ============================================================
2026-07-31 16:48:47,009 - INFO - Lendo planilha: c:\Users\Protork\Desktop\Analise de preços site\Resultado_Menor_Preco_Sportbay.xlsx
2026-07-31 16:48:47,495 - INFO - Coleção alvo: 'Promoções do Dia'
2026-07-31 16:48:47,495 - INFO - Total de shortHashes a adicionar: 24
2026-07-31 16:48:47,500 - INFO - ====== WebDriver manager ======
2026-07-31 16:48:48,070 - INFO - Driver [C:\Users\Protork\.wdm\drivers\chromedriver\win64\150.0.7871.124\chromedriver-win64/chromedriver.exe] found in cache by browser version
2026-07-31 16:48:48,952 - INFO - Acessando página de login...
2026-07-31 16:48:52,496 - INFO - ✓ Login realizado com sucesso
2026-07-31 16:48:52,497 - INFO - Navegando direto para: https://www.marketplace.sportbay.com.br/dashboard/categories
2026-07-31 16:48:53,778 - INFO - ✓ Página de lista de categorias/coleções carregada
2026-07-31 16:48:53,780 - INFO - Procurando coleção: 'Promoções do Dia'
2026-07-31 16:48:58,458 - INFO - ✓ Coleção aberta para edição
2026-07-31 16:48:58,458 - INFO - Removendo produtos atuais da coleção...
2026-07-31 16:48:59,864 - INFO -   ➖ Produto removido (total até agora: 1)
2026-07-31 16:49:01,150 - INFO -   ➖ Produto removido (total até agora: 2)
2026-07-31 16:49:12,447 - INFO - ✓ Remoção concluída — 2 produto(s) removido(s)
2026-07-31 16:49:12,447 - INFO - Removendo filtro de Merchant 'Sportbay'...
2026-07-31 16:49:12,925 - INFO - ✓ Filtro de Merchant removido e confirmado (tag não existe mais no DOM)
2026-07-31 16:49:12,925 - INFO - Adicionando 24 produto(s) por shortHash...
2026-07-31 16:49:14,822 - INFO -   ➕ Produto adicionado: P-ANLDG969WO
2026-07-31 16:49:17,457 - INFO -   ➕ Produto adicionado: P-ACDABSYT6Q
2026-07-31 16:49:20,076 - INFO -   ➕ Produto adicionado: P-6Y2SPRR4G4
2026-07-31 16:49:22,674 - INFO -   ➕ Produto adicionado: P-DIG41DR2RE
2026-07-31 16:49:25,242 - INFO -   ➕ Produto adicionado: P-95J6T27J4N
2026-07-31 16:49:27,942 - INFO -   ➕ Produto adicionado: P-428Z86YFK5
2026-07-31 16:49:30,499 - INFO -   ➕ Produto adicionado: P-76YHKR6HBR
2026-07-31 16:49:33,114 - INFO -   ➕ Produto adicionado: P-2RTJESJ2YW
2026-07-31 16:49:35,642 - INFO -   ➕ Produto adicionado: P-EANJ2A2XGW
2026-07-31 16:49:38,226 - INFO -   ➕ Produto adicionado: P-8MSI6IKO0Y
2026-07-31 16:49:40,857 - INFO -   ➕ Produto adicionado: P-28JK3COFFP
2026-07-31 16:49:43,524 - INFO -   ➕ Produto adicionado: P-69G0S3I18N
2026-07-31 16:49:46,171 - INFO -   ➕ Produto adicionado: P-C6V6YBHBBJ
2026-07-31 16:49:48,742 - INFO -   ➕ Produto adicionado: P-CDOCKKT66B
2026-07-31 16:49:51,351 - INFO -   ➕ Produto adicionado: P-6KDGUKC9UP
2026-07-31 16:49:54,050 - INFO -   ➕ Produto adicionado: P-1SCVGM87OC
2026-07-31 16:49:56,652 - INFO -   ➕ Produto adicionado: P-5QWTN8WDRZ
2026-07-31 16:49:59,379 - INFO -   ➕ Produto adicionado: P-44NT04DXED
2026-07-31 16:50:02,164 - INFO -   ➕ Produto adicionado: P-5KR3C9OD97
2026-07-31 16:50:04,846 - INFO -   ➕ Produto adicionado: P-A7KRR79S2P
2026-07-31 16:50:07,455 - INFO -   ➕ Produto adicionado: P-D6TD92N9T5
2026-07-31 16:50:10,187 - INFO -   ➕ Produto adicionado: P-3BFQSZZ0CL
2026-07-31 16:50:12,856 - INFO -   ➕ Produto adicionado: P-9ZR8OFZ3T4
2026-07-31 16:50:15,627 - INFO -   ➕ Produto adicionado: P-4R8NIZC37Y
2026-07-31 16:50:16,329 - INFO - ✓ Adição concluída — 24 adicionado(s), 0 não encontrado(s)
2026-07-31 16:50:16,329 - INFO - Salvando alterações...
2026-07-31 16:50:17,044 - INFO - ✓ Alterações salvas com sucesso
2026-07-31 16:50:17,044 - INFO - ============================================================
2026-07-31 16:50:17,045 - INFO - ✓ FLUXO CONCLUÍDO
2026-07-31 16:50:17,046 - INFO - ============================================================
2026-07-31 16:50:19,456 - INFO - Chrome fechado
2026-08-03 08:57:35,848 - INFO - ============================================================
2026-08-03 08:57:35,849 - INFO - INICIANDO ROBÔ DE GERENCIAMENTO DE COLEÇÕES - SPORTBAY
2026-08-03 08:57:35,849 - INFO - ============================================================
2026-08-03 08:57:35,849 - INFO - Lendo planilha: c:\Users\Protork\Desktop\Analise de preços site\Resultado_Menor_Preco_Sportbay.xlsx
2026-08-03 08:57:36,131 - INFO - Coleção alvo: 'Oferta do Dia'
2026-08-03 08:57:36,131 - INFO - Total de shortHashes a adicionar: 13
2026-08-03 08:57:36,136 - INFO - ====== WebDriver manager ======
2026-08-03 08:57:36,714 - INFO - Driver [C:\Users\Protork\.wdm\drivers\chromedriver\win64\150.0.7871.124\chromedriver-win64/chromedriver.exe] found in cache by browser version
2026-08-03 08:57:37,421 - INFO - Acessando página de login...
2026-08-03 08:57:41,725 - INFO - ✓ Login realizado com sucesso
2026-08-03 08:57:41,725 - INFO - Navegando direto para: https://www.marketplace.sportbay.com.br/dashboard/categories
2026-08-03 08:57:43,016 - INFO - ✓ Página de lista de categorias/coleções carregada
2026-08-03 08:57:43,027 - INFO - Procurando coleção: 'Oferta do Dia'
2026-08-03 08:57:47,435 - INFO - ✓ Coleção aberta para edição
2026-08-03 08:57:47,435 - INFO - Removendo produtos atuais da coleção...
2026-08-03 08:57:49,272 - INFO -   ➖ Produto removido (total até agora: 1)
2026-08-03 08:57:50,468 - INFO -   ➖ Produto removido (total até agora: 2)
2026-08-03 08:57:51,226 - INFO -   ➖ Produto removido (total até agora: 3)
2026-08-03 08:57:51,971 - INFO -   ➖ Produto removido (total até agora: 4)
2026-08-03 08:57:52,651 - INFO -   ➖ Produto removido (total até agora: 5)
2026-08-03 08:57:53,788 - INFO -   ➖ Produto removido (total até agora: 6)
2026-08-03 08:57:54,939 - INFO -   ➖ Produto removido (total até agora: 7)
2026-08-03 08:57:55,591 - INFO -   ➖ Produto removido (total até agora: 8)
2026-08-03 08:57:56,842 - INFO -   ➖ Produto removido (total até agora: 9)
2026-08-03 08:57:57,472 - INFO -   ➖ Produto removido (total até agora: 10)
2026-08-03 08:58:08,747 - INFO - ✓ Remoção concluída — 10 produto(s) removido(s)
2026-08-03 08:58:08,747 - INFO - Removendo filtro de Merchant 'Sportbay'...
2026-08-03 08:58:09,230 - INFO - ✓ Filtro de Merchant removido e confirmado (tag não existe mais no DOM)
2026-08-03 08:58:09,230 - INFO - Adicionando 13 produto(s) por shortHash...
2026-08-03 08:58:11,129 - INFO -   ➕ Produto adicionado: P-2BBKLOH3WL
2026-08-03 08:58:13,796 - INFO -   ➕ Produto adicionado: P-59BKMISOK6
2026-08-03 08:58:16,445 - INFO -   ➕ Produto adicionado: P-1QFTOQI4OG
2026-08-03 08:58:19,179 - INFO -   ➕ Produto adicionado: P-43E67HI2WZ
2026-08-03 08:58:21,798 - INFO -   ➕ Produto adicionado: P-DMX31C7D93
2026-08-03 08:58:24,568 - INFO -   ➕ Produto adicionado: P-6KDGUKC9UP
2026-08-03 08:58:27,151 - INFO -   ➕ Produto adicionado: P-CLHVJCSSLT
2026-08-03 08:58:29,764 - INFO -   ➕ Produto adicionado: P-DRB48IA76W
2026-08-03 08:58:32,483 - INFO -   ➕ Produto adicionado: P-90JYDV9O4E
2026-08-03 08:58:35,112 - INFO -   ➕ Produto adicionado: P-1SCVGM87OC
2026-08-03 08:58:37,837 - INFO -   ➕ Produto adicionado: P-BN9YAPPJEK
2026-08-03 08:58:40,507 - INFO -   ➕ Produto adicionado: P-8QY5N5GFD4
2026-08-03 08:58:43,090 - INFO -   ➕ Produto adicionado: P-5QWTN8WDRZ
2026-08-03 08:58:43,805 - INFO - ✓ Adição concluída — 13 adicionado(s), 0 não encontrado(s)
2026-08-03 08:58:43,806 - INFO - Salvando alterações...
2026-08-03 08:58:44,337 - INFO - ✓ Alterações salvas com sucesso
2026-08-03 08:58:44,338 - INFO - ============================================================
2026-08-03 08:58:44,338 - INFO - ✓ FLUXO CONCLUÍDO
2026-08-03 08:58:44,338 - INFO - ============================================================
2026-08-03 08:58:46,653 - INFO - Chrome fechado
2026-08-03 09:15:40,878 - INFO - ============================================================
2026-08-03 09:15:40,879 - INFO - INICIANDO ROBÔ DE GERENCIAMENTO DE COLEÇÕES - SPORTBAY
2026-08-03 09:15:40,879 - INFO - ============================================================
2026-08-03 09:15:40,879 - INFO - Lendo planilha: c:\Users\Protork\Desktop\Analise de preços site\Resultado_Menor_Preco_Sportbay.xlsx
2026-08-03 09:15:41,169 - INFO - Coleção alvo: 'Mais Vendidos em Capacetes'
2026-08-03 09:15:41,169 - INFO - Total de shortHashes a adicionar: 15
2026-08-03 09:15:41,175 - INFO - ====== WebDriver manager ======
2026-08-03 09:15:41,755 - INFO - Driver [C:\Users\Protork\.wdm\drivers\chromedriver\win64\150.0.7871.124\chromedriver-win64/chromedriver.exe] found in cache by browser version
2026-08-03 09:15:42,523 - INFO - Acessando página de login...
2026-08-03 09:15:45,758 - INFO - ✓ Login realizado com sucesso
2026-08-03 09:15:45,758 - INFO - Navegando direto para: https://www.marketplace.sportbay.com.br/dashboard/categories
2026-08-03 09:15:47,155 - INFO - ✓ Página de lista de categorias/coleções carregada
2026-08-03 09:15:47,155 - INFO - Procurando coleção: 'Mais Vendidos em Capacetes'
2026-08-03 09:15:51,477 - INFO - ✓ Coleção aberta para edição
2026-08-03 09:15:51,477 - INFO - Removendo produtos atuais da coleção...
2026-08-03 09:15:53,369 - INFO -   ➖ Produto removido (total até agora: 1)
2026-08-03 09:15:54,722 - INFO -   ➖ Produto removido (total até agora: 2)
2026-08-03 09:15:55,515 - INFO -   ➖ Produto removido (total até agora: 3)
2026-08-03 09:15:56,804 - INFO -   ➖ Produto removido (total até agora: 4)
2026-08-03 09:15:57,606 - INFO -   ➖ Produto removido (total até agora: 5)
2026-08-03 09:15:58,821 - INFO -   ➖ Produto removido (total até agora: 6)
2026-08-03 09:16:00,019 - INFO -   ➖ Produto removido (total até agora: 7)
2026-08-03 09:16:00,722 - INFO -   ➖ Produto removido (total até agora: 8)
2026-08-03 09:16:01,344 - INFO -   ➖ Produto removido (total até agora: 9)
2026-08-03 09:16:02,506 - INFO -   ➖ Produto removido (total até agora: 10)
2026-08-03 09:16:03,177 - INFO -   ➖ Produto removido (total até agora: 11)
2026-08-03 09:16:14,414 - INFO - ✓ Remoção concluída — 11 produto(s) removido(s)
2026-08-03 09:16:14,414 - INFO - Removendo filtro de Merchant 'Sportbay'...
2026-08-03 09:16:14,916 - INFO - ✓ Filtro de Merchant removido e confirmado (tag não existe mais no DOM)
2026-08-03 09:16:14,923 - INFO - Adicionando 15 produto(s) por shortHash...
2026-08-03 09:16:16,869 - INFO -   ➕ Produto adicionado: P-36ICMN7CJ5
2026-08-03 09:16:19,589 - INFO -   ➕ Produto adicionado: P-ACDABSYT6Q
2026-08-03 09:16:22,288 - INFO -   ➕ Produto adicionado: P-428Z86YFK5
2026-08-03 09:16:25,017 - INFO -   ➕ Produto adicionado: P-808ACCI9K2
2026-08-03 09:16:27,738 - INFO -   ➕ Produto adicionado: P-F5HYUL3PWO
2026-08-03 09:16:30,458 - INFO -   ➕ Produto adicionado: P-5OHAUAQSN4
2026-08-03 09:16:33,182 - INFO -   ➕ Produto adicionado: P-69G0S3I18N
2026-08-03 09:16:35,890 - INFO -   ➕ Produto adicionado: P-28JK3COFFP
2026-08-03 09:16:38,499 - INFO -   ➕ Produto adicionado: P-4KNMN80XFX
2026-08-03 09:16:41,300 - INFO -   ➕ Produto adicionado: P-F4AXIG0GOS
2026-08-03 09:16:44,022 - INFO -   ➕ Produto adicionado: P-C4Y876UI8V
2026-08-03 09:16:46,772 - INFO -   ➕ Produto adicionado: P-C6V6YBHBBJ
2026-08-03 09:16:49,442 - INFO -   ➕ Produto adicionado: P-1UM3FJCURS
2026-08-03 09:16:52,237 - INFO -   ➕ Produto adicionado: P-2WKIPYGN9H
2026-08-03 09:16:54,788 - INFO -   ➕ Produto adicionado: P-5384DJ42OI
2026-08-03 09:16:55,509 - INFO - ✓ Adição concluída — 15 adicionado(s), 0 não encontrado(s)
2026-08-03 09:16:55,510 - INFO - Salvando alterações...
2026-08-03 09:16:56,110 - INFO - ✓ Alterações salvas com sucesso
2026-08-03 09:16:56,110 - INFO - ============================================================
2026-08-03 09:16:56,110 - INFO - ✓ FLUXO CONCLUÍDO
2026-08-03 09:16:56,111 - INFO - ============================================================
2026-08-03 09:16:58,545 - INFO - Chrome fechado
2026-08-03 11:05:24,879 - INFO - ============================================================
2026-08-03 11:05:24,880 - INFO - INICIANDO ROBÔ DE GERENCIAMENTO DE COLEÇÕES - SPORTBAY
2026-08-03 11:05:24,880 - INFO - ============================================================
2026-08-03 11:05:24,880 - INFO - Lendo planilha: c:\Users\Protork\Desktop\Analise de preços site\Resultado_Menor_Preco_Sportbay.xlsx
2026-08-03 11:05:33,856 - INFO - ============================================================
2026-08-03 11:05:33,856 - INFO - INICIANDO ROBÔ DE GERENCIAMENTO DE COLEÇÕES - SPORTBAY
2026-08-03 11:05:33,856 - INFO - ============================================================
2026-08-03 11:05:33,856 - INFO - Lendo planilha: c:\Users\Protork\Desktop\Analise de preços site\Resultado_Menor_Preco_Sportbay.xlsx
2026-08-03 11:06:05,518 - INFO - ============================================================
2026-08-03 11:06:05,519 - INFO - INICIANDO ROBÔ DE GERENCIAMENTO DE COLEÇÕES - SPORTBAY
2026-08-03 11:06:05,519 - INFO - ============================================================
2026-08-03 11:06:05,519 - INFO - Lendo planilha: c:\Users\Protork\Desktop\Analise de preços site\Resultado_Menor_Preco_Sportbay.xlsx
2026-08-03 11:06:05,778 - INFO - Coleção alvo: 'Mais Potência'
2026-08-03 11:06:05,778 - INFO - Total de shortHashes a adicionar: 13
2026-08-03 11:06:05,784 - INFO - ====== WebDriver manager ======
2026-08-03 11:06:06,353 - INFO - Driver [C:\Users\Protork\.wdm\drivers\chromedriver\win64\150.0.7871.124\chromedriver-win64/chromedriver.exe] found in cache by browser version
2026-08-03 11:06:07,102 - INFO - Acessando página de login...
2026-08-03 11:06:11,025 - INFO - ✓ Login realizado com sucesso
2026-08-03 11:06:11,026 - INFO - Navegando direto para: https://www.marketplace.sportbay.com.br/dashboard/categories
2026-08-03 11:06:12,300 - INFO - ✓ Página de lista de categorias/coleções carregada
2026-08-03 11:06:12,300 - INFO - Procurando coleção: 'Mais Potência'
2026-08-03 11:06:16,865 - INFO - ✓ Coleção aberta para edição
2026-08-03 11:06:16,866 - INFO - Removendo produtos atuais da coleção...
2026-08-03 11:06:18,555 - INFO -   ➖ Produto removido (total até agora: 1)
2026-08-03 11:06:19,389 - INFO -   ➖ Produto removido (total até agora: 2)
2026-08-03 11:06:20,136 - INFO -   ➖ Produto removido (total até agora: 3)
2026-08-03 11:06:20,887 - INFO -   ➖ Produto removido (total até agora: 4)
2026-08-03 11:06:21,696 - INFO -   ➖ Produto removido (total até agora: 5)
2026-08-03 11:06:22,364 - INFO -   ➖ Produto removido (total até agora: 6)
2026-08-03 11:06:23,532 - INFO -   ➖ Produto removido (total até agora: 7)
2026-08-03 11:06:24,230 - INFO -   ➖ Produto removido (total até agora: 8)
2026-08-03 11:06:24,843 - INFO -   ➖ Produto removido (total até agora: 9)
2026-08-03 11:06:25,458 - INFO -   ➖ Produto removido (total até agora: 10)
2026-08-03 11:06:26,114 - INFO -   ➖ Produto removido (total até agora: 11)
2026-08-03 11:06:26,787 - INFO -   ➖ Produto removido (total até agora: 12)
2026-08-03 11:06:38,008 - INFO - ✓ Remoção concluída — 12 produto(s) removido(s)
2026-08-03 11:06:38,008 - INFO - Removendo filtro de Merchant 'Sportbay'...
2026-08-03 11:06:38,497 - INFO - ✓ Filtro de Merchant removido e confirmado (tag não existe mais no DOM)
2026-08-03 11:06:38,499 - INFO - Adicionando 13 produto(s) por shortHash...
2026-08-03 11:06:40,429 - INFO -   ➕ Produto adicionado: P-EY5WACLXCZ
2026-08-03 11:06:43,040 - INFO -   ➕ Produto adicionado: P-4HR0HK6O8G
2026-08-03 11:06:45,644 - INFO -   ➕ Produto adicionado: P-A7KRR79S2P
2026-08-03 11:06:48,180 - INFO -   ➕ Produto adicionado: P-D6TD92N9T5
2026-08-03 11:06:50,766 - INFO -   ➕ Produto adicionado: P-4W5BHOBO2B
2026-08-03 11:06:53,312 - INFO -   ➕ Produto adicionado: P-AQ9TL0PAST
2026-08-03 11:06:55,881 - INFO -   ➕ Produto adicionado: P-47WFMD5H1L
2026-08-03 11:06:58,541 - INFO -   ➕ Produto adicionado: P-986CBLEKDF
2026-08-03 11:07:01,191 - INFO -   ➕ Produto adicionado: P-7UAWSPJJJG
2026-08-03 11:07:03,800 - INFO -   ➕ Produto adicionado: P-9J4C8YDOGF
2026-08-03 11:07:06,468 - INFO -   ➕ Produto adicionado: P-92RRU4T13Q
2026-08-03 11:07:09,068 - INFO -   ➕ Produto adicionado: P-69VRCZA65J
2026-08-03 11:07:11,820 - INFO -   ➕ Produto adicionado: P-2FM063KBK1
2026-08-03 11:07:12,555 - INFO - ✓ Adição concluída — 13 adicionado(s), 0 não encontrado(s)
2026-08-03 11:07:12,556 - INFO - Salvando alterações...
2026-08-03 11:07:13,042 - INFO - ✓ Alterações salvas com sucesso
2026-08-03 11:07:13,043 - INFO - ============================================================
2026-08-03 11:07:13,043 - INFO - ✓ FLUXO CONCLUÍDO
2026-08-03 11:07:13,043 - INFO - ============================================================
2026-08-03 11:07:15,367 - INFO - Chrome fechado
2026-08-03 11:10:34,698 - INFO - ============================================================
2026-08-03 11:10:34,698 - INFO - INICIANDO ROBÔ DE GERENCIAMENTO DE COLEÇÕES - SPORTBAY
2026-08-03 11:10:34,699 - INFO - ============================================================
2026-08-03 11:10:34,699 - INFO - Lendo planilha: c:\Users\Protork\Desktop\Analise de preços site\Resultado_Menor_Preco_Sportbay.xlsx
2026-08-03 11:10:35,092 - INFO - Coleção alvo: 'Mais Potência'
2026-08-03 11:10:35,092 - INFO - Total de shortHashes a adicionar: 13
2026-08-03 11:10:35,097 - INFO - ====== WebDriver manager ======
2026-08-03 11:10:35,703 - INFO - Driver [C:\Users\Protork\.wdm\drivers\chromedriver\win64\150.0.7871.124\chromedriver-win64/chromedriver.exe] found in cache by browser version
2026-08-03 11:10:36,516 - INFO - Acessando página de login...
2026-08-03 11:10:40,658 - INFO - ✓ Login realizado com sucesso
2026-08-03 11:10:40,658 - INFO - Navegando direto para: https://www.marketplace.sportbay.com.br/dashboard/categories
2026-08-03 11:10:41,990 - INFO - ✓ Página de lista de categorias/coleções carregada
2026-08-03 11:10:42,000 - INFO - Procurando coleção: 'Mais Potência'
2026-08-03 11:10:46,228 - INFO - ✓ Coleção aberta para edição
2026-08-03 11:10:46,228 - INFO - Removendo produtos atuais da coleção...
2026-08-03 11:10:48,417 - INFO -   ➖ Produto removido (total até agora: 1)
2026-08-03 11:10:49,152 - INFO -   ➖ Produto removido (total até agora: 2)
2026-08-03 11:10:49,889 - INFO -   ➖ Produto removido (total até agora: 3)
2026-08-03 11:10:50,601 - INFO -   ➖ Produto removido (total até agora: 4)
2026-08-03 11:10:51,844 - INFO -   ➖ Produto removido (total até agora: 5)
2026-08-03 11:10:52,495 - INFO -   ➖ Produto removido (total até agora: 6)
2026-08-03 11:10:53,619 - INFO -   ➖ Produto removido (total até agora: 7)
2026-08-03 11:10:54,809 - INFO -   ➖ Produto removido (total até agora: 8)
2026-08-03 11:10:55,481 - INFO -   ➖ Produto removido (total até agora: 9)
2026-08-03 11:10:56,156 - INFO -   ➖ Produto removido (total até agora: 10)
2026-08-03 11:11:07,385 - INFO - ✓ Remoção concluída — 10 produto(s) removido(s)
2026-08-03 11:11:07,385 - INFO - Removendo filtro de Merchant 'Sportbay'...
2026-08-03 11:11:07,881 - INFO - ✓ Filtro de Merchant removido e confirmado (tag não existe mais no DOM)
2026-08-03 11:11:07,881 - INFO - Adicionando 13 produto(s) por shortHash...
2026-08-03 11:11:09,831 - INFO -   ➕ Produto adicionado: P-EY5WACLXCZ
2026-08-03 11:11:12,831 - INFO -   ➕ Produto adicionado: P-4HR0HK6O8G
2026-08-03 11:11:15,464 - INFO -   ➕ Produto adicionado: P-A7KRR79S2P
2026-08-03 11:11:18,150 - INFO -   ➕ Produto adicionado: P-D6TD92N9T5
2026-08-03 11:11:20,836 - INFO -   ➕ Produto adicionado: P-4W5BHOBO2B
2026-08-03 11:11:23,565 - INFO -   ➕ Produto adicionado: P-AQ9TL0PAST
2026-08-03 11:11:26,241 - INFO -   ➕ Produto adicionado: P-47WFMD5H1L
2026-08-03 11:11:28,928 - INFO -   ➕ Produto adicionado: P-986CBLEKDF
2026-08-03 11:11:31,673 - INFO -   ➕ Produto adicionado: P-7UAWSPJJJG
2026-08-03 11:11:34,440 - INFO -   ➕ Produto adicionado: P-9J4C8YDOGF
2026-08-03 11:11:37,288 - INFO -   ➕ Produto adicionado: P-92RRU4T13Q
2026-08-03 11:11:40,007 - INFO -   ➕ Produto adicionado: P-69VRCZA65J
2026-08-03 11:11:42,913 - INFO -   ➕ Produto adicionado: P-2FM063KBK1
2026-08-03 11:11:43,771 - INFO - ✓ Adição concluída — 13 adicionado(s), 0 não encontrado(s)
2026-08-03 11:11:43,772 - INFO - Salvando alterações...
2026-08-03 11:11:44,287 - INFO - ✓ Alterações salvas com sucesso
2026-08-03 11:11:44,287 - INFO - ============================================================
2026-08-03 11:11:44,288 - INFO - ✓ FLUXO CONCLUÍDO
2026-08-03 11:11:44,288 - INFO - ============================================================
2026-08-03 11:11:46,704 - INFO - Chrome fechado
2026-08-03 14:13:38,266 - INFO - ============================================================
2026-08-03 14:13:38,267 - INFO - INICIANDO ROBÔ DE GERENCIAMENTO DE COLEÇÕES - SPORTBAY
2026-08-03 14:13:38,267 - INFO - ============================================================
2026-08-03 14:13:38,267 - INFO - Lendo planilha: c:\Users\Protork\Desktop\Analise de preços site\Resultado_Menor_Preco_Sportbay.xlsx
2026-08-03 14:13:38,554 - INFO - Coleção alvo: 'Promoções do Dia'
2026-08-03 14:13:38,554 - INFO - Total de shortHashes a adicionar: 66
2026-08-03 14:13:38,559 - INFO - ====== WebDriver manager ======
2026-08-03 14:13:39,125 - INFO - Driver [C:\Users\Protork\.wdm\drivers\chromedriver\win64\150.0.7871.124\chromedriver-win64/chromedriver.exe] found in cache by browser version
2026-08-03 14:13:40,003 - INFO - Acessando página de login...
2026-08-03 14:13:43,528 - INFO - ✓ Login realizado com sucesso
2026-08-03 14:13:43,528 - INFO - Navegando direto para: https://www.marketplace.sportbay.com.br/dashboard/categories
2026-08-03 14:13:44,921 - INFO - ✓ Página de lista de categorias/coleções carregada
2026-08-03 14:13:44,926 - INFO - Procurando coleção: 'Promoções do Dia'
2026-08-03 14:13:48,928 - INFO - ✓ Coleção aberta para edição
2026-08-03 14:13:48,929 - INFO - Removendo produtos atuais da coleção...
2026-08-03 14:13:50,784 - INFO -   ➖ Produto removido (total até agora: 1)
2026-08-03 14:13:51,907 - INFO -   ➖ Produto removido (total até agora: 2)
2026-08-03 14:13:52,547 - INFO -   ➖ Produto removido (total até agora: 3)
2026-08-03 14:13:53,734 - INFO -   ➖ Produto removido (total até agora: 4)
2026-08-03 14:13:54,879 - INFO -   ➖ Produto removido (total até agora: 5)
2026-08-03 14:13:56,023 - INFO -   ➖ Produto removido (total até agora: 6)
2026-08-03 14:13:56,651 - INFO -   ➖ Produto removido (total até agora: 7)
2026-08-03 14:13:57,295 - INFO -   ➖ Produto removido (total até agora: 8)
2026-08-03 14:13:58,036 - INFO -   ➖ Produto removido (total até agora: 9)
2026-08-03 14:13:58,982 - INFO -   ➖ Produto removido (total até agora: 10)
2026-08-03 14:13:59,640 - INFO -   ➖ Produto removido (total até agora: 11)
2026-08-03 14:14:00,742 - INFO -   ➖ Produto removido (total até agora: 12)
2026-08-03 14:14:01,847 - INFO -   ➖ Produto removido (total até agora: 13)
2026-08-03 14:14:02,991 - INFO -   ➖ Produto removido (total até agora: 14)
2026-08-03 14:14:03,629 - INFO -   ➖ Produto removido (total até agora: 15)
2026-08-03 14:14:04,742 - INFO -   ➖ Produto removido (total até agora: 16)
2026-08-03 14:14:05,385 - INFO -   ➖ Produto removido (total até agora: 17)
2026-08-03 14:14:05,993 - INFO -   ➖ Produto removido (total até agora: 18)
2026-08-03 14:14:07,139 - INFO -   ➖ Produto removido (total até agora: 19)
2026-08-03 14:14:07,797 - INFO -   ➖ Produto removido (total até agora: 20)
2026-08-03 14:14:08,480 - INFO -   ➖ Produto removido (total até agora: 21)
2026-08-03 14:14:09,139 - INFO -   ➖ Produto removido (total até agora: 22)
2026-08-03 14:14:09,739 - INFO -   ➖ Produto removido (total até agora: 23)
2026-08-03 14:14:21,012 - INFO - ✓ Remoção concluída — 23 produto(s) removido(s)
2026-08-03 14:14:21,012 - INFO - Removendo filtro de Merchant 'Sportbay'...
2026-08-03 14:14:21,496 - INFO - ✓ Filtro de Merchant removido e confirmado (tag não existe mais no DOM)
2026-08-03 14:14:21,496 - INFO - Adicionando 66 produto(s) por shortHash...
2026-08-03 14:14:23,420 - INFO -   ➕ Produto adicionado: P-36ICMN7CJ5
2026-08-03 14:14:26,071 - INFO -   ➕ Produto adicionado: P-ACDABSYT6Q
2026-08-03 14:14:28,620 - INFO -   ➕ Produto adicionado: P-2BBKLOH3WL
2026-08-03 14:14:31,226 - INFO -   ➕ Produto adicionado: P-59BKMISOK6
2026-08-03 14:14:33,789 - INFO -   ➕ Produto adicionado: P-43E67HI2WZ
2026-08-03 14:14:36,421 - INFO -   ➕ Produto adicionado: P-1NZRGAPH6Z
2026-08-03 14:14:38,955 - INFO -   ➕ Produto adicionado: P-AGXMKVC931
2026-08-03 14:14:41,577 - INFO -   ➕ Produto adicionado: P-DIG41DR2RE
2026-08-03 14:14:44,170 - INFO -   ➕ Produto adicionado: P-95J6T27J4N
2026-08-03 14:14:46,827 - INFO -   ➕ Produto adicionado: P-3G86UC9SGK
2026-08-03 14:14:49,407 - INFO -   ➕ Produto adicionado: P-6KDGUKC9UP
2026-08-03 14:14:52,538 - INFO -   ➕ Produto adicionado: P-4KNMN80XFX
2026-08-03 14:14:55,153 - INFO -   ➕ Produto adicionado: P-CLHVJCSSLT
2026-08-03 14:14:57,809 - INFO -   ➕ Produto adicionado: P-2RTJESJ2YW
2026-08-03 14:15:00,436 - INFO -   ➕ Produto adicionado: P-1UM3FJCURS
2026-08-03 14:15:03,213 - INFO -   ➕ Produto adicionado: P-7VX1YBXR1K
2026-08-03 14:15:05,866 - INFO -   ➕ Produto adicionado: P-3XOB2US7F6
2026-08-03 14:15:08,533 - INFO -   ➕ Produto adicionado: P-BD24L1OPW2
2026-08-03 14:15:11,131 - INFO -   ➕ Produto adicionado: P-EY5WACLXCZ
2026-08-03 14:15:13,864 - INFO -   ➕ Produto adicionado: P-1RT2I40KDS
2026-08-03 14:15:16,515 - INFO -   ➕ Produto adicionado: P-7EYGRLTTB7
2026-08-03 14:15:19,261 - INFO -   ➕ Produto adicionado: P-BSIWXXOQKU
2026-08-03 14:15:21,910 - INFO -   ➕ Produto adicionado: P-4HR0HK6O8G
2026-08-03 14:15:24,644 - INFO -   ➕ Produto adicionado: P-18TQPXEOYC
2026-08-03 14:15:27,264 - INFO -   ➕ Produto adicionado: P-4R8NIZC37Y
2026-08-03 14:15:29,953 - INFO -   ➕ Produto adicionado: P-D9NT6HJQI3
2026-08-03 14:15:32,569 - INFO -   ➕ Produto adicionado: P-AQ9TL0PAST
2026-08-03 14:15:35,237 - INFO -   ➕ Produto adicionado: P-D8Y64DA4OI
2026-08-03 14:15:37,942 - INFO -   ➕ Produto adicionado: P-4A5WPZG0IM
2026-08-03 14:15:40,618 - INFO -   ➕ Produto adicionado: P-3O21L7BFVF
2026-08-03 14:15:43,463 - INFO -   ➕ Produto adicionado: P-6MNCJP0RRC
2026-08-03 14:15:46,142 - INFO -   ➕ Produto adicionado: P-2FM063KBK1
2026-08-03 14:15:48,782 - INFO -   ➕ Produto adicionado: P-BCJ67V3E0D
2026-08-03 14:15:51,396 - INFO -   ➕ Produto adicionado: P-92EPNGWAAY
2026-08-03 14:15:53,938 - INFO -   ➕ Produto adicionado: P-C98ZO4039M
2026-08-03 14:15:56,663 - INFO -   ➕ Produto adicionado: P-48HMA1YEA3
2026-08-03 14:15:59,200 - INFO -   ➕ Produto adicionado: P-4VQ0IH85ZO
2026-08-03 14:16:01,842 - INFO -   ➕ Produto adicionado: P-378ERPQPJF
2026-08-03 14:16:04,390 - INFO -   ➕ Produto adicionado: P-5U0DRTUOSP
2026-08-03 14:16:07,070 - INFO -   ➕ Produto adicionado: P-51WLS4JCLC
2026-08-03 14:16:09,713 - INFO -   ➕ Produto adicionado: P-2AI0H2XB2Y
2026-08-03 14:16:12,429 - INFO -   ➕ Produto adicionado: P-91CWHMITO8
2026-08-03 14:16:15,237 - INFO -   ➕ Produto adicionado: P-EVQW5UG7X3
2026-08-03 14:16:18,448 - INFO -   ➕ Produto adicionado: P-CSKUFHLVEV
2026-08-03 14:16:21,066 - INFO -   ➕ Produto adicionado: P-1LG2VKH3SG
2026-08-03 14:16:23,795 - INFO -   ➕ Produto adicionado: P-1SAXZMCYI4
2026-08-03 14:16:26,645 - INFO -   ➕ Produto adicionado: P-BQDCTFA35Z
2026-08-03 14:16:29,314 - INFO -   ➕ Produto adicionado: P-DAV8NOVD5T
2026-08-03 14:16:32,034 - INFO -   ➕ Produto adicionado: P-CWPJA2ERYG
2026-08-03 14:16:34,899 - INFO -   ➕ Produto adicionado: P-C5UTI8A5TV
2026-08-03 14:16:37,547 - INFO -   ➕ Produto adicionado: P-77YTW5D3BX
2026-08-03 14:16:40,251 - INFO -   ➕ Produto adicionado: P-QC7NLBR5Z0
2026-08-03 14:16:42,922 - INFO -   ➕ Produto adicionado: P-41G45J22NZ
2026-08-03 14:16:45,519 - INFO -   ➕ Produto adicionado: P-617A8E9VKU
2026-08-03 14:16:48,061 - INFO -   ➕ Produto adicionado: P-CTF7AWVVVN
2026-08-03 14:16:50,688 - INFO -   ➕ Produto adicionado: P-6BU1G6ZRUP
2026-08-03 14:16:53,242 - INFO -   ➕ Produto adicionado: P-7LVXAN660Z
2026-08-03 14:16:56,388 - INFO -   ➕ Produto adicionado: P-2WETPDOQF3
2026-08-03 14:16:59,041 - INFO -   ➕ Produto adicionado: P-F6W74FCI3W
2026-08-03 14:17:01,908 - INFO -   ➕ Produto adicionado: P-ESWFJB375U
2026-08-03 14:17:04,581 - INFO -   ➕ Produto adicionado: P-DV4Z0GKM9I
2026-08-03 14:17:07,310 - INFO -   ➕ Produto adicionado: P-1FIAK8GGAV
2026-08-03 14:17:09,893 - INFO -   ➕ Produto adicionado: P-7Z0H3SPN5T
2026-08-03 14:17:12,576 - INFO -   ➕ Produto adicionado: P-BQWK49XBVN
2026-08-03 14:17:15,346 - INFO -   ➕ Produto adicionado: P-BOV0CDFU9A
2026-08-03 14:17:18,085 - INFO -   ➕ Produto adicionado: P-ZM211V39LX
2026-08-03 14:17:18,891 - INFO - ✓ Adição concluída — 66 adicionado(s), 0 não encontrado(s)
2026-08-03 14:17:18,891 - INFO - Salvando alterações...
2026-08-03 14:17:19,481 - INFO - ✓ Alterações salvas com sucesso
2026-08-03 14:17:19,481 - INFO - ============================================================
2026-08-03 14:17:19,481 - INFO - ✓ FLUXO CONCLUÍDO
2026-08-03 14:17:19,482 - INFO - ============================================================
2026-08-03 14:17:22,328 - INFO - Chrome fechado
2026-08-03 14:51:31,704 - INFO - ============================================================
2026-08-03 14:51:31,705 - INFO - INICIANDO ROBÔ DE GERENCIAMENTO DE COLEÇÕES - SPORTBAY
2026-08-03 14:51:31,705 - INFO - ============================================================
2026-08-03 14:51:31,705 - INFO - Lendo planilha: c:\Users\Protork\Desktop\Analise de preços site\Resultado_Menor_Preco_Sportbay.xlsx
2026-08-03 14:51:32,346 - INFO - Coleção alvo: 'Promoções do Dia'
2026-08-03 14:51:32,346 - INFO - Total de shortHashes a adicionar: 66
2026-08-03 14:51:32,354 - INFO - ====== WebDriver manager ======
2026-08-03 14:51:32,897 - INFO - Driver [C:\Users\Protork\.wdm\drivers\chromedriver\win64\150.0.7871.124\chromedriver-win64/chromedriver.exe] found in cache by browser version
2026-08-03 14:51:33,620 - INFO - Acessando página de login...
2026-08-03 14:51:37,926 - INFO - ✓ Login realizado com sucesso
2026-08-03 14:51:37,927 - INFO - Navegando direto para: https://www.marketplace.sportbay.com.br/dashboard/categories
2026-08-03 14:51:39,304 - INFO - ✓ Página de lista de categorias/coleções carregada
2026-08-03 14:51:39,313 - INFO - Procurando coleção: 'Promoções do Dia'
2026-08-03 14:51:43,440 - INFO - ✓ Coleção aberta para edição
2026-08-03 14:51:43,440 - INFO - Removendo produtos atuais da coleção...
2026-08-03 14:51:45,231 - INFO -   ➖ Produto removido (total até agora: 1)
2026-08-03 14:51:46,444 - INFO -   ➖ Produto removido (total até agora: 2)
2026-08-03 14:51:47,698 - INFO -   ➖ Produto removido (total até agora: 3)
2026-08-03 14:51:48,346 - INFO -   ➖ Produto removido (total até agora: 4)
2026-08-03 14:51:49,514 - INFO -   ➖ Produto removido (total até agora: 5)
2026-08-03 14:51:50,612 - INFO -   ➖ Produto removido (total até agora: 6)
2026-08-03 14:51:51,771 - INFO -   ➖ Produto removido (total até agora: 7)
2026-08-03 14:51:52,429 - INFO -   ➖ Produto removido (total até agora: 8)
2026-08-03 14:51:53,036 - INFO -   ➖ Produto removido (total até agora: 9)
2026-08-03 14:51:54,225 - INFO -   ➖ Produto removido (total até agora: 10)
2026-08-03 14:51:54,862 - INFO -   ➖ Produto removido (total até agora: 11)
2026-08-03 14:51:56,468 - INFO -   ➖ Produto removido (total até agora: 12)
2026-08-03 14:51:57,121 - INFO -   ➖ Produto removido (total até agora: 13)
2026-08-03 14:51:58,351 - INFO -   ➖ Produto removido (total até agora: 14)
2026-08-03 14:51:59,059 - INFO -   ➖ Produto removido (total até agora: 15)
2026-08-03 14:51:59,835 - INFO -   ➖ Produto removido (total até agora: 16)
2026-08-03 14:52:00,467 - INFO -   ➖ Produto removido (total até agora: 17)
2026-08-03 14:52:01,598 - INFO -   ➖ Produto removido (total até agora: 18)
2026-08-03 14:52:02,348 - INFO -   ➖ Produto removido (total até agora: 19)
2026-08-03 14:52:03,974 - INFO -   ➖ Produto removido (total até agora: 20)
2026-08-03 14:52:04,592 - INFO -   ➖ Produto removido (total até agora: 21)
2026-08-03 14:52:05,686 - INFO -   ➖ Produto removido (total até agora: 22)
2026-08-03 14:52:06,919 - INFO -   ➖ Produto removido (total até agora: 23)
2026-08-03 14:52:07,577 - INFO -   ➖ Produto removido (total até agora: 24)
2026-08-03 14:52:08,269 - INFO -   ➖ Produto removido (total até agora: 25)
2026-08-03 14:52:09,515 - INFO -   ➖ Produto removido (total até agora: 26)
2026-08-03 14:52:10,143 - INFO -   ➖ Produto removido (total até agora: 27)
2026-08-03 14:52:10,817 - INFO -   ➖ Produto removido (total até agora: 28)
2026-08-03 14:52:11,941 - INFO -   ➖ Produto removido (total até agora: 29)
2026-08-03 14:52:13,084 - INFO -   ➖ Produto removido (total até agora: 30)
2026-08-03 14:52:13,763 - INFO -   ➖ Produto removido (total até agora: 31)
2026-08-03 14:52:14,486 - INFO -   ➖ Produto removido (total até agora: 32)
2026-08-03 14:52:15,140 - INFO -   ➖ Produto removido (total até agora: 33)
2026-08-03 14:52:15,853 - INFO -   ➖ Produto removido (total até agora: 34)
2026-08-03 14:52:16,465 - INFO -   ➖ Produto removido (total até agora: 35)
2026-08-03 14:52:17,658 - INFO -   ➖ Produto removido (total até agora: 36)
2026-08-03 14:52:18,263 - INFO -   ➖ Produto removido (total até agora: 37)
2026-08-03 14:52:19,425 - INFO -   ➖ Produto removido (total até agora: 38)
2026-08-03 14:52:20,117 - INFO -   ➖ Produto removido (total até agora: 39)
2026-08-03 14:52:20,817 - INFO -   ➖ Produto removido (total até agora: 40)
2026-08-03 14:52:21,484 - INFO -   ➖ Produto removido (total até agora: 41)
2026-08-03 14:52:22,090 - INFO -   ➖ Produto removido (total até agora: 42)
2026-08-03 14:52:23,193 - INFO -   ➖ Produto removido (total até agora: 43)
2026-08-03 14:52:24,356 - INFO -   ➖ Produto removido (total até agora: 44)
2026-08-03 14:52:25,471 - INFO -   ➖ Produto removido (total até agora: 45)
2026-08-03 14:52:27,076 - INFO -   ➖ Produto removido (total até agora: 46)
2026-08-03 14:52:28,256 - INFO -   ➖ Produto removido (total até agora: 47)
2026-08-03 14:52:28,921 - INFO -   ➖ Produto removido (total até agora: 48)
2026-08-03 14:52:29,574 - INFO -   ➖ Produto removido (total até agora: 49)
2026-08-03 14:52:30,717 - INFO -   ➖ Produto removido (total até agora: 50)
2026-08-03 14:52:31,426 - INFO -   ➖ Produto removido (total até agora: 51)
2026-08-03 14:52:32,560 - INFO -   ➖ Produto removido (total até agora: 52)
2026-08-03 14:52:33,239 - INFO -   ➖ Produto removido (total até agora: 53)
2026-08-03 14:52:44,474 - INFO - ✓ Remoção concluída — 53 produto(s) removido(s)
2026-08-03 14:52:44,475 - INFO - Removendo filtro de Merchant 'Sportbay'...
2026-08-03 14:52:45,097 - INFO - ✓ Filtro de Merchant removido e confirmado (tag não existe mais no DOM)
2026-08-03 14:52:45,097 - INFO - Adicionando 66 produto(s) por shortHash...
2026-08-03 14:52:47,238 - INFO -   ➕ Produto adicionado: P-36ICMN7CJ5
2026-08-03 14:52:55,111 - WARNING -   ⚠ Produto P-ACDABSYT6Q não confirmado na primeira tentativa, tentando novamente...
2026-08-03 14:53:00,355 - WARNING -   ⚠ shortHash 'P-ACDABSYT6Q': clique em adicionar não foi confirmado, produto pode não ter sido persistido
2026-08-03 14:53:08,212 - WARNING -   ⚠ Produto P-2BBKLOH3WL não confirmado na primeira tentativa, tentando novamente...
2026-08-03 14:53:13,505 - WARNING -   ⚠ shortHash 'P-2BBKLOH3WL': clique em adicionar não foi confirmado, produto pode não ter sido persistido
2026-08-03 14:53:21,472 - WARNING -   ⚠ Produto P-59BKMISOK6 não confirmado na primeira tentativa, tentando novamente...
2026-08-03 14:53:26,699 - WARNING -   ⚠ shortHash 'P-59BKMISOK6': clique em adicionar não foi confirmado, produto pode não ter sido persistido
2026-08-03 14:53:34,638 - WARNING -   ⚠ Produto P-43E67HI2WZ não confirmado na primeira tentativa, tentando novamente...
2026-08-03 14:53:39,911 - WARNING -   ⚠ shortHash 'P-43E67HI2WZ': clique em adicionar não foi confirmado, produto pode não ter sido persistido
2026-08-03 14:53:42,510 - WARNING -   ⚠ Falha ao clicar em adicionar para P-1NZRGAPH6Z: Message: stale element reference: stale element not found in the current frame
  (Session info: chrome=150.0.7871.187); For documentation on this error, please visit: https://www.selenium.dev/documentation/webdriver/troubleshooting/errors#staleelementreferenceexception
Stacktrace:
	chromedriver!GetHandleVerifier [0x7ff647bd0d25+155a5]
	chromedriver!GetHandleVerifier [0x7ff647bd0d80+15600]
	chromedriver!(No symbol) [0x7ff64772594d]
	chromedriver!(No symbol) [0x7ff64772d8c1]
	chromedriver!(No symbol) [0x7ff647730885]
	chromedriver!(No symbol) [0x7ff64773094f]
	chromedriver!(No symbol) [0x7ff647782cc0]
	chromedriver!(No symbol) [0x7ff647781c50]
	chromedriver!(No symbol) [0x7ff6477751a5]
	chromedriver!(No symbol) [0x7ff6477a91ca]
	chromedriver!(No symbol) [0x7ff647774616]
	chromedriver!(No symbol) [0x7ff6477ce01b]
	chromedriver!(No symbol) [0x7ff647772e6c]
	chromedriver!(No symbol) [0x7ff647773d93]
	chromedriver!GetHandleVerifier [0x7ff6481b6431+5facb1]
	chromedriver!GetHandleVerifier [0x7ff6481b0a9b+5f531b]
	chromedriver!GetHandleVerifier [0x7ff6481d5865+61a0e5]
	chromedriver!GetHandleVerifier [0x7ff647bedace+3234e]
	chromedriver!GetHandleVerifier [0x7ff647bf661c+3ae9c]
	chromedriver!GetHandleVerifier [0x7ff647bdab74+1f3f4]
	chromedriver!GetHandleVerifier [0x7ff647bdad04+1f584]
	chromedriver!GetHandleVerifier [0x7ff647bbd9d7+2257]
	KERNEL32!BaseThreadInitThunk [0x7ffccfdb7374+14]
	ntdll!RtlUserThreadStart [0x7ffcd093cc91+21]

2026-08-03 14:53:42,511 - WARNING -   ⚠ shortHash 'P-1NZRGAPH6Z': clique em adicionar não foi confirmado, produto pode não ter sido persistido
2026-08-03 14:53:50,320 - WARNING -   ⚠ Produto P-AGXMKVC931 não confirmado na primeira tentativa, tentando novamente...
2026-08-03 14:53:55,551 - WARNING -   ⚠ shortHash 'P-AGXMKVC931': clique em adicionar não foi confirmado, produto pode não ter sido persistido
2026-08-03 14:54:03,433 - WARNING -   ⚠ Produto P-DIG41DR2RE não confirmado na primeira tentativa, tentando novamente...
2026-08-03 14:54:08,664 - WARNING -   ⚠ shortHash 'P-DIG41DR2RE': clique em adicionar não foi confirmado, produto pode não ter sido persistido
2026-08-03 14:54:16,388 - WARNING -   ⚠ Produto P-95J6T27J4N não confirmado na primeira tentativa, tentando novamente...
2026-08-03 14:54:21,613 - WARNING -   ⚠ shortHash 'P-95J6T27J4N': clique em adicionar não foi confirmado, produto pode não ter sido persistido
2026-08-03 14:54:29,488 - WARNING -   ⚠ Produto P-3G86UC9SGK não confirmado na primeira tentativa, tentando novamente...
2026-08-03 14:54:34,767 - WARNING -   ⚠ shortHash 'P-3G86UC9SGK': clique em adicionar não foi confirmado, produto pode não ter sido persistido
2026-08-03 14:54:42,518 - WARNING -   ⚠ Produto P-6KDGUKC9UP não confirmado na primeira tentativa, tentando novamente...
2026-08-03 14:54:47,777 - WARNING -   ⚠ shortHash 'P-6KDGUKC9UP': clique em adicionar não foi confirmado, produto pode não ter sido persistido
2026-08-03 14:54:55,562 - WARNING -   ⚠ Produto P-4KNMN80XFX não confirmado na primeira tentativa, tentando novamente...
2026-08-03 14:55:00,793 - WARNING -   ⚠ shortHash 'P-4KNMN80XFX': clique em adicionar não foi confirmado, produto pode não ter sido persistido
2026-08-03 14:55:08,459 - WARNING -   ⚠ Produto P-CLHVJCSSLT não confirmado na primeira tentativa, tentando novamente...
2026-08-03 14:55:13,694 - WARNING -   ⚠ shortHash 'P-CLHVJCSSLT': clique em adicionar não foi confirmado, produto pode não ter sido persistido
2026-08-03 14:55:21,408 - WARNING -   ⚠ Produto P-2RTJESJ2YW não confirmado na primeira tentativa, tentando novamente...
2026-08-03 14:55:26,695 - WARNING -   ⚠ shortHash 'P-2RTJESJ2YW': clique em adicionar não foi confirmado, produto pode não ter sido persistido
2026-08-03 15:02:17,983 - INFO - ============================================================
2026-08-03 15:02:17,984 - INFO - INICIANDO ROBÔ DE GERENCIAMENTO DE COLEÇÕES - SPORTBAY
2026-08-03 15:02:17,984 - INFO - ============================================================
2026-08-03 15:02:17,984 - INFO - Lendo planilha: c:\Users\Protork\Desktop\Analise de preços site\Resultado_Menor_Preco_Sportbay.xlsx
2026-08-03 15:02:18,549 - INFO - Coleção alvo: 'Promoções do Dia'
2026-08-03 15:02:18,549 - INFO - Total de shortHashes a adicionar: 66
2026-08-03 15:02:18,555 - INFO - ====== WebDriver manager ======
2026-08-03 15:02:19,252 - INFO - Driver [C:\Users\Protork\.wdm\drivers\chromedriver\win64\150.0.7871.124\chromedriver-win64/chromedriver.exe] found in cache by browser version
2026-08-03 15:02:20,032 - INFO - Acessando página de login...
2026-08-03 15:02:23,935 - INFO - ✓ Login realizado com sucesso
2026-08-03 15:02:23,935 - INFO - Navegando direto para: https://www.marketplace.sportbay.com.br/dashboard/categories
2026-08-03 15:02:25,225 - INFO - ✓ Página de lista de categorias/coleções carregada
2026-08-03 15:02:25,229 - INFO - Procurando coleção: 'Promoções do Dia'
2026-08-03 15:02:29,544 - INFO - ✓ Coleção aberta para edição
2026-08-03 15:02:29,544 - INFO - Removendo produtos atuais da coleção...
2026-08-03 15:02:31,492 - INFO -   ➖ Produto removido (total até agora: 1)
2026-08-03 15:02:32,232 - INFO -   ➖ Produto removido (total até agora: 2)
2026-08-03 15:02:32,983 - INFO -   ➖ Produto removido (total até agora: 3)
2026-08-03 15:02:34,357 - INFO -   ➖ Produto removido (total até agora: 4)
2026-08-03 15:02:35,139 - INFO -   ➖ Produto removido (total até agora: 5)
2026-08-03 15:02:35,782 - INFO -   ➖ Produto removido (total até agora: 6)
2026-08-03 15:02:36,903 - INFO -   ➖ Produto removido (total até agora: 7)
2026-08-03 15:02:38,036 - INFO -   ➖ Produto removido (total até agora: 8)
2026-08-03 15:02:49,307 - INFO - ✓ Remoção concluída — 8 produto(s) removido(s)
2026-08-03 15:02:49,308 - INFO - Removendo filtro de Merchant 'Sportbay'...
2026-08-03 15:02:49,874 - INFO - ✓ Filtro de Merchant removido e confirmado (tag não existe mais no DOM)
2026-08-03 15:02:49,874 - INFO - Adicionando 66 produto(s) por shortHash...
2026-08-03 15:02:52,262 - INFO -   ➕ Produto adicionado: P-36ICMN7CJ5
2026-08-03 15:02:55,049 - WARNING -   ⚠ Falha ao clicar em adicionar para P-ACDABSYT6Q: Message: stale element reference: stale element not found in the current frame
  (Session info: chrome=150.0.7871.187); For documentation on this error, please visit: https://www.selenium.dev/documentation/webdriver/troubleshooting/errors#staleelementreferenceexception
Stacktrace:
	chromedriver!GetHandleVerifier [0x7ff647bd0d25+155a5]
	chromedriver!GetHandleVerifier [0x7ff647bd0d80+15600]
	chromedriver!(No symbol) [0x7ff64772594d]
	chromedriver!(No symbol) [0x7ff64772d8c1]
	chromedriver!(No symbol) [0x7ff647730885]
	chromedriver!(No symbol) [0x7ff64773094f]
	chromedriver!(No symbol) [0x7ff64778829a]
	chromedriver!(No symbol) [0x7ff647785bb1]
	chromedriver!(No symbol) [0x7ff6477834e7]
	chromedriver!(No symbol) [0x7ff6477823a0]
	chromedriver!(No symbol) [0x7ff647774d98]
	chromedriver!(No symbol) [0x7ff6477a91ca]
	chromedriver!(No symbol) [0x7ff647774616]
	chromedriver!(No symbol) [0x7ff6477ce01b]
	chromedriver!(No symbol) [0x7ff647772e6c]
	chromedriver!(No symbol) [0x7ff647773d93]
	chromedriver!GetHandleVerifier [0x7ff6481b6431+5facb1]
	chromedriver!GetHandleVerifier [0x7ff6481b0a9b+5f531b]
	chromedriver!GetHandleVerifier [0x7ff6481d5865+61a0e5]
	chromedriver!GetHandleVerifier [0x7ff647bedace+3234e]
	chromedriver!GetHandleVerifier [0x7ff647bf661c+3ae9c]
	chromedriver!GetHandleVerifier [0x7ff647bdab74+1f3f4]
	chromedriver!GetHandleVerifier [0x7ff647bdad04+1f584]
	chromedriver!GetHandleVerifier [0x7ff647bbd9d7+2257]
	KERNEL32!BaseThreadInitThunk [0x7ffccfdb7374+14]
	ntdll!RtlUserThreadStart [0x7ffcd093cc91+21]

2026-08-03 15:02:57,756 - INFO -   ➕ Produto adicionado: P-2BBKLOH3WL
2026-08-03 15:03:00,525 - INFO -   ➕ Produto adicionado: P-59BKMISOK6
2026-08-03 15:03:03,280 - INFO -   ➕ Produto adicionado: P-43E67HI2WZ
2026-08-03 15:03:05,999 - INFO -   ➕ Produto adicionado: P-1NZRGAPH6Z
2026-08-03 15:03:08,709 - INFO -   ➕ Produto adicionado: P-AGXMKVC931
2026-08-03 15:03:11,471 - INFO -   ➕ Produto adicionado: P-DIG41DR2RE
2026-08-03 15:03:14,155 - INFO -   ➕ Produto adicionado: P-95J6T27J4N
2026-08-03 15:03:16,774 - INFO -   ➕ Produto adicionado: P-3G86UC9SGK
2026-08-03 15:03:19,368 - INFO -   ➕ Produto adicionado: P-6KDGUKC9UP
2026-08-03 15:03:21,997 - INFO -   ➕ Produto adicionado: P-4KNMN80XFX
2026-08-03 15:03:24,674 - INFO -   ➕ Produto adicionado: P-CLHVJCSSLT
2026-08-03 15:03:27,274 - INFO -   ➕ Produto adicionado: P-2RTJESJ2YW
2026-08-03 15:03:30,017 - INFO -   ➕ Produto adicionado: P-1UM3FJCURS
2026-08-03 15:03:32,653 - INFO -   ➕ Produto adicionado: P-7VX1YBXR1K
2026-08-03 15:03:35,304 - INFO -   ➕ Produto adicionado: P-3XOB2US7F6
2026-08-03 15:03:37,923 - INFO -   ➕ Produto adicionado: P-BD24L1OPW2
2026-08-03 15:03:40,505 - INFO -   ➕ Produto adicionado: P-EY5WACLXCZ
2026-08-03 15:03:43,144 - INFO -   ➕ Produto adicionado: P-1RT2I40KDS
2026-08-03 15:03:45,946 - INFO -   ➕ Produto adicionado: P-7EYGRLTTB7
2026-08-03 15:03:48,597 - INFO -   ➕ Produto adicionado: P-BSIWXXOQKU
2026-08-03 15:03:51,285 - INFO -   ➕ Produto adicionado: P-4HR0HK6O8G
2026-08-03 15:03:53,991 - INFO -   ➕ Produto adicionado: P-18TQPXEOYC
2026-08-03 15:03:56,714 - INFO -   ➕ Produto adicionado: P-4R8NIZC37Y
2026-08-03 15:03:59,392 - INFO -   ➕ Produto adicionado: P-D9NT6HJQI3
2026-08-03 15:04:02,197 - INFO -   ➕ Produto adicionado: P-AQ9TL0PAST
2026-08-03 15:04:04,955 - INFO -   ➕ Produto adicionado: P-D8Y64DA4OI
2026-08-03 15:04:07,956 - INFO -   ➕ Produto adicionado: P-4A5WPZG0IM
2026-08-03 15:04:10,595 - INFO -   ➕ Produto adicionado: P-3O21L7BFVF
2026-08-03 15:04:13,550 - INFO -   ➕ Produto adicionado: P-6MNCJP0RRC
2026-08-03 15:04:16,496 - INFO -   ➕ Produto adicionado: P-2FM063KBK1
2026-08-03 15:04:19,277 - INFO -   ➕ Produto adicionado: P-BCJ67V3E0D
2026-08-03 15:04:21,915 - INFO -   ➕ Produto adicionado: P-92EPNGWAAY
2026-08-03 15:04:24,515 - INFO -   ➕ Produto adicionado: P-C98ZO4039M
2026-08-03 15:04:27,148 - INFO -   ➕ Produto adicionado: P-48HMA1YEA3
2026-08-03 15:04:29,825 - INFO -   ➕ Produto adicionado: P-4VQ0IH85ZO
2026-08-03 15:04:32,411 - INFO -   ➕ Produto adicionado: P-378ERPQPJF
2026-08-03 15:04:35,032 - INFO -   ➕ Produto adicionado: P-5U0DRTUOSP
2026-08-03 15:04:37,634 - INFO -   ➕ Produto adicionado: P-51WLS4JCLC
2026-08-03 15:04:40,334 - INFO -   ➕ Produto adicionado: P-2AI0H2XB2Y
2026-08-03 15:04:42,933 - INFO -   ➕ Produto adicionado: P-91CWHMITO8
2026-08-03 15:04:45,571 - INFO -   ➕ Produto adicionado: P-EVQW5UG7X3
2026-08-03 15:04:48,160 - INFO -   ➕ Produto adicionado: P-CSKUFHLVEV
2026-08-03 15:04:50,771 - INFO -   ➕ Produto adicionado: P-1LG2VKH3SG
2026-08-03 15:04:53,345 - INFO -   ➕ Produto adicionado: P-1SAXZMCYI4
2026-08-03 15:04:56,170 - INFO -   ➕ Produto adicionado: P-BQDCTFA35Z
2026-08-03 15:04:58,804 - INFO -   ➕ Produto adicionado: P-DAV8NOVD5T
2026-08-03 15:05:01,540 - WARNING -   ⚠ Falha ao clicar em adicionar para P-CWPJA2ERYG: Message: stale element reference: stale element not found in the current frame
  (Session info: chrome=150.0.7871.187); For documentation on this error, please visit: https://www.selenium.dev/documentation/webdriver/troubleshooting/errors#staleelementreferenceexception
Stacktrace:
	chromedriver!GetHandleVerifier [0x7ff647bd0d25+155a5]
	chromedriver!GetHandleVerifier [0x7ff647bd0d80+15600]
	chromedriver!(No symbol) [0x7ff64772594d]
	chromedriver!(No symbol) [0x7ff64772d8c1]
	chromedriver!(No symbol) [0x7ff647730885]
	chromedriver!(No symbol) [0x7ff64773094f]
	chromedriver!(No symbol) [0x7ff647784270]
	chromedriver!(No symbol) [0x7ff647781e83]
	chromedriver!(No symbol) [0x7ff647774d98]
	chromedriver!(No symbol) [0x7ff6477a91ca]
	chromedriver!(No symbol) [0x7ff647774616]
	chromedriver!(No symbol) [0x7ff6477ce01b]
	chromedriver!(No symbol) [0x7ff647772e6c]
	chromedriver!(No symbol) [0x7ff647773d93]
	chromedriver!GetHandleVerifier [0x7ff6481b6431+5facb1]
	chromedriver!GetHandleVerifier [0x7ff6481b0a9b+5f531b]
	chromedriver!GetHandleVerifier [0x7ff6481d5865+61a0e5]
	chromedriver!GetHandleVerifier [0x7ff647bedace+3234e]
	chromedriver!GetHandleVerifier [0x7ff647bf661c+3ae9c]
	chromedriver!GetHandleVerifier [0x7ff647bdab74+1f3f4]
	chromedriver!GetHandleVerifier [0x7ff647bdad04+1f584]
	chromedriver!GetHandleVerifier [0x7ff647bbd9d7+2257]
	KERNEL32!BaseThreadInitThunk [0x7ffccfdb7374+14]
	ntdll!RtlUserThreadStart [0x7ffcd093cc91+21]

2026-08-03 15:05:04,280 - INFO -   ➕ Produto adicionado: P-C5UTI8A5TV
2026-08-03 15:05:06,977 - INFO -   ➕ Produto adicionado: P-77YTW5D3BX
2026-08-03 15:05:09,760 - INFO -   ➕ Produto adicionado: P-QC7NLBR5Z0
2026-08-03 15:05:12,549 - INFO -   ➕ Produto adicionado: P-41G45J22NZ
2026-08-03 15:05:15,317 - INFO -   ➕ Produto adicionado: P-617A8E9VKU
2026-08-03 15:05:18,136 - INFO -   ➕ Produto adicionado: P-CTF7AWVVVN
2026-08-03 15:05:20,999 - INFO -   ➕ Produto adicionado: P-6BU1G6ZRUP
2026-08-03 15:05:23,797 - INFO -   ➕ Produto adicionado: P-7LVXAN660Z
2026-08-03 15:05:26,427 - INFO -   ➕ Produto adicionado: P-2WETPDOQF3
2026-08-03 15:05:29,099 - INFO -   ➕ Produto adicionado: P-F6W74FCI3W
2026-08-03 15:05:31,662 - INFO -   ➕ Produto adicionado: P-ESWFJB375U
2026-08-03 15:05:34,335 - INFO -   ➕ Produto adicionado: P-DV4Z0GKM9I
2026-08-03 15:05:36,999 - INFO -   ➕ Produto adicionado: P-1FIAK8GGAV
2026-08-03 15:05:39,575 - INFO -   ➕ Produto adicionado: P-7Z0H3SPN5T
2026-08-03 15:05:42,234 - INFO -   ➕ Produto adicionado: P-BQWK49XBVN
2026-08-03 15:05:44,889 - INFO -   ➕ Produto adicionado: P-BOV0CDFU9A
2026-08-03 15:05:47,463 - INFO -   ➕ Produto adicionado: P-ZM211V39LX
2026-08-03 15:05:48,221 - INFO - ✓ Adição concluída — 64 adicionado(s), 2 não encontrado(s)
2026-08-03 15:05:48,221 - WARNING -   shortHashes não encontrados: ['P-ACDABSYT6Q', 'P-CWPJA2ERYG']
2026-08-03 15:05:48,222 - INFO - Salvando alterações...
2026-08-03 15:05:48,836 - INFO - ✓ Alterações salvas com sucesso
2026-08-03 15:05:48,838 - INFO - ============================================================
2026-08-03 15:05:48,838 - INFO - ✓ FLUXO CONCLUÍDO
2026-08-03 15:05:48,838 - INFO - ============================================================
2026-08-03 15:05:51,962 - INFO - Chrome fechado
2026-08-03 16:13:54,716 - INFO - ============================================================
2026-08-03 16:13:54,716 - INFO - INICIANDO ROBÔ DE GERENCIAMENTO DE COLEÇÕES - SPORTBAY
2026-08-03 16:13:54,717 - INFO - ============================================================
2026-08-03 16:13:54,718 - INFO - Lendo planilha: c:\Users\Protork\Desktop\Analise de preços site\Resultado_Menor_Preco_Sportbay.xlsx
2026-08-03 16:13:55,046 - INFO - Coleção alvo: 'Capacetes Off Road em Promoção'
2026-08-03 16:13:55,046 - INFO - Total de shortHashes a adicionar: 10
2026-08-03 16:13:55,053 - INFO - ====== WebDriver manager ======
2026-08-03 16:13:55,593 - INFO - Driver [C:\Users\Protork\.wdm\drivers\chromedriver\win64\150.0.7871.124\chromedriver-win64/chromedriver.exe] found in cache by browser version
2026-08-03 16:13:56,462 - INFO - Acessando página de login...
2026-08-03 16:14:00,204 - INFO - ✓ Login realizado com sucesso
2026-08-03 16:14:00,204 - INFO - Navegando direto para: https://www.marketplace.sportbay.com.br/dashboard/categories
2026-08-03 16:14:01,685 - INFO - ✓ Página de lista de categorias/coleções carregada
2026-08-03 16:14:01,688 - INFO - Procurando coleção: 'Capacetes Off Road em Promoção'
2026-08-03 16:14:31,985 - WARNING -   ⚠ Não encontrou 'coleção 'Capacetes Off Road em Promoção'' com nenhum dos seletores tentados
2026-08-03 16:14:31,986 - CRITICAL - Erro durante execução do fluxo: Coleção 'Capacetes Off Road em Promoção' não encontrada na lista
2026-08-03 16:14:34,346 - INFO - Chrome fechado
2026-08-03 16:15:05,790 - INFO - ============================================================
2026-08-03 16:15:05,790 - INFO - INICIANDO ROBÔ DE GERENCIAMENTO DE COLEÇÕES - SPORTBAY
2026-08-03 16:15:05,790 - INFO - ============================================================
2026-08-03 16:15:05,791 - INFO - Lendo planilha: c:\Users\Protork\Desktop\Analise de preços site\Resultado_Menor_Preco_Sportbay.xlsx
2026-08-03 16:15:06,129 - INFO - Coleção alvo: 'Capacetes Off-Road em Promoção'
2026-08-03 16:15:06,129 - INFO - Total de shortHashes a adicionar: 10
2026-08-03 16:15:06,135 - INFO - ====== WebDriver manager ======
2026-08-03 16:15:06,746 - INFO - Driver [C:\Users\Protork\.wdm\drivers\chromedriver\win64\150.0.7871.124\chromedriver-win64/chromedriver.exe] found in cache by browser version
2026-08-03 16:15:07,472 - INFO - Acessando página de login...
2026-08-03 16:15:11,126 - INFO - ✓ Login realizado com sucesso
2026-08-03 16:15:11,126 - INFO - Navegando direto para: https://www.marketplace.sportbay.com.br/dashboard/categories
2026-08-03 16:15:12,459 - INFO - ✓ Página de lista de categorias/coleções carregada
2026-08-03 16:15:12,461 - INFO - Procurando coleção: 'Capacetes Off-Road em Promoção'
2026-08-03 16:15:17,293 - INFO - ✓ Coleção aberta para edição
2026-08-03 16:15:17,293 - INFO - Removendo produtos atuais da coleção...
2026-08-03 16:15:19,176 - INFO -   ➖ Produto removido (total até agora: 1)
2026-08-03 16:15:20,628 - INFO -   ➖ Produto removido (total até agora: 2)
2026-08-03 16:15:21,473 - INFO -   ➖ Produto removido (total até agora: 3)
2026-08-03 16:15:22,455 - INFO -   ➖ Produto removido (total até agora: 4)
2026-08-03 16:15:23,714 - INFO -   ➖ Produto removido (total até agora: 5)
2026-08-03 16:15:24,843 - INFO -   ➖ Produto removido (total até agora: 6)
2026-08-03 16:15:26,003 - INFO -   ➖ Produto removido (total até agora: 7)
2026-08-03 16:15:26,675 - INFO -   ➖ Produto removido (total até agora: 8)
2026-08-03 16:15:27,847 - INFO -   ➖ Produto removido (total até agora: 9)
2026-08-03 16:15:28,505 - INFO -   ➖ Produto removido (total até agora: 10)
2026-08-03 16:15:39,731 - INFO - ✓ Remoção concluída — 10 produto(s) removido(s)
2026-08-03 16:15:39,731 - INFO - Removendo filtro de Merchant 'Sportbay'...
2026-08-03 16:15:40,422 - INFO - ✓ Filtro de Merchant removido e confirmado (tag não existe mais no DOM)
2026-08-03 16:15:40,422 - INFO - Adicionando 10 produto(s) por shortHash...
2026-08-03 16:15:40,443 - INFO -   Total de produtos na coleção antes de adicionar: 0
2026-08-03 16:15:51,013 - WARNING -   ⚠ shortHash 'P-9ZR8OFZ3T4': tabela não convergiu para 1 linha do hash esperado (contagem: 10, trecho encontrado: 'Capacete Motocross Fast 788 Solid Pro Tork119952AprovadoSportbay29/07/2021ATIVO') — pulando
2026-08-03 16:16:01,993 - WARNING -   ⚠ shortHash 'P-3BFQSZZ0CL': tabela não convergiu para 1 linha do hash esperado (contagem: 1, trecho encontrado: 'Capacete Pro Tork Fast Tech Limited Edition121016AprovadoSportbay02/08/2021ATIVO') — pulando
2026-08-03 16:16:13,096 - WARNING -   ⚠ shortHash 'P-2WKIPYGN9H': tabela não convergiu para 1 linha do hash esperado (contagem: 1, trecho encontrado: 'Capacete Motocross Infantil Cartoon Racing Pro Tork126167AprovadoSportbay06/04/2') — pulando
2026-08-03 16:23:33,110 - INFO - ============================================================
2026-08-03 16:23:33,110 - INFO - INICIANDO ROBÔ DE GERENCIAMENTO DE COLEÇÕES - SPORTBAY
2026-08-03 16:23:33,110 - INFO - ============================================================
2026-08-03 16:23:33,110 - INFO - Lendo planilha: c:\Users\Protork\Desktop\Analise de preços site\Resultado_Menor_Preco_Sportbay.xlsx
2026-08-03 16:23:33,536 - INFO - Coleção alvo: 'Capacetes Off-Road em Promoção'
2026-08-03 16:23:33,536 - INFO - Total de shortHashes a adicionar: 10
2026-08-03 16:23:33,541 - INFO - ====== WebDriver manager ======
2026-08-03 16:23:34,139 - INFO - Driver [C:\Users\Protork\.wdm\drivers\chromedriver\win64\150.0.7871.124\chromedriver-win64/chromedriver.exe] found in cache by browser version
2026-08-03 16:23:34,875 - INFO - Acessando página de login...
2026-08-03 16:23:38,867 - INFO - ✓ Login realizado com sucesso
2026-08-03 16:23:38,868 - INFO - Navegando direto para: https://www.marketplace.sportbay.com.br/dashboard/categories
2026-08-03 16:23:40,132 - INFO - ✓ Página de lista de categorias/coleções carregada
2026-08-03 16:23:40,133 - INFO - Procurando coleção: 'Capacetes Off-Road em Promoção'
2026-08-03 16:23:44,532 - INFO - ✓ Coleção aberta para edição
2026-08-03 16:23:44,533 - INFO - Removendo produtos atuais da coleção...
2026-08-03 16:23:56,303 - INFO - ✓ Remoção concluída — 0 produto(s) removido(s)
2026-08-03 16:23:56,303 - INFO - Removendo filtro de Merchant 'Sportbay'...
2026-08-03 16:23:56,917 - INFO - ✓ Filtro de Merchant removido e confirmado (tag não existe mais no DOM)
2026-08-03 16:23:56,921 - INFO - Adicionando 10 produto(s) por shortHash...
2026-08-03 16:23:56,946 - INFO -   Total de produtos na coleção antes de adicionar: 0
2026-08-03 16:23:59,616 - INFO -   ➕ Produto adicionado: P-9ZR8OFZ3T4 (total 0 → 1)
2026-08-03 16:24:03,084 - INFO -   ➕ Produto adicionado: P-3BFQSZZ0CL (total 1 → 2)
2026-08-03 16:24:06,573 - INFO -   ➕ Produto adicionado: P-2WKIPYGN9H (total 2 → 3)
2026-08-03 16:24:10,160 - INFO -   ➕ Produto adicionado: P-5U08870E76 (total 3 → 4)
2026-08-03 16:24:13,641 - INFO -   ➕ Produto adicionado: P-1VO7L84OG6 (total 4 → 5)
2026-08-03 16:24:17,286 - INFO -   ➕ Produto adicionado: P-3TMFZ2X61I (total 5 → 6)
2026-08-03 16:24:20,805 - INFO -   ➕ Produto adicionado: P-ARZ1I0YYXF (total 6 → 7)
2026-08-03 16:24:24,348 - INFO -   ➕ Produto adicionado: P-5UXWUVICVW (total 7 → 8)
2026-08-03 16:24:28,086 - INFO -   ➕ Produto adicionado: P-9BG6C0J9SJ (total 8 → 9)
2026-08-03 16:24:31,614 - INFO -   ➕ Produto adicionado: P-4KNMN80XFX (total 9 → 10)
2026-08-03 16:24:32,426 - INFO - ✓ Adição concluída — 10 adicionado(s), 0 não encontrado(s), 0 sem efeito
2026-08-03 16:24:32,426 - INFO - Salvando alterações...
2026-08-03 16:24:32,978 - INFO - ✓ Alterações salvas com sucesso
2026-08-03 16:24:32,979 - INFO - Conferindo resultado final da coleção...
2026-08-03 16:24:35,438 - INFO -   ✓ Contagem final confere: 10 produto(s) na coleção
2026-08-03 16:24:35,438 - INFO - ============================================================
2026-08-03 16:24:35,438 - INFO - ✓ FLUXO CONCLUÍDO
2026-08-03 16:24:35,438 - INFO - ============================================================
2026-08-03 16:24:37,892 - INFO - Chrome fechado
2026-08-03 16:54:20,990 - INFO - ============================================================
2026-08-03 16:54:20,991 - INFO - INICIANDO ROBÔ DE GERENCIAMENTO DE COLEÇÕES - SPORTBAY
2026-08-03 16:54:20,991 - INFO - ============================================================
2026-08-03 16:54:20,991 - INFO - Lendo planilha: c:\Users\Protork\Desktop\Analise de preços site\Resultado_Menor_Preco_Sportbay.xlsx
2026-08-03 16:54:21,364 - INFO - Coleção alvo: 'Promoções do Dia'
2026-08-03 16:54:21,365 - INFO - Total de shortHashes a adicionar: 65
2026-08-03 16:54:21,374 - INFO - ====== WebDriver manager ======
2026-08-03 16:54:22,456 - INFO - Driver [C:\Users\Protork\.wdm\drivers\chromedriver\win64\150.0.7871.124\chromedriver-win64/chromedriver.exe] found in cache by browser version
2026-08-03 16:54:25,188 - INFO - Acessando página de login...
2026-08-03 16:54:29,154 - INFO - ✓ Login realizado com sucesso
2026-08-03 16:54:29,154 - INFO - Navegando direto para: https://www.marketplace.sportbay.com.br/dashboard/categories
2026-08-03 16:54:30,676 - INFO - ✓ Página de lista de categorias/coleções carregada
2026-08-03 16:54:30,684 - INFO - Procurando coleção: 'Promoções do Dia'
2026-08-03 16:54:35,124 - INFO - ✓ Coleção aberta para edição
2026-08-03 16:54:35,124 - INFO - Removendo produtos atuais da coleção...
2026-08-03 16:54:37,030 - INFO -   ➖ Produto removido (total até agora: 1)
2026-08-03 16:54:37,679 - INFO -   ➖ Produto removido (total até agora: 2)
2026-08-03 16:54:38,691 - INFO -   ➖ Produto removido (total até agora: 3)
2026-08-03 16:54:39,864 - INFO -   ➖ Produto removido (total até agora: 4)
2026-08-03 16:54:40,650 - INFO -   ➖ Produto removido (total até agora: 5)
2026-08-03 16:54:41,449 - INFO -   ➖ Produto removido (total até agora: 6)
2026-08-03 16:54:42,611 - INFO -   ➖ Produto removido (total até agora: 7)
2026-08-03 16:54:43,263 - INFO -   ➖ Produto removido (total até agora: 8)
2026-08-03 16:54:44,350 - INFO -   ➖ Produto removido (total até agora: 9)
2026-08-03 16:54:45,492 - INFO -   ➖ Produto removido (total até agora: 10)
2026-08-03 16:54:46,196 - INFO -   ➖ Produto removido (total até agora: 11)
2026-08-03 16:54:46,854 - INFO -   ➖ Produto removido (total até agora: 12)
2026-08-03 16:54:47,989 - INFO -   ➖ Produto removido (total até agora: 13)
2026-08-03 16:54:48,649 - INFO -   ➖ Produto removido (total até agora: 14)
2026-08-03 16:54:49,331 - INFO -   ➖ Produto removido (total até agora: 15)
2026-08-03 16:54:49,939 - INFO -   ➖ Produto removido (total até agora: 16)
2026-08-03 16:54:51,056 - INFO -   ➖ Produto removido (total até agora: 17)
2026-08-03 16:54:52,645 - INFO -   ➖ Produto removido (total até agora: 18)
2026-08-03 16:54:53,732 - INFO -   ➖ Produto removido (total até agora: 19)
2026-08-03 16:54:54,819 - INFO -   ➖ Produto removido (total até agora: 20)
2026-08-03 16:54:55,979 - INFO -   ➖ Produto removido (total até agora: 21)
2026-08-03 16:54:56,705 - INFO -   ➖ Produto removido (total até agora: 22)
2026-08-03 16:54:57,478 - INFO -   ➖ Produto removido (total até agora: 23)
2026-08-03 16:54:58,104 - INFO -   ➖ Produto removido (total até agora: 24)
2026-08-03 16:54:59,277 - INFO -   ➖ Produto removido (total até agora: 25)
2026-08-03 16:55:00,442 - INFO -   ➖ Produto removido (total até agora: 26)
2026-08-03 16:55:01,042 - INFO -   ➖ Produto removido (total até agora: 27)
2026-08-03 16:55:02,147 - INFO -   ➖ Produto removido (total até agora: 28)
2026-08-03 16:55:03,272 - INFO -   ➖ Produto removido (total até agora: 29)
2026-08-03 16:55:03,989 - INFO -   ➖ Produto removido (total até agora: 30)
2026-08-03 16:55:05,082 - INFO -   ➖ Produto removido (total até agora: 31)
2026-08-03 16:55:06,261 - INFO -   ➖ Produto removido (total até agora: 32)
2026-08-03 16:55:07,411 - INFO -   ➖ Produto removido (total até agora: 33)
2026-08-03 16:55:08,071 - INFO -   ➖ Produto removido (total até agora: 34)
2026-08-03 16:55:08,699 - INFO -   ➖ Produto removido (total até agora: 35)
2026-08-03 16:55:09,304 - INFO -   ➖ Produto removido (total até agora: 36)
2026-08-03 16:55:10,453 - INFO -   ➖ Produto removido (total até agora: 37)
2026-08-03 16:55:11,145 - INFO -   ➖ Produto removido (total até agora: 38)
2026-08-03 16:55:11,772 - INFO -   ➖ Produto removido (total até agora: 39)
2026-08-03 16:55:12,514 - INFO -   ➖ Produto removido (total até agora: 40)
2026-08-03 16:55:13,279 - INFO -   ➖ Produto removido (total até agora: 41)
2026-08-03 16:55:13,966 - INFO -   ➖ Produto removido (total até agora: 42)
2026-08-03 16:55:14,620 - INFO -   ➖ Produto removido (total até agora: 43)
2026-08-03 16:55:15,719 - INFO -   ➖ Produto removido (total até agora: 44)
2026-08-03 16:55:16,805 - INFO -   ➖ Produto removido (total até agora: 45)
2026-08-03 16:55:17,966 - INFO -   ➖ Produto removido (total até agora: 46)
2026-08-03 16:55:18,640 - INFO -   ➖ Produto removido (total até agora: 47)
2026-08-03 16:55:19,355 - INFO -   ➖ Produto removido (total até agora: 48)
2026-08-03 16:55:19,976 - INFO -   ➖ Produto removido (total até agora: 49)
2026-08-03 16:55:21,576 - INFO -   ➖ Produto removido (total até agora: 50)
2026-08-03 16:55:22,209 - INFO -   ➖ Produto removido (total até agora: 51)
2026-08-03 16:55:33,536 - INFO - ✓ Remoção concluída — 51 produto(s) removido(s)
2026-08-03 16:55:33,536 - INFO - Removendo filtro de Merchant 'Sportbay'...
2026-08-03 16:55:34,059 - INFO - ✓ Filtro de Merchant removido e confirmado (tag não existe mais no DOM)
2026-08-03 16:55:34,068 - INFO - Adicionando 65 produto(s) por shortHash...
2026-08-03 16:55:34,136 - INFO -   Total de produtos na coleção antes de adicionar: 0
2026-08-03 16:55:36,887 - INFO -   ➕ Produto adicionado: P-36ICMN7CJ5 (total 0 → 1)
2026-08-03 16:55:40,281 - INFO -   ➕ Produto adicionado: P-ACDABSYT6Q (total 1 → 2)
2026-08-03 16:55:43,703 - INFO -   ➕ Produto adicionado: P-2BBKLOH3WL (total 2 → 3)
2026-08-03 16:55:47,344 - INFO -   ➕ Produto adicionado: P-59BKMISOK6 (total 3 → 4)
2026-08-03 16:55:50,743 - INFO -   ➕ Produto adicionado: P-43E67HI2WZ (total 4 → 5)
2026-08-03 16:55:54,223 - INFO -   ➕ Produto adicionado: P-1NZRGAPH6Z (total 5 → 6)
2026-08-03 16:56:05,334 - WARNING -   ⚠ shortHash 'P-BW76ODGUI4': tabela não convergiu para 1 resultado novo (contagem no timeout: 10) — pulando
2026-08-03 16:56:08,816 - INFO -   ➕ Produto adicionado: P-DIG41DR2RE (total 6 → 7)
2026-08-03 16:56:12,350 - INFO -   ➕ Produto adicionado: P-95J6T27J4N (total 7 → 8)
2026-08-03 16:56:23,451 - WARNING -   ⚠ shortHash 'P-8A8B38UCIF': tabela não convergiu para 1 resultado novo (contagem no timeout: 10) — pulando
2026-08-03 16:56:34,491 - WARNING -   ⚠ shortHash 'P-6KDGUKC9UP': tabela não convergiu para 1 resultado novo (contagem no timeout: 10) — pulando
2026-08-03 16:56:45,470 - WARNING -   ⚠ shortHash 'P-4KNMN80XFX': tabela não convergiu para 1 resultado novo (contagem no timeout: 10) — pulando
2026-08-03 16:56:56,469 - WARNING -   ⚠ shortHash 'P-CLHVJCSSLT': tabela não convergiu para 1 resultado novo (contagem no timeout: 10) — pulando
2026-08-03 16:56:59,905 - INFO -   ➕ Produto adicionado: P-2RTJESJ2YW (total 8 → 9)
2026-08-03 16:57:03,395 - INFO -   ➕ Produto adicionado: P-1UM3FJCURS (total 9 → 10)
2026-08-03 16:57:14,306 - WARNING -   ⚠ shortHash 'P-7VX1YBXR1K': tabela não convergiu para 1 resultado novo (contagem no timeout: 10) — pulando
2026-08-03 16:57:17,725 - INFO -   ➕ Produto adicionado: P-3XOB2US7F6 (total 10 → 11)
2026-08-03 16:57:20,864 - INFO -   ➕ Produto adicionado: P-BD24L1OPW2 (total 11 → 12)
2026-08-03 16:57:24,259 - INFO -   ➕ Produto adicionado: P-EY5WACLXCZ (total 12 → 13)
2026-08-03 16:57:27,831 - INFO -   ➕ Produto adicionado: P-1RT2I40KDS (total 13 → 14)
2026-08-03 16:57:38,836 - WARNING -   ⚠ shortHash 'P-7EYGRLTTB7': tabela não convergiu para 1 resultado novo (contagem no timeout: 10) — pulando
2026-08-03 16:57:49,797 - WARNING -   ⚠ shortHash 'P-792JS5YKSQ': tabela não convergiu para 1 resultado novo (contagem no timeout: 10) — pulando
2026-08-03 16:58:00,813 - WARNING -   ⚠ shortHash 'P-4HR0HK6O8G': tabela não convergiu para 1 resultado novo (contagem no timeout: 10) — pulando
2026-08-03 16:58:11,867 - WARNING -   ⚠ shortHash 'P-18TQPXEOYC': tabela não convergiu para 1 resultado novo (contagem no timeout: 10) — pulando
2026-08-03 16:58:22,942 - WARNING -   ⚠ shortHash 'P-4R8NIZC37Y': tabela não convergiu para 1 resultado novo (contagem no timeout: 10) — pulando
2026-08-03 16:58:26,376 - INFO -   ➕ Produto adicionado: P-D9NT6HJQI3 (total 14 → 15)
2026-08-03 16:58:29,691 - INFO -   ➕ Produto adicionado: P-AQ9TL0PAST (total 15 → 16)
2026-08-03 16:58:33,143 - INFO -   ➕ Produto adicionado: P-D8Y64DA4OI (total 16 → 17)
2026-08-03 16:58:36,512 - INFO -   ➕ Produto adicionado: P-4A5WPZG0IM (total 17 → 18)
2026-08-03 16:58:39,868 - INFO -   ➕ Produto adicionado: P-CU9YWNG8W5 (total 18 → 19)
2026-08-03 16:58:43,463 - INFO -   ➕ Produto adicionado: P-6MNCJP0RRC (total 19 → 20)
2026-08-03 16:58:54,493 - WARNING -   ⚠ shortHash 'P-3ESUSZ9MY8': tabela não convergiu para 1 resultado novo (contagem no timeout: 10) — pulando
2026-08-03 16:59:05,515 - WARNING -   ⚠ shortHash 'P-BCJ67V3E0D': tabela não convergiu para 1 resultado novo (contagem no timeout: 10) — pulando
2026-08-03 16:59:16,535 - WARNING -   ⚠ shortHash 'P-2N4HU7U06U': tabela não convergiu para 1 resultado novo (contagem no timeout: 10) — pulando
2026-08-03 16:59:27,592 - WARNING -   ⚠ shortHash 'P-C98ZO4039M': tabela não convergiu para 1 resultado novo (contagem no timeout: 10) — pulando
2026-08-03 16:59:31,012 - INFO -   ➕ Produto adicionado: P-DNRVLJ5BQE (total 20 → 21)
2026-08-03 16:59:34,307 - INFO -   ➕ Produto adicionado: P-4VQ0IH85ZO (total 21 → 22)
2026-08-03 16:59:37,714 - INFO -   ➕ Produto adicionado: P-378ERPQPJF (total 22 → 23)
2026-08-03 16:59:41,152 - INFO -   ➕ Produto adicionado: P-5U0DRTUOSP (total 23 → 24)
2026-08-03 16:59:52,156 - WARNING -   ⚠ shortHash 'P-51WLS4JCLC': tabela não convergiu para 1 resultado novo (contagem no timeout: 10) — pulando
2026-08-03 17:00:03,152 - WARNING -   ⚠ shortHash 'P-2AI0H2XB2Y': tabela não convergiu para 1 resultado novo (contagem no timeout: 10) — pulando
2026-08-03 17:00:14,162 - WARNING -   ⚠ shortHash 'P-91CWHMITO8': tabela não convergiu para 1 resultado novo (contagem no timeout: 10) — pulando
2026-08-03 17:00:17,586 - INFO -   ➕ Produto adicionado: P-CGMX1C5ROG (total 24 → 25)
2026-08-03 17:00:20,876 - INFO -   ➕ Produto adicionado: P-8Z643RVTV8 (total 25 → 26)
2026-08-03 17:00:24,275 - INFO -   ➕ Produto adicionado: P-1LG2VKH3SG (total 26 → 27)
2026-08-03 17:00:28,026 - INFO -   ➕ Produto adicionado: P-1SAXZMCYI4 (total 27 → 28)
2026-08-03 17:00:39,007 - WARNING -   ⚠ shortHash 'P-BQDCTFA35Z': tabela não convergiu para 1 resultado novo (contagem no timeout: 10) — pulando
2026-08-03 17:00:50,056 - WARNING -   ⚠ shortHash 'P-DAV8NOVD5T': tabela não convergiu para 1 resultado novo (contagem no timeout: 10) — pulando
2026-08-03 17:00:53,997 - INFO -   ➕ Produto adicionado: P-CWPJA2ERYG (total 28 → 29)
2026-08-03 17:00:57,342 - INFO -   ➕ Produto adicionado: P-C5UTI8A5TV (total 29 → 30)
2026-08-03 17:01:08,328 - WARNING -   ⚠ shortHash 'P-77YTW5D3BX': tabela não convergiu para 1 resultado novo (contagem no timeout: 10) — pulando
2026-08-03 17:01:19,373 - WARNING -   ⚠ shortHash 'P-41G45J22NZ': tabela não convergiu para 1 resultado novo (contagem no timeout: 10) — pulando
2026-08-03 17:01:30,410 - WARNING -   ⚠ shortHash 'P-617A8E9VKU': tabela não convergiu para 1 resultado novo (contagem no timeout: 10) — pulando
2026-08-03 17:01:41,403 - WARNING -   ⚠ shortHash 'P-FEP6S55626': tabela não convergiu para 1 resultado novo (contagem no timeout: 10) — pulando
2026-08-03 17:01:52,436 - WARNING -   ⚠ shortHash 'P-6BU1G6ZRUP': tabela não convergiu para 1 resultado novo (contagem no timeout: 10) — pulando
2026-08-03 17:02:03,404 - WARNING -   ⚠ shortHash 'P-ETRCVJAEQF': tabela não convergiu para 1 resultado novo (contagem no timeout: 10) — pulando
2026-08-03 17:02:14,504 - WARNING -   ⚠ shortHash 'P-C3K179DA99': tabela não convergiu para 1 resultado novo (contagem no timeout: 10) — pulando
2026-08-03 17:02:25,568 - WARNING -   ⚠ shortHash 'P-F6W74FCI3W': tabela não convergiu para 1 resultado novo (contagem no timeout: 10) — pulando
2026-08-03 17:02:36,507 - WARNING -   ⚠ shortHash 'P-ESWFJB375U': tabela não convergiu para 1 resultado novo (contagem no timeout: 10) — pulando
2026-08-03 17:12:39,434 - INFO - ============================================================
2026-08-03 17:12:39,435 - INFO - INICIANDO ROBÔ DE GERENCIAMENTO DE COLEÇÕES - SPORTBAY
2026-08-03 17:12:39,435 - INFO - ============================================================
2026-08-03 17:12:39,436 - INFO - Lendo planilha: c:\Users\Protork\Desktop\Analise de preços site\Resultado_Menor_Preco_Sportbay.xlsx
2026-08-03 17:12:39,794 - INFO - Coleção alvo: 'Promoções do Dia'
2026-08-03 17:12:39,794 - INFO - Total de shortHashes a adicionar: 39
2026-08-03 17:12:39,798 - INFO - ====== WebDriver manager ======
2026-08-03 17:12:40,369 - INFO - Driver [C:\Users\Protork\.wdm\drivers\chromedriver\win64\150.0.7871.124\chromedriver-win64/chromedriver.exe] found in cache by browser version
2026-08-03 17:12:41,287 - INFO - Acessando página de login...
2026-08-03 17:12:44,958 - INFO - ✓ Login realizado com sucesso
2026-08-03 17:12:44,959 - INFO - Navegando direto para: https://www.marketplace.sportbay.com.br/dashboard/categories
2026-08-03 17:12:46,356 - INFO - ✓ Página de lista de categorias/coleções carregada
2026-08-03 17:12:46,361 - INFO - Procurando coleção: 'Promoções do Dia'
2026-08-03 17:12:50,616 - INFO - ✓ Coleção aberta para edição
2026-08-03 17:12:50,617 - INFO - Removendo produtos atuais da coleção...
2026-08-03 17:12:52,599 - INFO -   ➖ Produto removido (total até agora: 1)
2026-08-03 17:12:53,442 - INFO -   ➖ Produto removido (total até agora: 2)
2026-08-03 17:12:54,311 - INFO -   ➖ Produto removido (total até agora: 3)
2026-08-03 17:12:54,955 - INFO -   ➖ Produto removido (total até agora: 4)
2026-08-03 17:12:56,629 - INFO -   ➖ Produto removido (total até agora: 5)
2026-08-03 17:12:57,306 - INFO -   ➖ Produto removido (total até agora: 6)
2026-08-03 17:12:58,032 - INFO -   ➖ Produto removido (total até agora: 7)
2026-08-03 17:12:58,733 - INFO -   ➖ Produto removido (total até agora: 8)
2026-08-03 17:13:00,334 - INFO -   ➖ Produto removido (total até agora: 9)
2026-08-03 17:13:01,009 - INFO -   ➖ Produto removido (total até agora: 10)
2026-08-03 17:13:01,618 - INFO -   ➖ Produto removido (total até agora: 11)
2026-08-03 17:13:02,738 - INFO -   ➖ Produto removido (total até agora: 12)
2026-08-03 17:13:03,914 - INFO -   ➖ Produto removido (total até agora: 13)
2026-08-03 17:13:04,584 - INFO -   ➖ Produto removido (total até agora: 14)
2026-08-03 17:13:05,218 - INFO -   ➖ Produto removido (total até agora: 15)
2026-08-03 17:13:06,372 - INFO -   ➖ Produto removido (total até agora: 16)
2026-08-03 17:13:07,473 - INFO -   ➖ Produto removido (total até agora: 17)
2026-08-03 17:13:08,616 - INFO -   ➖ Produto removido (total até agora: 18)
2026-08-03 17:13:09,275 - INFO -   ➖ Produto removido (total até agora: 19)
2026-08-03 17:13:09,903 - INFO -   ➖ Produto removido (total até agora: 20)
2026-08-03 17:13:11,037 - INFO -   ➖ Produto removido (total até agora: 21)
2026-08-03 17:13:11,695 - INFO -   ➖ Produto removido (total até agora: 22)
2026-08-03 17:13:12,366 - INFO -   ➖ Produto removido (total até agora: 23)
2026-08-03 17:13:13,034 - INFO -   ➖ Produto removido (total até agora: 24)
2026-08-03 17:13:14,200 - INFO -   ➖ Produto removido (total até agora: 25)
2026-08-03 17:13:15,495 - INFO -   ➖ Produto removido (total até agora: 26)
2026-08-03 17:13:16,200 - INFO -   ➖ Produto removido (total até agora: 27)
2026-08-03 17:13:16,903 - INFO -   ➖ Produto removido (total até agora: 28)
2026-08-03 17:13:17,591 - INFO -   ➖ Produto removido (total até agora: 29)
2026-08-03 17:13:18,277 - INFO -   ➖ Produto removido (total até agora: 30)
2026-08-03 17:13:29,558 - INFO - ✓ Remoção concluída — 30 produto(s) removido(s)
2026-08-03 17:13:29,558 - INFO - Removendo filtro de Merchant 'Sportbay'...
2026-08-03 17:13:30,049 - INFO - ✓ Filtro de Merchant removido e confirmado (tag não existe mais no DOM)
2026-08-03 17:13:30,050 - INFO - Adicionando 39 produto(s) por shortHash...
2026-08-03 17:13:30,150 - INFO -   Total de produtos na coleção antes de adicionar: 0
2026-08-03 17:13:32,927 - INFO -   ➕ Produto adicionado: P-36ICMN7CJ5 (total 0 → 1)
2026-08-03 17:13:36,580 - INFO -   ➕ Produto adicionado: P-ACDABSYT6Q (total 1 → 2)
2026-08-03 17:13:47,712 - WARNING -   ⚠ shortHash 'P-2BBKLOH3WL': tabela não convergiu para 1 resultado novo (contagem no timeout: 10) — pesquisando novamente...
2026-08-03 17:13:50,505 - INFO -   ➕ Produto adicionado: P-2BBKLOH3WL (total 2 → 3)
2026-08-03 17:13:54,081 - INFO -   ➕ Produto adicionado: P-59BKMISOK6 (total 3 → 4)
2026-08-03 17:13:57,698 - INFO -   ➕ Produto adicionado: P-43E67HI2WZ (total 4 → 5)
2026-08-03 17:14:01,259 - INFO -   ➕ Produto adicionado: P-1NZRGAPH6Z (total 5 → 6)
2026-08-03 17:14:04,951 - INFO -   ➕ Produto adicionado: P-BW76ODGUI4 (total 6 → 7)
2026-08-03 17:14:16,116 - WARNING -   ⚠ shortHash 'P-DIG41DR2RE': tabela não convergiu para 1 resultado novo (contagem no timeout: 10) — pesquisando novamente...
2026-08-03 17:14:18,904 - INFO -   ➕ Produto adicionado: P-DIG41DR2RE (total 7 → 8)
2026-08-03 17:14:22,408 - INFO -   ➕ Produto adicionado: P-95J6T27J4N (total 8 → 9)
2026-08-03 17:14:25,868 - INFO -   ➕ Produto adicionado: P-8A8B38UCIF (total 9 → 10)
2026-08-03 17:14:29,439 - INFO -   ➕ Produto adicionado: P-6KDGUKC9UP (total 10 → 11)
2026-08-03 17:14:33,103 - INFO -   ➕ Produto adicionado: P-4KNMN80XFX (total 11 → 12)
2026-08-03 17:14:44,115 - WARNING -   ⚠ shortHash 'P-CLHVJCSSLT': tabela não convergiu para 1 resultado novo (contagem no timeout: 10) — pesquisando novamente...
2026-08-03 17:14:46,881 - INFO -   ➕ Produto adicionado: P-CLHVJCSSLT (total 12 → 13)
2026-08-03 17:14:58,092 - WARNING -   ⚠ shortHash 'P-2RTJESJ2YW': tabela não convergiu para 1 resultado novo (contagem no timeout: 10) — pesquisando novamente...
2026-08-03 17:15:00,848 - INFO -   ➕ Produto adicionado: P-2RTJESJ2YW (total 13 → 14)
2026-08-03 17:15:04,473 - INFO -   ➕ Produto adicionado: P-1UM3FJCURS (total 14 → 15)
2026-08-03 17:15:08,544 - INFO -   ➕ Produto adicionado: P-7VX1YBXR1K (total 15 → 16)
2026-08-03 17:15:19,671 - WARNING -   ⚠ shortHash 'P-3XOB2US7F6': tabela não convergiu para 1 resultado novo (contagem no timeout: 10) — pesquisando novamente...
2026-08-03 17:15:22,522 - INFO -   ➕ Produto adicionado: P-3XOB2US7F6 (total 16 → 17)
2026-08-03 17:15:26,058 - INFO -   ➕ Produto adicionado: P-BD24L1OPW2 (total 17 → 18)
2026-08-03 17:15:29,664 - INFO -   ➕ Produto adicionado: P-EY5WACLXCZ (total 18 → 19)
2026-08-03 17:15:40,804 - WARNING -   ⚠ shortHash 'P-1RT2I40KDS': tabela não convergiu para 1 resultado novo (contagem no timeout: 10) — pesquisando novamente...
2026-08-03 17:15:43,685 - INFO -   ➕ Produto adicionado: P-1RT2I40KDS (total 19 → 20)
2026-08-03 17:15:47,198 - INFO -   ➕ Produto adicionado: P-7EYGRLTTB7 (total 20 → 21)
2026-08-03 17:15:50,734 - INFO -   ➕ Produto adicionado: P-792JS5YKSQ (total 21 → 22)
2026-08-03 17:15:54,691 - INFO -   ➕ Produto adicionado: P-4HR0HK6O8G (total 22 → 23)
2026-08-03 17:15:58,197 - INFO -   ➕ Produto adicionado: P-18TQPXEOYC (total 23 → 24)
2026-08-03 17:16:01,713 - INFO -   ➕ Produto adicionado: P-4R8NIZC37Y (total 24 → 25)
2026-08-03 17:16:05,217 - INFO -   ➕ Produto adicionado: P-D9NT6HJQI3 (total 25 → 26)
2026-08-03 17:16:08,850 - INFO -   ➕ Produto adicionado: P-AQ9TL0PAST (total 26 → 27)
2026-08-03 17:16:12,403 - INFO -   ➕ Produto adicionado: P-D8Y64DA4OI (total 27 → 28)
2026-08-03 17:16:16,244 - INFO -   ➕ Produto adicionado: P-4A5WPZG0IM (total 28 → 29)
2026-08-03 17:16:19,899 - INFO -   ➕ Produto adicionado: P-CU9YWNG8W5 (total 29 → 30)
2026-08-03 17:16:23,398 - INFO -   ➕ Produto adicionado: P-6MNCJP0RRC (total 30 → 31)
2026-08-03 17:16:26,946 - INFO -   ➕ Produto adicionado: P-3ESUSZ9MY8 (total 31 → 32)
2026-08-03 17:16:30,608 - INFO -   ➕ Produto adicionado: P-BCJ67V3E0D (total 32 → 33)
2026-08-03 17:16:34,113 - INFO -   ➕ Produto adicionado: P-2N4HU7U06U (total 33 → 34)
2026-08-03 17:16:45,319 - WARNING -   ⚠ shortHash 'P-C98ZO4039M': tabela não convergiu para 1 resultado novo (contagem no timeout: 10) — pesquisando novamente...
2026-08-03 17:16:48,129 - INFO -   ➕ Produto adicionado: P-C98ZO4039M (total 34 → 35)
2026-08-03 17:16:51,860 - INFO -   ➕ Produto adicionado: P-DNRVLJ5BQE (total 35 → 36)
2026-08-03 17:16:55,422 - INFO -   ➕ Produto adicionado: P-4VQ0IH85ZO (total 36 → 37)
2026-08-03 17:16:58,961 - INFO -   ➕ Produto adicionado: P-378ERPQPJF (total 37 → 38)
2026-08-03 17:17:02,402 - INFO -   ➕ Produto adicionado: P-5U0DRTUOSP (total 38 → 39)
2026-08-03 17:17:03,156 - INFO - ✓ Adição concluída — 39 adicionado(s), 0 não encontrado(s), 0 sem efeito
2026-08-03 17:17:03,157 - INFO - Salvando alterações...
2026-08-03 17:17:03,731 - INFO - ✓ Alterações salvas com sucesso
2026-08-03 17:17:03,731 - INFO - Conferindo resultado final da coleção...
2026-08-03 17:17:09,259 - ERROR -   ✗ DIVERGÊNCIA FINAL — esperado: 39 | encontrado na coleção: 0 | diferença: 39
2026-08-03 17:17:11,368 - INFO - ============================================================
2026-08-03 17:17:11,368 - INFO - ✓ FLUXO CONCLUÍDO
2026-08-03 17:17:11,369 - INFO - ============================================================
2026-08-03 17:17:13,849 - INFO - Chrome fechado
2026-08-04 09:15:31,403 - INFO - ============================================================
2026-08-04 09:15:31,405 - INFO - INICIANDO ROBÔ DE GERENCIAMENTO DE COLEÇÕES - SPORTBAY
2026-08-04 09:15:31,405 - INFO - ============================================================
2026-08-04 09:15:31,405 - INFO - Lendo planilha: c:\Users\Protork\Desktop\Analise de preços site\Resultado_Menor_Preco_Sportbay.xlsx
2026-08-04 09:15:31,729 - INFO - Coleção alvo: 'Carenagem para Twister'
2026-08-04 09:15:31,730 - INFO - Total de shortHashes a adicionar: 14
2026-08-04 09:15:31,735 - INFO - ====== WebDriver manager ======
2026-08-04 09:15:32,290 - INFO - Driver [C:\Users\Protork\.wdm\drivers\chromedriver\win64\150.0.7871.124\chromedriver-win64/chromedriver.exe] found in cache by browser version
2026-08-04 09:15:32,992 - INFO - Acessando página de login...
2026-08-04 09:15:36,724 - INFO - ✓ Login realizado com sucesso
2026-08-04 09:15:36,725 - INFO - Navegando direto para: https://www.marketplace.sportbay.com.br/dashboard/categories
2026-08-04 09:15:38,019 - INFO - ✓ Página de lista de categorias/coleções carregada
2026-08-04 09:15:38,024 - INFO - Procurando coleção: 'Carenagem para Twister'
2026-08-04 09:15:42,305 - INFO - ✓ Coleção aberta para edição
2026-08-04 09:15:42,305 - INFO - Removendo produtos atuais da coleção...
2026-08-04 09:15:54,116 - INFO - ✓ Remoção concluída — 0 produto(s) removido(s)
2026-08-04 09:15:54,116 - INFO - Removendo filtro de Merchant 'Sportbay'...
2026-08-04 09:15:54,611 - INFO - ✓ Filtro de Merchant removido e confirmado (tag não existe mais no DOM)
2026-08-04 09:15:54,615 - INFO - Adicionando 14 produto(s) por shortHash...
2026-08-04 09:15:54,712 - INFO -   Total de produtos na coleção antes de adicionar: 0
2026-08-04 09:15:57,455 - INFO -   ➕ Produto adicionado: P-7AR7V7SU2J (total 0 → 1)
2026-08-04 09:16:01,050 - INFO -   ➕ Produto adicionado: P-3R73NMWGBP (total 1 → 2)
2026-08-04 09:16:12,168 - WARNING -   ⚠ shortHash 'P-7I8EO2SI4G': tabela não convergiu para 1 resultado novo (contagem no timeout: 10) — pesquisando novamente...
2026-08-04 09:16:14,844 - INFO -   ➕ Produto adicionado: P-7I8EO2SI4G (total 2 → 3)
2026-08-04 09:16:18,443 - INFO -   ➕ Produto adicionado: P-E6E1TAPNQ7 (total 3 → 4)
2026-08-04 09:16:21,889 - INFO -   ➕ Produto adicionado: P-7CD7219SDV (total 4 → 5)
2026-08-04 09:16:32,951 - WARNING -   ⚠ shortHash 'P-9MQBILPZFE': tabela não convergiu para 1 resultado novo (contagem no timeout: 10) — pesquisando novamente...
2026-08-04 09:16:35,772 - INFO -   ➕ Produto adicionado: P-9MQBILPZFE (total 5 → 6)
2026-08-04 09:16:38,908 - INFO -   ➕ Produto adicionado: P-4BK7YC4Z0Y (total 6 → 7)
2026-08-04 09:16:42,357 - INFO -   ➕ Produto adicionado: P-4YABFQRV02 (total 7 → 8)
2026-08-04 09:16:45,910 - INFO -   ➕ Produto adicionado: P-1M2VV81E2S (total 8 → 9)
2026-08-04 09:16:49,293 - INFO -   ➕ Produto adicionado: P-DYUQE3HDZ6 (total 9 → 10)
2026-08-04 09:16:52,914 - INFO -   ➕ Produto adicionado: P-FRX6EMU30H (total 10 → 11)
2026-08-04 09:16:56,287 - INFO -   ➕ Produto adicionado: P-9L776KJ7GB (total 11 → 12)
2026-08-04 09:16:59,724 - INFO -   ➕ Produto adicionado: P-6PY57S98HT (total 12 → 13)
2026-08-04 09:17:03,196 - INFO -   ➕ Produto adicionado: P-CMG4PFJBVO (total 13 → 14)
2026-08-04 09:17:04,094 - INFO - ✓ Adição concluída — 14 adicionado(s), 0 não encontrado(s), 0 sem efeito
2026-08-04 09:17:04,094 - INFO - Salvando alterações...
2026-08-04 09:17:04,565 - INFO - ✓ Alterações salvas com sucesso
2026-08-04 09:17:04,565 - INFO - Conferindo resultado final da coleção...
2026-08-04 09:17:07,085 - INFO -   ✓ Contagem final confere: 14 produto(s) na coleção
2026-08-04 09:17:07,085 - INFO - ============================================================
2026-08-04 09:17:07,086 - INFO - ✓ FLUXO CONCLUÍDO
2026-08-04 09:17:07,086 - INFO - ============================================================
2026-08-04 09:17:09,556 - INFO - Chrome fechado
2026-08-04 11:09:01,435 - INFO - ============================================================
2026-08-04 11:09:01,436 - INFO - INICIANDO ROBÔ DE GERENCIAMENTO DE COLEÇÕES - SPORTBAY
2026-08-04 11:09:01,436 - INFO - ============================================================
2026-08-04 11:09:01,436 - INFO - Lendo planilha: c:\Users\Protork\Desktop\Analise de preços site\Resultado_Menor_Preco_Sportbay.xlsx
2026-08-04 11:09:01,753 - INFO - Coleção alvo: 'Capacetes Mais Vendidos'
2026-08-04 11:09:01,754 - INFO - Total de shortHashes a adicionar: 11
2026-08-04 11:09:01,761 - INFO - ====== WebDriver manager ======
2026-08-04 11:09:02,370 - INFO - Driver [C:\Users\Protork\.wdm\drivers\chromedriver\win64\150.0.7871.124\chromedriver-win64/chromedriver.exe] found in cache by browser version
2026-08-04 11:09:03,196 - INFO - Acessando página de login...
2026-08-04 11:09:06,923 - INFO - ✓ Login realizado com sucesso
2026-08-04 11:09:06,923 - INFO - Navegando direto para: https://www.marketplace.sportbay.com.br/dashboard/categories
2026-08-04 11:09:08,264 - INFO - ✓ Página de lista de categorias/coleções carregada
2026-08-04 11:09:08,270 - INFO - Procurando coleção: 'Capacetes Mais Vendidos'
2026-08-04 11:09:12,235 - INFO - ✓ Coleção aberta para edição
2026-08-04 11:09:12,236 - INFO - Removendo produtos atuais da coleção...
2026-08-04 11:09:13,973 - INFO -   ➖ Produto removido (total até agora: 1)
2026-08-04 11:09:14,629 - INFO -   ➖ Produto removido (total até agora: 2)
2026-08-04 11:09:15,744 - INFO -   ➖ Produto removido (total até agora: 3)
2026-08-04 11:09:16,889 - INFO -   ➖ Produto removido (total até agora: 4)
2026-08-04 11:09:18,018 - INFO -   ➖ Produto removido (total até agora: 5)
2026-08-04 11:09:19,122 - INFO -   ➖ Produto removido (total até agora: 6)
2026-08-04 11:09:20,275 - INFO -   ➖ Produto removido (total até agora: 7)
2026-08-04 11:09:21,400 - INFO -   ➖ Produto removido (total até agora: 8)
2026-08-04 11:09:22,569 - INFO -   ➖ Produto removido (total até agora: 9)
2026-08-04 11:09:23,773 - INFO -   ➖ Produto removido (total até agora: 10)
2026-08-04 11:09:24,870 - INFO -   ➖ Produto removido (total até agora: 11)
2026-08-04 11:09:26,044 - INFO -   ➖ Produto removido (total até agora: 12)
2026-08-04 11:09:26,644 - INFO -   ➖ Produto removido (total até agora: 13)
2026-08-04 11:09:38,019 - INFO - ✓ Remoção concluída — 13 produto(s) removido(s)
2026-08-04 11:09:38,019 - INFO - Removendo filtro de Merchant 'Sportbay'...
2026-08-04 11:09:38,669 - INFO - ✓ Filtro de Merchant removido e confirmado (tag não existe mais no DOM)
2026-08-04 11:09:38,669 - INFO - Adicionando 11 produto(s) por shortHash...
2026-08-04 11:09:38,686 - INFO -   Total de produtos na coleção antes de adicionar: 0
2026-08-04 11:09:41,615 - INFO -   ➕ Produto adicionado: P-2BBKLOH3WL (total 0 → 1)
2026-08-04 11:09:52,731 - WARNING -   ⚠ shortHash 'P-36ICMN7CJ5': tabela não convergiu para 1 resultado novo (contagem no timeout: 10) — pesquisando novamente...
2026-08-04 11:09:55,478 - INFO -   ➕ Produto adicionado: P-36ICMN7CJ5 (total 1 → 2)
2026-08-04 11:09:59,070 - INFO -   ➕ Produto adicionado: P-ACDABSYT6Q (total 2 → 3)
2026-08-04 11:10:02,641 - INFO -   ➕ Produto adicionado: P-59BKMISOK6 (total 3 → 4)
2026-08-04 11:10:06,284 - INFO -   ➕ Produto adicionado: P-4B5YTT09OV (total 4 → 5)
2026-08-04 11:10:09,773 - INFO -   ➕ Produto adicionado: P-428Z86YFK5 (total 5 → 6)
2026-08-04 11:10:13,471 - INFO -   ➕ Produto adicionado: P-5OHAUAQSN4 (total 6 → 7)
2026-08-04 11:10:17,093 - INFO -   ➕ Produto adicionado: P-D35IERIY3R (total 7 → 8)
2026-08-04 11:10:28,012 - WARNING -   ⚠ shortHash 'P-28JK3COFFP': tabela não convergiu para 1 resultado novo (contagem no timeout: 10) — pesquisando novamente...
2026-08-04 11:10:30,790 - INFO -   ➕ Produto adicionado: P-28JK3COFFP (total 8 → 9)
2026-08-04 11:10:34,734 - INFO -   ➕ Produto adicionado: P-F4AXIG0GOS (total 9 → 10)
2026-08-04 11:10:38,367 - INFO -   ➕ Produto adicionado: P-47Q47OEZBY (total 10 → 11)
2026-08-04 11:10:39,093 - INFO - ✓ Adição concluída — 11 adicionado(s), 0 não encontrado(s), 0 sem efeito
2026-08-04 11:10:39,093 - INFO - Salvando alterações...
2026-08-04 11:10:39,559 - INFO - ✓ Alterações salvas com sucesso
2026-08-04 11:10:39,559 - INFO - Conferindo resultado final da coleção...
2026-08-04 11:10:44,217 - ERROR -   ✗ DIVERGÊNCIA FINAL — esperado: 11 | encontrado na coleção: 0 | diferença: 11
2026-08-04 11:10:46,314 - INFO - ============================================================
2026-08-04 11:10:46,314 - INFO - ✓ FLUXO CONCLUÍDO
2026-08-04 11:10:46,314 - INFO - ============================================================
2026-08-04 11:10:48,619 - INFO - Chrome fechado
2026-08-04 11:23:36,309 - INFO - ============================================================
2026-08-04 11:23:36,309 - INFO - INICIANDO ROBÔ DE GERENCIAMENTO DE COLEÇÕES - SPORTBAY
2026-08-04 11:23:36,309 - INFO - ============================================================
2026-08-04 11:23:36,309 - INFO - Lendo planilha: c:\Users\Protork\Desktop\Analise de preços site\Resultado_Menor_Preco_Sportbay.xlsx
2026-08-04 11:23:36,577 - INFO - Coleção alvo: 'Ofertas de Capacetes'
2026-08-04 11:23:36,577 - INFO - Total de shortHashes a adicionar: 29
2026-08-04 11:23:36,582 - INFO - ====== WebDriver manager ======
2026-08-04 11:23:37,296 - INFO - Driver [C:\Users\Protork\.wdm\drivers\chromedriver\win64\150.0.7871.124\chromedriver-win64/chromedriver.exe] found in cache by browser version
2026-08-04 11:23:38,761 - INFO - Acessando página de login...
2026-08-04 11:23:43,208 - INFO - ✓ Login realizado com sucesso
2026-08-04 11:23:43,209 - INFO - Navegando direto para: https://www.marketplace.sportbay.com.br/dashboard/categories
2026-08-04 11:23:44,638 - INFO - ✓ Página de lista de categorias/coleções carregada
2026-08-04 11:23:44,638 - INFO - Procurando coleção: 'Ofertas de Capacetes'
2026-08-04 11:23:49,675 - INFO - ✓ Coleção aberta para edição
2026-08-04 11:23:49,675 - INFO - Removendo produtos atuais da coleção...
2026-08-04 11:23:52,150 - INFO -   ➖ Produto removido (total até agora: 1)
2026-08-04 11:23:52,931 - INFO -   ➖ Produto removido (total até agora: 2)
2026-08-04 11:23:54,140 - INFO -   ➖ Produto removido (total até agora: 3)
2026-08-04 11:23:54,900 - INFO -   ➖ Produto removido (total até agora: 4)
2026-08-04 11:23:56,544 - INFO -   ➖ Produto removido (total até agora: 5)
2026-08-04 11:23:57,167 - INFO -   ➖ Produto removido (total até agora: 6)
2026-08-04 11:23:58,278 - INFO -   ➖ Produto removido (total até agora: 7)
2026-08-04 11:23:59,374 - INFO -   ➖ Produto removido (total até agora: 8)
2026-08-04 11:24:00,518 - INFO -   ➖ Produto removido (total até agora: 9)
2026-08-04 11:24:01,637 - INFO -   ➖ Produto removido (total até agora: 10)
2026-08-04 11:24:02,767 - INFO -   ➖ Produto removido (total até agora: 11)
2026-08-04 11:24:03,914 - INFO -   ➖ Produto removido (total até agora: 12)
2026-08-04 11:24:15,169 - INFO - ✓ Remoção concluída — 12 produto(s) removido(s)
2026-08-04 11:24:15,170 - INFO - Removendo filtro de Merchant 'Sportbay'...
2026-08-04 11:24:15,799 - INFO - ✓ Filtro de Merchant removido e confirmado (tag não existe mais no DOM)
2026-08-04 11:24:15,799 - INFO - Adicionando 29 produto(s) por shortHash...
2026-08-04 11:24:15,820 - INFO -   Total de produtos na coleção antes de adicionar: 0
2026-08-04 11:24:18,698 - INFO -   ➕ Produto adicionado: P-F0PFGJKLB1 (total 0 → 1)
2026-08-04 11:24:22,215 - INFO -   ➕ Produto adicionado: P-808ACCI9K2 (total 1 → 2)
2026-08-04 11:24:25,639 - INFO -   ➕ Produto adicionado: P-43E67HI2WZ (total 2 → 3)
2026-08-04 11:24:29,111 - INFO -   ➕ Produto adicionado: P-1NZRGAPH6Z (total 3 → 4)
2026-08-04 11:24:32,576 - INFO -   ➕ Produto adicionado: P-5PCOD7F000 (total 4 → 5)
2026-08-04 11:24:36,074 - INFO -   ➕ Produto adicionado: P-2LBCRXLQHV (total 5 → 6)
2026-08-04 11:24:40,647 - INFO -   ➕ Produto adicionado: P-C6V6YBHBBJ (total 6 → 7)
2026-08-04 11:24:44,182 - INFO -   ➕ Produto adicionado: P-C4Y876UI8V (total 7 → 8)
2026-08-04 11:24:47,688 - INFO -   ➕ Produto adicionado: P-C0UT3KI7XK (total 8 → 9)
2026-08-04 11:24:51,121 - INFO -   ➕ Produto adicionado: P-4KNMN80XFX (total 9 → 10)
2026-08-04 11:25:02,173 - WARNING -   ⚠ shortHash 'P-2WKIPYGN9H': tabela não convergiu para 1 resultado novo (contagem no timeout: 10) — pesquisando novamente...
2026-08-04 11:25:05,021 - INFO -   ➕ Produto adicionado: P-2WKIPYGN9H (total 10 → 11)
2026-08-04 11:25:16,174 - WARNING -   ⚠ shortHash 'P-T0VRPECIR2': tabela não convergiu para 1 resultado novo (contagem no timeout: 10) — pesquisando novamente...
2026-08-04 11:25:18,956 - INFO -   ➕ Produto adicionado: P-T0VRPECIR2 (total 11 → 12)
2026-08-04 11:25:22,798 - INFO -   ➕ Produto adicionado: P-90JYDV9O4E (total 12 → 13)
2026-08-04 11:25:26,267 - INFO -   ➕ Produto adicionado: P-2PQCJLGFB8 (total 13 → 14)
2026-08-04 11:25:37,258 - WARNING -   ⚠ shortHash 'P-1RT2I40KDS': tabela não convergiu para 1 resultado novo (contagem no timeout: 10) — pesquisando novamente...
2026-08-04 11:25:40,102 - INFO -   ➕ Produto adicionado: P-1RT2I40KDS (total 14 → 15)
2026-08-04 11:25:51,102 - WARNING -   ⚠ shortHash 'P-9HDNHT0DJT': tabela não convergiu para 1 resultado novo (contagem no timeout: 10) — pesquisando novamente...
2026-08-04 11:25:53,830 - INFO -   ➕ Produto adicionado: P-9HDNHT0DJT (total 15 → 16)
2026-08-04 11:26:04,855 - WARNING -   ⚠ shortHash 'P-4OUQBORH23': tabela não convergiu para 1 resultado novo (contagem no timeout: 10) — pesquisando novamente...
2026-08-04 11:26:07,623 - INFO -   ➕ Produto adicionado: P-4OUQBORH23 (total 16 → 17)
2026-08-04 11:26:11,186 - INFO -   ➕ Produto adicionado: P-1244E555DP (total 17 → 18)
2026-08-04 11:26:14,615 - INFO -   ➕ Produto adicionado: P-3TZ30K4XK9 (total 18 → 19)
2026-08-04 11:26:25,724 - WARNING -   ⚠ shortHash 'P-4QV5PYUOWF': tabela não convergiu para 1 resultado novo (contagem no timeout: 10) — pesquisando novamente...
2026-08-04 11:26:28,448 - INFO -   ➕ Produto adicionado: P-4QV5PYUOWF (total 19 → 20)
2026-08-04 11:26:32,110 - INFO -   ➕ Produto adicionado: P-3BFQSZZ0CL (total 20 → 21)
2026-08-04 11:26:35,621 - INFO -   ➕ Produto adicionado: P-ARZ1I0YYXF (total 21 → 22)
2026-08-04 11:26:46,747 - WARNING -   ⚠ shortHash 'P-2P5QQZLFED': tabela não convergiu para 1 resultado novo (contagem no timeout: 10) — pesquisando novamente...
2026-08-04 11:26:49,528 - INFO -   ➕ Produto adicionado: P-2P5QQZLFED (total 22 → 23)
2026-08-04 11:26:53,198 - INFO -   ➕ Produto adicionado: P-9W6WJ9O9VP (total 23 → 24)
2026-08-04 11:26:56,876 - INFO -   ➕ Produto adicionado: P-4AA0F1QYO6 (total 24 → 25)
2026-08-04 11:27:00,631 - INFO -   ➕ Produto adicionado: P-961V0I49CG (total 25 → 26)
2026-08-04 11:27:04,234 - INFO -   ➕ Produto adicionado: P-8NNZ7H701U (total 26 → 27)
2026-08-04 11:27:15,326 - WARNING -   ⚠ shortHash 'P-BPY8KKDDJC': tabela não convergiu para 1 resultado novo (contagem no timeout: 10) — pesquisando novamente...
2026-08-04 11:27:17,994 - INFO -   ➕ Produto adicionado: P-BPY8KKDDJC (total 27 → 28)
2026-08-04 11:27:29,241 - WARNING -   ⚠ shortHash 'P-3O2FUDO5N2': tabela não convergiu para 1 resultado novo (contagem no timeout: 10) — pesquisando novamente...
2026-08-04 11:27:32,012 - INFO -   ➕ Produto adicionado: P-3O2FUDO5N2 (total 28 → 29)
2026-08-04 11:27:32,805 - INFO - ✓ Adição concluída — 29 adicionado(s), 0 não encontrado(s), 0 sem efeito
2026-08-04 11:27:32,805 - INFO - Salvando alterações...
2026-08-04 11:27:33,282 - INFO - ✓ Alterações salvas com sucesso
2026-08-04 11:27:33,283 - INFO - Conferindo resultado final da coleção...
2026-08-04 11:27:35,997 - INFO -   ✓ Contagem final confere: 29 produto(s) na coleção
2026-08-04 11:27:35,997 - INFO - ============================================================
2026-08-04 11:27:35,997 - INFO - ✓ FLUXO CONCLUÍDO
2026-08-04 11:27:35,997 - INFO - ============================================================
2026-08-04 11:27:38,388 - INFO - Chrome fechado
2026-08-04 11:29:02,680 - INFO - ============================================================
2026-08-04 11:29:02,680 - INFO - INICIANDO ROBÔ DE GERENCIAMENTO DE COLEÇÕES - SPORTBAY
2026-08-04 11:29:02,681 - INFO - ============================================================
2026-08-04 11:29:02,681 - INFO - Lendo planilha: c:\Users\Protork\Desktop\Analise de preços site\Resultado_Menor_Preco_Sportbay.xlsx
2026-08-04 11:29:02,937 - INFO - Coleção alvo: 'Ofertas de Capacetes'
2026-08-04 11:29:02,937 - INFO - Total de shortHashes a adicionar: 29
2026-08-04 11:29:02,942 - INFO - ====== WebDriver manager ======
2026-08-04 11:29:03,493 - INFO - Driver [C:\Users\Protork\.wdm\drivers\chromedriver\win64\150.0.7871.124\chromedriver-win64/chromedriver.exe] found in cache by browser version
2026-08-04 11:29:04,319 - INFO - Acessando página de login...
2026-08-04 11:29:08,015 - INFO - ✓ Login realizado com sucesso
2026-08-04 11:29:08,015 - INFO - Navegando direto para: https://www.marketplace.sportbay.com.br/dashboard/categories
2026-08-04 11:29:09,315 - INFO - ✓ Página de lista de categorias/coleções carregada
2026-08-04 11:29:09,319 - INFO - Procurando coleção: 'Ofertas de Capacetes'
2026-08-04 11:29:15,274 - INFO - ✓ Coleção aberta para edição
2026-08-04 11:29:15,275 - INFO - Removendo produtos atuais da coleção...
2026-08-04 11:29:17,072 - INFO -   ➖ Produto removido (total até agora: 1)
2026-08-04 11:29:18,135 - INFO -   ➖ Produto removido (total até agora: 2)
2026-08-04 11:29:19,052 - INFO -   ➖ Produto removido (total até agora: 3)
2026-08-04 11:29:19,741 - INFO -   ➖ Produto removido (total até agora: 4)
2026-08-04 11:29:20,842 - INFO -   ➖ Produto removido (total até agora: 5)
2026-08-04 11:29:21,951 - INFO -   ➖ Produto removido (total até agora: 6)
2026-08-04 11:29:23,052 - INFO -   ➖ Produto removido (total até agora: 7)
2026-08-04 11:29:24,198 - INFO -   ➖ Produto removido (total até agora: 8)
2026-08-04 11:29:24,810 - INFO -   ➖ Produto removido (total até agora: 9)
2026-08-04 11:29:25,417 - INFO -   ➖ Produto removido (total até agora: 10)
2026-08-04 11:29:26,658 - INFO -   ➖ Produto removido (total até agora: 11)
2026-08-04 11:29:27,785 - INFO -   ➖ Produto removido (total até agora: 12)
2026-08-04 11:29:28,948 - INFO -   ➖ Produto removido (total até agora: 13)
2026-08-04 11:29:29,588 - INFO -   ➖ Produto removido (total até agora: 14)
2026-08-04 11:29:30,255 - INFO -   ➖ Produto removido (total até agora: 15)
2026-08-04 11:29:30,923 - INFO -   ➖ Produto removido (total até agora: 16)
2026-08-04 11:29:31,676 - INFO -   ➖ Produto removido (total até agora: 17)
2026-08-04 11:29:32,785 - INFO -   ➖ Produto removido (total até agora: 18)
2026-08-04 11:29:33,879 - INFO -   ➖ Produto removido (total até agora: 19)
2026-08-04 11:29:35,052 - INFO -   ➖ Produto removido (total até agora: 20)
2026-08-04 11:29:35,691 - INFO -   ➖ Produto removido (total até agora: 21)
2026-08-04 11:29:36,462 - INFO -   ➖ Produto removido (total até agora: 22)
2026-08-04 11:29:37,135 - INFO -   ➖ Produto removido (total até agora: 23)
2026-08-04 11:29:38,323 - INFO -   ➖ Produto removido (total até agora: 24)
2026-08-04 11:29:39,587 - INFO -   ➖ Produto removido (total até agora: 25)
2026-08-04 11:29:40,208 - INFO -   ➖ Produto removido (total até agora: 26)
2026-08-04 11:29:41,507 - INFO -   ➖ Produto removido (total até agora: 27)
2026-08-04 11:29:42,269 - INFO -   ➖ Produto removido (total até agora: 28)
2026-08-04 11:29:53,548 - INFO - ✓ Remoção concluída — 28 produto(s) removido(s)
2026-08-04 11:29:53,548 - INFO - Removendo filtro de Merchant 'Sportbay'...
2026-08-04 11:29:54,133 - INFO - ✓ Filtro de Merchant removido e confirmado (tag não existe mais no DOM)
2026-08-04 11:29:54,134 - INFO - Adicionando 29 produto(s) por shortHash...
2026-08-04 11:29:54,167 - INFO -   Total de produtos na coleção antes de adicionar: 0
2026-08-04 11:29:57,062 - INFO -   ➕ Produto adicionado: P-F0PFGJKLB1 (total 0 → 1)
2026-08-04 11:30:00,935 - INFO -   ➕ Produto adicionado: P-808ACCI9K2 (total 1 → 2)
2026-08-04 11:30:11,903 - WARNING -   ⚠ shortHash 'P-43E67HI2WZ': tabela não convergiu para 1 resultado novo (contagem no timeout: 10) — pesquisando novamente...
2026-08-04 11:30:15,240 - INFO -   ➕ Produto adicionado: P-43E67HI2WZ (total 2 → 3)
2026-08-04 11:30:26,308 - WARNING -   ⚠ shortHash 'P-1NZRGAPH6Z': tabela não convergiu para 1 resultado novo (contagem no timeout: 10) — pesquisando novamente...
2026-08-04 11:30:29,085 - INFO -   ➕ Produto adicionado: P-1NZRGAPH6Z (total 3 → 4)
2026-08-04 11:30:32,937 - INFO -   ➕ Produto adicionado: P-5PCOD7F000 (total 4 → 5)
2026-08-04 11:30:36,758 - INFO -   ➕ Produto adicionado: P-2LBCRXLQHV (total 5 → 6)
2026-08-04 11:30:47,897 - WARNING -   ⚠ shortHash 'P-C6V6YBHBBJ': tabela não convergiu para 1 resultado novo (contagem no timeout: 10) — pesquisando novamente...
2026-08-04 11:30:51,392 - INFO -   ➕ Produto adicionado: P-C6V6YBHBBJ (total 6 → 7)
2026-08-04 11:30:54,866 - INFO -   ➕ Produto adicionado: P-C4Y876UI8V (total 7 → 8)
2026-08-04 11:30:58,320 - INFO -   ➕ Produto adicionado: P-C0UT3KI7XK (total 8 → 9)
2026-08-04 11:31:09,325 - WARNING -   ⚠ shortHash 'P-4KNMN80XFX': tabela não convergiu para 1 resultado novo (contagem no timeout: 10) — pesquisando novamente...
2026-08-04 11:31:12,005 - INFO -   ➕ Produto adicionado: P-4KNMN80XFX (total 9 → 10)
2026-08-04 11:31:15,656 - INFO -   ➕ Produto adicionado: P-2WKIPYGN9H (total 10 → 11)
2026-08-04 11:31:19,474 - INFO -   ➕ Produto adicionado: P-T0VRPECIR2 (total 11 → 12)
2026-08-04 11:31:23,176 - INFO -   ➕ Produto adicionado: P-90JYDV9O4E (total 12 → 13)
2026-08-04 11:31:34,343 - WARNING -   ⚠ shortHash 'P-2PQCJLGFB8': tabela não convergiu para 1 resultado novo (contagem no timeout: 10) — pesquisando novamente...
2026-08-04 11:31:37,143 - INFO -   ➕ Produto adicionado: P-2PQCJLGFB8 (total 13 → 14)
2026-08-04 11:31:48,091 - WARNING -   ⚠ shortHash 'P-1RT2I40KDS': tabela não convergiu para 1 resultado novo (contagem no timeout: 10) — pesquisando novamente...
2026-08-04 11:31:50,771 - INFO -   ➕ Produto adicionado: P-1RT2I40KDS (total 14 → 15)
2026-08-04 11:31:54,314 - INFO -   ➕ Produto adicionado: P-9HDNHT0DJT (total 15 → 16)
2026-08-04 11:31:57,788 - INFO -   ➕ Produto adicionado: P-4OUQBORH23 (total 16 → 17)
2026-08-04 11:32:08,799 - WARNING -   ⚠ shortHash 'P-1244E555DP': tabela não convergiu para 1 resultado novo (contagem no timeout: 10) — pesquisando novamente...
2026-08-04 11:32:11,469 - INFO -   ➕ Produto adicionado: P-1244E555DP (total 17 → 18)
2026-08-04 11:32:14,989 - INFO -   ➕ Produto adicionado: P-3TZ30K4XK9 (total 18 → 19)
2026-08-04 11:32:18,609 - INFO -   ➕ Produto adicionado: P-4QV5PYUOWF (total 19 → 20)
2026-08-04 11:32:22,114 - INFO -   ➕ Produto adicionado: P-3BFQSZZ0CL (total 20 → 21)
2026-08-04 11:32:25,574 - INFO -   ➕ Produto adicionado: P-ARZ1I0YYXF (total 21 → 22)
2026-08-04 11:32:29,145 - INFO -   ➕ Produto adicionado: P-2P5QQZLFED (total 22 → 23)
2026-08-04 11:32:32,695 - INFO -   ➕ Produto adicionado: P-9W6WJ9O9VP (total 23 → 24)
2026-08-04 11:32:36,464 - INFO -   ➕ Produto adicionado: P-4AA0F1QYO6 (total 24 → 25)
2026-08-04 11:32:40,057 - INFO -   ➕ Produto adicionado: P-961V0I49CG (total 25 → 26)
2026-08-04 11:32:43,549 - INFO -   ➕ Produto adicionado: P-8NNZ7H701U (total 26 → 27)
2026-08-04 11:32:46,864 - INFO -   ➕ Produto adicionado: P-BPY8KKDDJC (total 27 → 28)
2026-08-04 11:32:49,993 - INFO -   ➕ Produto adicionado: P-3O2FUDO5N2 (total 28 → 29)
2026-08-04 11:32:50,730 - INFO - ✓ Adição concluída — 29 adicionado(s), 0 não encontrado(s), 0 sem efeito
2026-08-04 11:32:50,730 - INFO - Salvando alterações...
2026-08-04 11:32:51,262 - INFO - ✓ Alterações salvas com sucesso
2026-08-04 11:32:51,262 - INFO - Conferindo resultado final da coleção...
2026-08-04 11:32:53,224 - ERROR -   ✗ DIVERGÊNCIA FINAL — esperado: 29 | encontrado na coleção: 0 | diferença: 29
2026-08-04 11:32:55,302 - INFO - ============================================================
2026-08-04 11:32:55,302 - INFO - ✓ FLUXO CONCLUÍDO
2026-08-04 11:32:55,302 - INFO - ============================================================
2026-08-04 11:32:57,710 - INFO - Chrome fechado
2026-08-04 11:51:21,548 - INFO - ============================================================
2026-08-04 11:51:21,549 - INFO - INICIANDO ROBÔ DE GERENCIAMENTO DE COLEÇÕES - SPORTBAY
2026-08-04 11:51:21,549 - INFO - ============================================================
2026-08-04 11:51:21,549 - INFO - Lendo planilha: c:\Users\Protork\Desktop\Analise de preços site\Resultado_Menor_Preco_Sportbay.xlsx
2026-08-04 11:51:21,859 - INFO - Coleção alvo: 'Ofertas de Capacetes'
2026-08-04 11:51:21,859 - INFO - Total de shortHashes a adicionar: 29
2026-08-04 11:51:21,864 - INFO - ====== WebDriver manager ======
2026-08-04 11:51:22,411 - INFO - Driver [C:\Users\Protork\.wdm\drivers\chromedriver\win64\150.0.7871.124\chromedriver-win64/chromedriver.exe] found in cache by browser version
2026-08-04 11:51:23,153 - INFO - Acessando página de login...
2026-08-04 11:51:26,893 - INFO - ✓ Login realizado com sucesso
2026-08-04 11:51:26,894 - INFO - Navegando direto para: https://www.marketplace.sportbay.com.br/dashboard/categories
2026-08-04 11:51:28,272 - INFO - ✓ Página de lista de categorias/coleções carregada
2026-08-04 11:51:28,277 - INFO - Procurando coleção: 'Ofertas de Capacetes'
2026-08-04 11:51:32,524 - INFO - ✓ Coleção aberta para edição
2026-08-04 11:51:32,524 - INFO - Removendo produtos atuais da coleção...
2026-08-04 11:51:34,262 - INFO -   ➖ Produto removido (total até agora: 1)
2026-08-04 11:51:35,410 - INFO -   ➖ Produto removido (total até agora: 2)
2026-08-04 11:51:36,626 - INFO -   ➖ Produto removido (total até agora: 3)
2026-08-04 11:51:37,855 - INFO -   ➖ Produto removido (total até agora: 4)
2026-08-04 11:51:39,007 - INFO -   ➖ Produto removido (total até agora: 5)
2026-08-04 11:51:40,108 - INFO -   ➖ Produto removido (total até agora: 6)
2026-08-04 11:51:41,223 - INFO -   ➖ Produto removido (total até agora: 7)
2026-08-04 11:51:42,428 - INFO -   ➖ Produto removido (total até agora: 8)
2026-08-04 11:51:43,052 - INFO -   ➖ Produto removido (total até agora: 9)
2026-08-04 11:51:44,234 - INFO -   ➖ Produto removido (total até agora: 10)
2026-08-04 11:51:44,904 - INFO -   ➖ Produto removido (total até agora: 11)
2026-08-04 11:51:46,037 - INFO -   ➖ Produto removido (total até agora: 12)
2026-08-04 11:51:47,201 - INFO -   ➖ Produto removido (total até agora: 13)
2026-08-04 11:51:47,868 - INFO -   ➖ Produto removido (total até agora: 14)
2026-08-04 11:51:48,525 - INFO -   ➖ Produto removido (total até agora: 15)
2026-08-04 11:51:49,691 - INFO -   ➖ Produto removido (total até agora: 16)
2026-08-04 11:51:50,796 - INFO -   ➖ Produto removido (total até agora: 17)
2026-08-04 11:51:51,952 - INFO -   ➖ Produto removido (total até agora: 18)
2026-08-04 11:51:52,815 - INFO -   ➖ Produto removido (total até agora: 19)
2026-08-04 11:51:53,939 - INFO -   ➖ Produto removido (total até agora: 20)
2026-08-04 11:51:55,180 - INFO -   ➖ Produto removido (total até agora: 21)
2026-08-04 11:51:55,876 - INFO -   ➖ Produto removido (total até agora: 22)
2026-08-04 11:51:56,641 - INFO -   ➖ Produto removido (total até agora: 23)
2026-08-04 11:51:57,747 - INFO -   ➖ Produto removido (total até agora: 24)
2026-08-04 11:51:58,870 - INFO -   ➖ Produto removido (total até agora: 25)
2026-08-04 11:51:59,973 - INFO -   ➖ Produto removido (total até agora: 26)
2026-08-04 11:52:01,122 - INFO -   ➖ Produto removido (total até agora: 27)
2026-08-04 11:52:01,739 - INFO -   ➖ Produto removido (total até agora: 28)
2026-08-04 11:52:13,042 - INFO - ✓ Remoção concluída — 28 produto(s) removido(s)
2026-08-04 11:52:13,042 - INFO - Removendo filtro de Merchant 'Sportbay'...
2026-08-04 11:52:13,594 - INFO - ✓ Filtro de Merchant removido e confirmado (tag não existe mais no DOM)
2026-08-04 11:52:13,601 - INFO - Adicionando 29 produto(s) por shortHash...
2026-08-04 11:52:13,667 - INFO -   Total de produtos na coleção antes de adicionar: 0
2026-08-04 11:52:16,966 - INFO -   ➕ Produto adicionado: P-F0PFGJKLB1 (total 0 → 1)
2026-08-04 11:52:20,605 - INFO -   ➕ Produto adicionado: P-808ACCI9K2 (total 1 → 2)
2026-08-04 11:52:24,617 - INFO -   ➕ Produto adicionado: P-43E67HI2WZ (total 2 → 3)
2026-08-04 11:52:28,333 - INFO -   ➕ Produto adicionado: P-1NZRGAPH6Z (total 3 → 4)
2026-08-04 11:52:31,918 - INFO -   ➕ Produto adicionado: P-5PCOD7F000 (total 4 → 5)
2026-08-04 11:52:35,333 - INFO -   ➕ Produto adicionado: P-2LBCRXLQHV (total 5 → 6)
2026-08-04 11:52:46,553 - WARNING -   ⚠ shortHash 'P-C6V6YBHBBJ': tabela não convergiu para 1 resultado novo (contagem no timeout: 10) — pesquisando novamente...
2026-08-04 11:52:46,896 - WARNING -   ⚠ shortHash 'P-C6V6YBHBBJ': código '126976' não bate com o SKU da linha ('', Merchant: '') — pulando para não arriscar adicionar o produto errado
2026-08-04 11:52:49,715 - WARNING -   ⚠ shortHash 'P-C4Y876UI8V': código '121060' não bate com o SKU da linha ('', Merchant: '') — pulando para não arriscar adicionar o produto errado
2026-08-04 11:52:52,066 - WARNING -   ⚠ shortHash 'P-C0UT3KI7XK': código '116086A' não bate com o SKU da linha ('', Merchant: '') — pulando para não arriscar adicionar o produto errado
2026-08-04 11:52:53,451 - WARNING -   ⚠ shortHash 'P-4KNMN80XFX': código '757A' não bate com o SKU da linha ('PAI-116086A', Merchant: 'LFB MOTORS LTDA') — pulando para não arriscar adicionar o produto errado
2026-08-04 11:52:54,786 - WARNING -   ⚠ shortHash 'P-2WKIPYGN9H': código '126167' não bate com o SKU da linha ('757', Merchant: 'Sportbay') — pulando para não arriscar adicionar o produto errado
2026-08-04 11:52:56,029 - WARNING -   ⚠ shortHash 'P-T0VRPECIR2': código '124852' não bate com o SKU da linha ('126167', Merchant: 'Sportbay') — pulando para não arriscar adicionar o produto errado
2026-08-04 11:52:57,088 - WARNING -   ⚠ shortHash 'P-90JYDV9O4E': código '116674A' não bate com o SKU da linha ('', Merchant: '') — pulando para não arriscar adicionar o produto errado
2026-08-04 11:52:58,362 - WARNING -   ⚠ shortHash 'P-2PQCJLGFB8': código '117523A' não bate com o SKU da linha ('', Merchant: '') — pulando para não arriscar adicionar o produto errado
2026-08-04 11:52:59,512 - WARNING -   ⚠ shortHash 'P-1RT2I40KDS': código '665A' não bate com o SKU da linha ('', Merchant: '') — pulando para não arriscar adicionar o produto errado
2026-08-04 11:53:00,655 - WARNING -   ⚠ shortHash 'P-9HDNHT0DJT': código '5351A' não bate com o SKU da linha ('', Merchant: '') — pulando para não arriscar adicionar o produto errado
2026-08-04 11:53:01,840 - WARNING -   ⚠ shortHash 'P-4OUQBORH23': código '120304' não bate com o SKU da linha ('', Merchant: '') — pulando para não arriscar adicionar o produto errado
2026-08-04 11:53:02,996 - WARNING -   ⚠ shortHash 'P-1244E555DP': código '116249A' não bate com o SKU da linha ('', Merchant: '') — pulando para não arriscar adicionar o produto errado
2026-08-04 11:53:04,151 - WARNING -   ⚠ shortHash 'P-3TZ30K4XK9': código '127075' não bate com o SKU da linha ('', Merchant: '') — pulando para não arriscar adicionar o produto errado
2026-08-04 11:53:05,484 - WARNING -   ⚠ shortHash 'P-4QV5PYUOWF': código '116186A' não bate com o SKU da linha ('', Merchant: '') — pulando para não arriscar adicionar o produto errado
2026-08-04 11:53:07,136 - WARNING -   ⚠ shortHash 'P-3BFQSZZ0CL': código '121016' não bate com o SKU da linha ('116186', Merchant: 'Sportbay') — pulando para não arriscar adicionar o produto errado
2026-08-04 13:09:00,398 - INFO - ============================================================
2026-08-04 13:09:00,398 - INFO - INICIANDO ROBÔ DE GERENCIAMENTO DE COLEÇÕES - SPORTBAY
2026-08-04 13:09:00,398 - INFO - ============================================================
2026-08-04 13:09:00,399 - INFO - Lendo planilha: c:\Users\Protork\Desktop\Analise de preços site\Resultado_Menor_Preco_Sportbay.xlsx
2026-08-04 13:09:00,729 - INFO - Coleção alvo: 'Ofertas de Capacetes'
2026-08-04 13:09:00,729 - INFO - Total de shortHashes a adicionar: 29
2026-08-04 13:09:00,736 - INFO - ====== WebDriver manager ======
2026-08-04 13:09:01,294 - INFO - Driver [C:\Users\Protork\.wdm\drivers\chromedriver\win64\150.0.7871.124\chromedriver-win64/chromedriver.exe] found in cache by browser version
2026-08-04 13:09:02,176 - INFO - Acessando página de login...
2026-08-04 13:09:06,122 - INFO - ✓ Login realizado com sucesso
2026-08-04 13:09:06,122 - INFO - Navegando direto para: https://www.marketplace.sportbay.com.br/dashboard/categories
2026-08-04 13:09:07,475 - INFO - ✓ Página de lista de categorias/coleções carregada
2026-08-04 13:09:07,476 - INFO - Procurando coleção: 'Ofertas de Capacetes'
2026-08-04 13:09:12,338 - INFO - ✓ Coleção aberta para edição
2026-08-04 13:09:12,338 - INFO - Removendo produtos atuais da coleção...
2026-08-04 13:09:14,490 - INFO -   ➖ Produto removido (total até agora: 1)
2026-08-04 13:09:15,239 - INFO -   ➖ Produto removido (total até agora: 2)
2026-08-04 13:09:17,247 - INFO -   ➖ Produto removido (total até agora: 3)
2026-08-04 13:09:18,205 - INFO -   ➖ Produto removido (total até agora: 4)
2026-08-04 13:09:19,594 - INFO -   ➖ Produto removido (total até agora: 5)
2026-08-04 13:09:20,460 - INFO -   ➖ Produto removido (total até agora: 6)
2026-08-04 13:09:31,712 - INFO - ✓ Remoção concluída — 6 produto(s) removido(s)
2026-08-04 13:09:31,712 - INFO - Removendo filtro de Merchant 'Sportbay'...
2026-08-04 13:09:32,191 - INFO - ✓ Filtro de Merchant removido e confirmado (tag não existe mais no DOM)
2026-08-04 13:09:32,191 - INFO - Adicionando 29 produto(s) por shortHash...
2026-08-04 13:09:32,322 - INFO -   Total de produtos na coleção antes de adicionar: 0
2026-08-04 13:09:35,027 - INFO -   ➕ Produto adicionado: P-F0PFGJKLB1 (total 0 → 1)
2026-08-04 13:09:38,417 - INFO -   ➕ Produto adicionado: P-808ACCI9K2 (total 1 → 2)
2026-08-04 13:09:41,977 - INFO -   ➕ Produto adicionado: P-43E67HI2WZ (total 2 → 3)
2026-08-04 13:09:45,472 - INFO -   ➕ Produto adicionado: P-1NZRGAPH6Z (total 3 → 4)
2026-08-04 13:09:48,951 - INFO -   ➕ Produto adicionado: P-5PCOD7F000 (total 4 → 5)
2026-08-04 13:09:52,373 - INFO -   ➕ Produto adicionado: P-2LBCRXLQHV (total 5 → 6)
2026-08-04 13:09:56,513 - INFO -   ➕ Produto adicionado: P-C6V6YBHBBJ (total 6 → 7)
2026-08-04 13:10:00,035 - INFO -   ➕ Produto adicionado: P-C4Y876UI8V (total 7 → 8)
2026-08-04 13:10:03,567 - INFO -   ➕ Produto adicionado: P-C0UT3KI7XK (total 8 → 9)
2026-08-04 13:10:07,208 - INFO -   ➕ Produto adicionado: P-4KNMN80XFX (total 9 → 10)
2026-08-04 13:10:10,637 - INFO -   ➕ Produto adicionado: P-2WKIPYGN9H (total 10 → 11)
2026-08-04 13:10:14,092 - INFO -   ➕ Produto adicionado: P-T0VRPECIR2 (total 11 → 12)
2026-08-04 13:10:17,758 - INFO -   ➕ Produto adicionado: P-90JYDV9O4E (total 12 → 13)
2026-08-04 13:10:21,629 - INFO -   ➕ Produto adicionado: P-2PQCJLGFB8 (total 13 → 14)
2026-08-04 13:10:25,294 - INFO -   ➕ Produto adicionado: P-1RT2I40KDS (total 14 → 15)
2026-08-04 13:10:28,743 - INFO -   ➕ Produto adicionado: P-9HDNHT0DJT (total 15 → 16)
2026-08-04 13:10:39,848 - WARNING -   ⚠ shortHash 'P-4OUQBORH23': tabela não convergiu para 1 resultado novo (contagem no timeout: 10) — pesquisando novamente...
2026-08-04 13:10:40,151 - WARNING -   ⚠ shortHash 'P-4OUQBORH23': código '120304' não bate com o SKU da linha ('', Merchant: '') — pulando para não arriscar adicionar o produto errado
2026-08-04 13:10:42,428 - WARNING -   ⚠ shortHash 'P-1244E555DP': código '116249A' não bate com o SKU da linha ('', Merchant: '') — pulando para não arriscar adicionar o produto errado
2026-08-04 13:10:43,927 - WARNING -   ⚠ shortHash 'P-3TZ30K4XK9': código '127075' não bate com o SKU da linha ('116249', Merchant: 'Sportbay') — pulando para não arriscar adicionar o produto errado
2026-08-04 13:10:45,159 - WARNING -   ⚠ shortHash 'P-4QV5PYUOWF': código '116186A' não bate com o SKU da linha ('', Merchant: '') — pulando para não arriscar adicionar o produto errado
2026-08-04 13:10:47,394 - WARNING -   ⚠ shortHash 'P-3BFQSZZ0CL': código '121016' não bate com o SKU da linha ('', Merchant: '') — pulando para não arriscar adicionar o produto errado
2026-08-04 13:10:49,689 - WARNING -   ⚠ shortHash 'P-ARZ1I0YYXF': código '126957' não bate com o SKU da linha ('', Merchant: '') — pulando para não arriscar adicionar o produto errado
2026-08-04 13:18:23,946 - INFO - ============================================================
2026-08-04 13:18:23,946 - INFO - INICIANDO ROBÔ DE GERENCIAMENTO DE COLEÇÕES - SPORTBAY
2026-08-04 13:18:23,946 - INFO - ============================================================
2026-08-04 13:18:23,947 - INFO - Lendo planilha: c:\Users\Protork\Desktop\Analise de preços site\Resultado_Menor_Preco_Sportbay.xlsx
2026-08-04 13:18:24,344 - INFO - Coleção alvo: 'Ofertas de Capacetes'
2026-08-04 13:18:24,345 - INFO - Total de shortHashes a adicionar: 29
2026-08-04 13:18:24,350 - INFO - ====== WebDriver manager ======
2026-08-04 13:18:25,063 - INFO - Driver [C:\Users\Protork\.wdm\drivers\chromedriver\win64\150.0.7871.124\chromedriver-win64/chromedriver.exe] found in cache by browser version
2026-08-04 13:18:26,001 - INFO - Acessando página de login...
2026-08-04 13:18:29,963 - INFO - ✓ Login realizado com sucesso
2026-08-04 13:18:29,963 - INFO - Navegando direto para: https://www.marketplace.sportbay.com.br/dashboard/categories
2026-08-04 13:18:31,148 - INFO - ✓ Página de lista de categorias/coleções carregada
2026-08-04 13:18:31,154 - INFO - Procurando coleção: 'Ofertas de Capacetes'
2026-08-04 13:18:35,145 - INFO - ✓ Coleção aberta para edição
2026-08-04 13:18:35,146 - INFO - Removendo produtos atuais da coleção...
2026-08-04 13:18:37,131 - INFO -   ➖ Produto removido (total até agora: 1)
2026-08-04 13:18:37,737 - INFO -   ➖ Produto removido (total até agora: 2)
2026-08-04 13:18:38,960 - INFO -   ➖ Produto removido (total até agora: 3)
2026-08-04 13:18:39,572 - INFO -   ➖ Produto removido (total até agora: 4)
2026-08-04 13:18:40,742 - INFO -   ➖ Produto removido (total até agora: 5)
2026-08-04 13:18:41,848 - INFO -   ➖ Produto removido (total até agora: 6)
2026-08-04 13:18:43,148 - INFO -   ➖ Produto removido (total até agora: 7)
2026-08-04 13:18:43,832 - INFO -   ➖ Produto removido (total até agora: 8)
2026-08-04 13:18:44,447 - INFO -   ➖ Produto removido (total até agora: 9)
2026-08-04 13:18:45,683 - INFO -   ➖ Produto removido (total até agora: 10)
2026-08-04 13:18:46,436 - INFO -   ➖ Produto removido (total até agora: 11)
2026-08-04 13:18:47,676 - INFO -   ➖ Produto removido (total até agora: 12)
2026-08-04 13:18:48,523 - INFO -   ➖ Produto removido (total até agora: 13)
2026-08-04 13:18:49,165 - INFO -   ➖ Produto removido (total até agora: 14)
2026-08-04 13:18:50,312 - INFO -   ➖ Produto removido (total até agora: 15)
2026-08-04 13:18:51,471 - INFO -   ➖ Produto removido (total até agora: 16)
2026-08-04 13:19:02,745 - INFO - ✓ Remoção concluída — 16 produto(s) removido(s)
2026-08-04 13:19:02,745 - INFO - Removendo filtro de Merchant 'Sportbay'...
2026-08-04 13:19:03,440 - INFO - ✓ Filtro de Merchant removido e confirmado (tag não existe mais no DOM)
2026-08-04 13:19:03,441 - INFO - Adicionando 29 produto(s) por shortHash...
2026-08-04 13:19:03,467 - INFO -   Total de produtos na coleção antes de adicionar: 0
2026-08-04 13:19:06,553 - INFO -   ➕ Produto adicionado: P-F0PFGJKLB1 (total 0 → 1)
2026-08-04 13:19:09,997 - INFO -   ➕ Produto adicionado: P-808ACCI9K2 (total 1 → 2)
2026-08-04 13:19:13,450 - INFO -   ➕ Produto adicionado: P-43E67HI2WZ (total 2 → 3)
2026-08-04 13:19:17,266 - INFO -   ➕ Produto adicionado: P-1NZRGAPH6Z (total 3 → 4)
2026-08-04 13:19:20,731 - INFO -   ➕ Produto adicionado: P-5PCOD7F000 (total 4 → 5)
2026-08-04 13:19:24,370 - INFO -   ➕ Produto adicionado: P-2LBCRXLQHV (total 5 → 6)
2026-08-04 13:19:28,132 - INFO -   ➕ Produto adicionado: P-C6V6YBHBBJ (total 6 → 7)
2026-08-04 13:19:31,632 - INFO -   ➕ Produto adicionado: P-C4Y876UI8V (total 7 → 8)
2026-08-04 13:19:35,092 - INFO -   ➕ Produto adicionado: P-C0UT3KI7XK (total 8 → 9)
2026-08-04 13:19:38,641 - INFO -   ➕ Produto adicionado: P-4KNMN80XFX (total 9 → 10)
2026-08-04 13:19:49,821 - WARNING -   ⚠ shortHash 'P-2WKIPYGN9H': tabela não convergiu para 1 resultado novo (contagem no timeout: 10) — pesquisando novamente...
2026-08-04 13:19:52,589 - INFO -   ➕ Produto adicionado: P-2WKIPYGN9H (total 10 → 11)
2026-08-04 13:20:03,755 - WARNING -   ⚠ shortHash 'P-T0VRPECIR2': tabela não convergiu para 1 resultado novo (contagem no timeout: 10) — pesquisando novamente...
2026-08-04 13:20:06,580 - INFO -   ➕ Produto adicionado: P-T0VRPECIR2 (total 11 → 12)
2026-08-04 13:20:17,658 - WARNING -   ⚠ shortHash 'P-90JYDV9O4E': tabela não convergiu para 1 resultado novo (contagem no timeout: 10) — pesquisando novamente...
2026-08-04 13:20:20,336 - INFO -   ➕ Produto adicionado: P-90JYDV9O4E (total 12 → 13)
2026-08-04 13:20:24,140 - INFO -   ➕ Produto adicionado: P-2PQCJLGFB8 (total 13 → 14)
2026-08-04 13:20:27,746 - INFO -   ➕ Produto adicionado: P-1RT2I40KDS (total 14 → 15)
2026-08-04 13:20:31,507 - INFO -   ➕ Produto adicionado: P-9HDNHT0DJT (total 15 → 16)
2026-08-04 13:20:35,097 - INFO -   ➕ Produto adicionado: P-4OUQBORH23 (total 16 → 17)
2026-08-04 13:20:38,827 - INFO -   ➕ Produto adicionado: P-1244E555DP (total 17 → 18)
2026-08-04 13:20:42,640 - INFO -   ➕ Produto adicionado: P-3TZ30K4XK9 (total 18 → 19)
2026-08-04 13:20:46,220 - INFO -   ➕ Produto adicionado: P-4QV5PYUOWF (total 19 → 20)
2026-08-04 13:20:50,091 - INFO -   ➕ Produto adicionado: P-3BFQSZZ0CL (total 20 → 21)
2026-08-04 13:21:01,231 - WARNING -   ⚠ shortHash 'P-ARZ1I0YYXF': tabela não convergiu para 1 resultado novo (contagem no timeout: 10) — pesquisando novamente...
2026-08-04 13:21:04,035 - INFO -   ➕ Produto adicionado: P-ARZ1I0YYXF (total 21 → 22)
2026-08-04 13:21:15,085 - WARNING -   ⚠ shortHash 'P-2P5QQZLFED': tabela não convergiu para 1 resultado novo (contagem no timeout: 10) — pesquisando novamente...
2026-08-04 13:21:18,030 - INFO -   ➕ Produto adicionado: P-2P5QQZLFED (total 22 → 23)
2026-08-04 13:21:29,334 - WARNING -   ⚠ shortHash 'P-9W6WJ9O9VP': tabela não convergiu para 1 resultado novo (contagem no timeout: 10) — pesquisando novamente...
2026-08-04 13:21:32,054 - INFO -   ➕ Produto adicionado: P-9W6WJ9O9VP (total 23 → 24)
2026-08-04 13:21:43,190 - WARNING -   ⚠ shortHash 'P-4AA0F1QYO6': tabela não convergiu para 1 resultado novo (contagem no timeout: 10) — pesquisando novamente...
2026-08-04 13:21:45,953 - INFO -   ➕ Produto adicionado: P-4AA0F1QYO6 (total 24 → 25)
2026-08-04 13:21:49,602 - INFO -   ➕ Produto adicionado: P-961V0I49CG (total 25 → 26)
2026-08-04 13:21:53,313 - INFO -   ➕ Produto adicionado: P-8NNZ7H701U (total 26 → 27)
2026-08-04 13:21:57,102 - INFO -   ➕ Produto adicionado: P-BPY8KKDDJC (total 27 → 28)
2026-08-04 13:22:00,654 - INFO -   ➕ Produto adicionado: P-3O2FUDO5N2 (total 28 → 29)
2026-08-04 13:22:01,420 - INFO - ✓ Adição concluída — 29 adicionado(s), 0 não encontrado(s), 0 sem efeito, 0 com código divergente
2026-08-04 13:22:01,420 - INFO - Salvando alterações...
2026-08-04 13:22:01,924 - INFO - ✓ Alterações salvas com sucesso
2026-08-04 13:22:01,924 - INFO - Conferindo resultado final da coleção...
2026-08-04 13:22:04,501 - INFO -   ✓ Contagem final confere: 29 produto(s) na coleção
2026-08-04 13:22:04,502 - INFO - ============================================================
2026-08-04 13:22:04,502 - INFO - ✓ FLUXO CONCLUÍDO
2026-08-04 13:22:04,502 - INFO - ============================================================
2026-08-04 13:22:06,870 - INFO - Chrome fechado
2026-08-04 13:29:44,242 - INFO - ============================================================
2026-08-04 13:29:44,242 - INFO - INICIANDO ROBÔ DE GERENCIAMENTO DE COLEÇÕES - SPORTBAY
2026-08-04 13:29:44,242 - INFO - ============================================================
2026-08-04 13:29:44,242 - INFO - Lendo planilha: c:\Users\Protork\Desktop\Analise de preços site\Resultado_Menor_Preco_Sportbay.xlsx
2026-08-04 13:29:44,507 - INFO - Coleção alvo: 'Promoção de Capacetes Abertos'
2026-08-04 13:29:44,507 - INFO - Total de shortHashes a adicionar: 13
2026-08-04 13:29:44,512 - INFO - ====== WebDriver manager ======
2026-08-04 13:29:45,094 - INFO - Driver [C:\Users\Protork\.wdm\drivers\chromedriver\win64\150.0.7871.124\chromedriver-win64/chromedriver.exe] found in cache by browser version
2026-08-04 13:29:46,543 - INFO - Acessando página de login...
2026-08-04 13:29:50,053 - INFO - ✓ Login realizado com sucesso
2026-08-04 13:29:50,054 - INFO - Navegando direto para: https://www.marketplace.sportbay.com.br/dashboard/categories
2026-08-04 13:29:51,279 - INFO - ✓ Página de lista de categorias/coleções carregada
2026-08-04 13:29:51,281 - INFO - Procurando coleção: 'Promoção de Capacetes Abertos'
2026-08-04 13:29:55,882 - INFO - ✓ Coleção aberta para edição
2026-08-04 13:29:55,882 - INFO - Removendo produtos atuais da coleção...
2026-08-04 13:29:57,700 - INFO -   ➖ Produto removido (total até agora: 1)
2026-08-04 13:29:58,339 - INFO -   ➖ Produto removido (total até agora: 2)
2026-08-04 13:29:59,186 - INFO -   ➖ Produto removido (total até agora: 3)
2026-08-04 13:30:00,428 - INFO -   ➖ Produto removido (total até agora: 4)
2026-08-04 13:30:01,136 - INFO -   ➖ Produto removido (total até agora: 5)
2026-08-04 13:30:01,889 - INFO -   ➖ Produto removido (total até agora: 6)
2026-08-04 13:30:03,028 - INFO -   ➖ Produto removido (total até agora: 7)
2026-08-04 13:30:04,162 - INFO -   ➖ Produto removido (total até agora: 8)
2026-08-04 13:30:04,804 - INFO -   ➖ Produto removido (total até agora: 9)
2026-08-04 13:30:05,924 - INFO -   ➖ Produto removido (total até agora: 10)
2026-08-04 13:30:17,175 - INFO - ✓ Remoção concluída — 10 produto(s) removido(s)
2026-08-04 13:30:17,175 - INFO - Removendo filtro de Merchant 'Sportbay'...
2026-08-04 13:30:17,768 - INFO - ✓ Filtro de Merchant removido e confirmado (tag não existe mais no DOM)
2026-08-04 13:30:17,768 - INFO - Adicionando 13 produto(s) por shortHash...
2026-08-04 13:30:17,912 - INFO -   Total de produtos na coleção antes de adicionar: 0
2026-08-04 13:30:20,673 - INFO -   ➕ Produto adicionado: P-69G0S3I18N (total 0 → 1)
2026-08-04 13:30:24,377 - INFO -   ➕ Produto adicionado: P-4YBIIXU66K (total 1 → 2)
2026-08-04 13:30:28,457 - INFO -   ➕ Produto adicionado: P-1UM3FJCURS (total 2 → 3)
2026-08-04 13:30:32,251 - INFO -   ➕ Produto adicionado: P-BN9YAPPJEK (total 3 → 4)
2026-08-04 13:30:37,177 - INFO -   ➕ Produto adicionado: P-ALQEKU38LM (total 4 → 5)
2026-08-04 13:30:41,005 - INFO -   ➕ Produto adicionado: P-EPOE1JXNPT (total 5 → 6)
2026-08-04 13:30:44,951 - INFO -   ➕ Produto adicionado: P-7B39FP9EWE (total 6 → 7)
2026-08-04 13:30:48,664 - INFO -   ➕ Produto adicionado: P-8WEYEQFIDB (total 7 → 8)
2026-08-04 13:30:52,555 - INFO -   ➕ Produto adicionado: P-DGEE2KU5V7 (total 8 → 9)
2026-08-04 13:30:56,761 - INFO -   ➕ Produto adicionado: P-DXJ0O61C7E (total 9 → 10)
2026-08-04 13:31:00,296 - INFO -   ➕ Produto adicionado: P-2H3MPERO9X (total 10 → 11)
2026-08-04 13:31:03,794 - INFO -   ➕ Produto adicionado: P-9LKIAHMOYQ (total 11 → 12)
2026-08-04 13:31:07,683 - INFO -   ➕ Produto adicionado: P-55UTKK8NR3 (total 12 → 13)
2026-08-04 13:31:08,429 - INFO - ✓ Adição concluída — 13 adicionado(s), 0 não encontrado(s), 0 sem efeito, 0 com código divergente
2026-08-04 13:31:08,430 - INFO - Salvando alterações...
2026-08-04 13:31:08,905 - INFO - ✓ Alterações salvas com sucesso
2026-08-04 13:31:08,905 - INFO - Conferindo resultado final da coleção...
2026-08-04 13:31:14,777 - INFO -   ✓ Contagem final confere: 13 produto(s) na coleção
2026-08-04 13:31:14,777 - INFO - ============================================================
2026-08-04 13:31:14,778 - INFO - ✓ FLUXO CONCLUÍDO
2026-08-04 13:31:14,778 - INFO - ============================================================
2026-08-04 13:31:17,067 - INFO - Chrome fechado
2026-08-04 13:50:58,275 - INFO - ============================================================
2026-08-04 13:50:58,276 - INFO - INICIANDO ROBÔ DE GERENCIAMENTO DE COLEÇÕES - SPORTBAY
2026-08-04 13:50:58,276 - INFO - ============================================================
2026-08-04 13:50:58,276 - INFO - Lendo planilha: c:\Users\Protork\Desktop\Analise de preços site\Resultado_Menor_Preco_Sportbay.xlsx
2026-08-04 13:50:58,559 - INFO - Coleção alvo: 'Capacetes Infantis'
2026-08-04 13:50:58,559 - INFO - Total de shortHashes a adicionar: 16
2026-08-04 13:50:58,565 - INFO - ====== WebDriver manager ======
2026-08-04 13:50:59,134 - INFO - Driver [C:\Users\Protork\.wdm\drivers\chromedriver\win64\150.0.7871.124\chromedriver-win64/chromedriver.exe] found in cache by browser version
2026-08-04 13:50:59,886 - INFO - Acessando página de login...
2026-08-04 13:51:03,525 - INFO - ✓ Login realizado com sucesso
2026-08-04 13:51:03,527 - INFO - Navegando direto para: https://www.marketplace.sportbay.com.br/dashboard/categories
2026-08-04 13:51:04,793 - INFO - ✓ Página de lista de categorias/coleções carregada
2026-08-04 13:51:04,793 - INFO - Procurando coleção: 'Capacetes Infantis'
2026-08-04 13:51:08,748 - INFO - ✓ Coleção aberta para edição
2026-08-04 13:51:08,749 - INFO - Removendo produtos atuais da coleção...
2026-08-04 13:57:39,302 - INFO - ============================================================
2026-08-04 13:57:39,302 - INFO - INICIANDO ROBÔ DE GERENCIAMENTO DE COLEÇÕES - SPORTBAY
2026-08-04 13:57:39,302 - INFO - ============================================================
2026-08-04 13:57:39,302 - INFO - Lendo planilha: c:\Users\Protork\Desktop\Analise de preços site\Resultado_Menor_Preco_Sportbay.xlsx
2026-08-04 13:57:39,799 - INFO - Coleção alvo: 'Capacetes Infantis'
2026-08-04 13:57:39,799 - INFO - Total de shortHashes a adicionar: 16
2026-08-04 13:57:39,804 - INFO - ====== WebDriver manager ======
2026-08-04 13:57:40,465 - INFO - Driver [C:\Users\Protork\.wdm\drivers\chromedriver\win64\150.0.7871.124\chromedriver-win64/chromedriver.exe] found in cache by browser version
2026-08-04 13:57:41,299 - INFO - Acessando página de login...
2026-08-04 13:57:45,025 - INFO - ✓ Login realizado com sucesso
2026-08-04 13:57:45,026 - INFO - Navegando direto para: https://www.marketplace.sportbay.com.br/dashboard/categories
2026-08-04 13:57:46,354 - INFO - ✓ Página de lista de categorias/coleções carregada
2026-08-04 13:57:46,358 - INFO - Procurando coleção: 'Capacetes Infantis'
2026-08-04 13:57:50,632 - INFO - ✓ Coleção aberta para edição
2026-08-04 13:57:50,633 - INFO - Removendo produtos atuais da coleção...
2026-08-04 13:57:52,304 - INFO -   ➖ Produto removido (total até agora: 1)
2026-08-04 13:57:53,130 - INFO -   ➖ Produto removido (total até agora: 2)
2026-08-04 13:57:54,356 - INFO -   ➖ Produto removido (total até agora: 3)
2026-08-04 13:57:55,223 - INFO -   ➖ Produto removido (total até agora: 4)
2026-08-04 13:57:56,141 - INFO -   ➖ Produto removido (total até agora: 5)
2026-08-04 13:57:57,028 - INFO -   ➖ Produto removido (total até agora: 6)
2026-08-04 13:57:58,200 - INFO -   ➖ Produto removido (total até agora: 7)
2026-08-04 13:57:58,828 - INFO -   ➖ Produto removido (total até agora: 8)
2026-08-04 13:58:10,208 - INFO - ✓ Remoção concluída — 8 produto(s) removido(s)
2026-08-04 13:58:10,208 - INFO - Removendo filtro de Merchant 'Sportbay'...
2026-08-04 13:58:10,873 - INFO - ✓ Filtro de Merchant removido e confirmado (tag não existe mais no DOM)
2026-08-04 13:58:10,875 - INFO - Adicionando 16 produto(s) por shortHash...
2026-08-04 13:58:10,908 - INFO -   Total de produtos na coleção antes de adicionar: 0
2026-08-04 13:58:21,399 - WARNING -   ⚠ shortHash 'P-D35IERIY3R': tabela não convergiu para 1 resultado novo (contagem no timeout: 10) — pesquisando novamente...
2026-08-04 13:58:24,149 - INFO -   ➕ Produto adicionado: P-D35IERIY3R (total 0 → 1)
2026-08-04 13:58:27,585 - INFO -   ➕ Produto adicionado: P-8R3HJSV3PJ (total 1 → 2)
2026-08-04 13:58:30,948 - INFO -   ➕ Produto adicionado: P-C6V6YBHBBJ (total 2 → 3)
2026-08-04 13:58:34,519 - INFO -   ➕ Produto adicionado: P-2WKIPYGN9H (total 3 → 4)
2026-08-04 13:58:37,982 - INFO -   ➕ Produto adicionado: P-90JYDV9O4E (total 4 → 5)
2026-08-04 13:58:41,495 - INFO -   ➕ Produto adicionado: P-48Y0O7CQVA (total 5 → 6)
2026-08-04 13:58:45,737 - INFO -   ➕ Produto adicionado: P-7OHKJYKBZI (total 6 → 7)
2026-08-04 13:58:56,857 - WARNING -   ⚠ shortHash 'P-3TMFZ2X61I': tabela não convergiu para 1 resultado novo (contagem no timeout: 10) — pesquisando novamente...
2026-08-04 13:58:59,667 - INFO -   ➕ Produto adicionado: P-3TMFZ2X61I (total 7 → 8)
2026-08-04 13:59:03,203 - INFO -   ➕ Produto adicionado: P-DL81HLUJEC (total 8 → 9)
2026-08-04 13:59:06,747 - INFO -   ➕ Produto adicionado: P-5AR6A57M7L (total 9 → 10)
2026-08-04 13:59:10,293 - INFO -   ➕ Produto adicionado: P-584Q014W8K (total 10 → 11)
2026-08-04 13:59:13,787 - INFO -   ➕ Produto adicionado: P-YM8M08M2U1 (total 11 → 12)
2026-08-04 13:59:17,400 - INFO -   ➕ Produto adicionado: P-BF0NG7594I (total 12 → 13)
2026-08-04 13:59:20,821 - INFO -   ➕ Produto adicionado: P-BPY8KKDDJC (total 13 → 14)
2026-08-04 13:59:24,328 - INFO -   ➕ Produto adicionado: P-33Q7CIJLFX (total 14 → 15)
2026-08-04 13:59:27,750 - INFO -   ➕ Produto adicionado: P-1VO6DTCL44 (total 15 → 16)
2026-08-04 13:59:28,506 - INFO - ✓ Adição concluída — 16 adicionado(s), 0 não encontrado(s), 0 sem efeito, 0 com código divergente
2026-08-04 13:59:28,506 - INFO - Salvando alterações...
2026-08-04 13:59:29,170 - INFO - ✓ Alterações salvas com sucesso
2026-08-04 13:59:29,171 - INFO - Conferindo resultado final da coleção...
2026-08-04 13:59:31,482 - INFO -   ✓ Contagem final confere: 16 produto(s) na coleção
2026-08-04 13:59:31,483 - INFO - ============================================================
2026-08-04 13:59:31,484 - INFO - ✓ FLUXO CONCLUÍDO
2026-08-04 13:59:31,484 - INFO - ============================================================
2026-08-04 13:59:33,991 - INFO - Chrome fechado
2026-08-04 14:11:27,448 - INFO - ============================================================
2026-08-04 14:11:27,449 - INFO - INICIANDO ROBÔ DE GERENCIAMENTO DE COLEÇÕES - SPORTBAY
2026-08-04 14:11:27,449 - INFO - ============================================================
2026-08-04 14:11:27,449 - INFO - Lendo planilha: c:\Users\Protork\Desktop\Analise de preços site\Resultado_Menor_Preco_Sportbay.xlsx
2026-08-04 14:11:27,729 - INFO - Coleção alvo: 'Capacetes Robocop em Promoções'
2026-08-04 14:11:27,730 - INFO - Total de shortHashes a adicionar: 10
2026-08-04 14:11:27,736 - INFO - ====== WebDriver manager ======
2026-08-04 14:11:28,351 - INFO - Driver [C:\Users\Protork\.wdm\drivers\chromedriver\win64\150.0.7871.124\chromedriver-win64/chromedriver.exe] found in cache by browser version
2026-08-04 14:11:29,164 - INFO - Acessando página de login...
2026-08-04 14:11:32,641 - INFO - ✓ Login realizado com sucesso
2026-08-04 14:11:32,644 - INFO - Navegando direto para: https://www.marketplace.sportbay.com.br/dashboard/categories
2026-08-04 14:11:33,916 - INFO - ✓ Página de lista de categorias/coleções carregada
2026-08-04 14:11:33,919 - INFO - Procurando coleção: 'Capacetes Robocop em Promoções'
2026-08-04 14:11:37,989 - INFO - ✓ Coleção aberta para edição
2026-08-04 14:11:37,989 - INFO - Removendo produtos atuais da coleção...
2026-08-04 14:11:40,009 - INFO -   ➖ Produto removido (total até agora: 1)
2026-08-04 14:11:40,699 - INFO -   ➖ Produto removido (total até agora: 2)
2026-08-04 14:11:41,808 - INFO -   ➖ Produto removido (total até agora: 3)
2026-08-04 14:11:42,475 - INFO -   ➖ Produto removido (total até agora: 4)
2026-08-04 14:11:43,157 - INFO -   ➖ Produto removido (total até agora: 5)
2026-08-04 14:11:43,762 - INFO -   ➖ Produto removido (total até agora: 6)
2026-08-04 14:11:44,943 - INFO -   ➖ Produto removido (total até agora: 7)
2026-08-04 14:11:56,187 - INFO - ✓ Remoção concluída — 7 produto(s) removido(s)
2026-08-04 14:11:56,187 - INFO - Removendo filtro de Merchant 'Sportbay'...
2026-08-04 14:11:56,620 - INFO - ✓ Filtro de Merchant removido e confirmado (tag não existe mais no DOM)
2026-08-04 14:11:56,620 - INFO - Adicionando 10 produto(s) por shortHash...
2026-08-04 14:11:56,636 - INFO -   Total de produtos na coleção antes de adicionar: 0
2026-08-04 14:11:59,449 - INFO -   ➕ Produto adicionado: P-C2V4U8EFFW (total 0 → 1)
2026-08-04 14:12:02,782 - INFO -   ➕ Produto adicionado: P-615GJSJ3UB (total 1 → 2)
2026-08-04 14:12:06,248 - INFO -   ➕ Produto adicionado: P-9HDNHT0DJT (total 2 → 3)
2026-08-04 14:12:09,747 - INFO -   ➕ Produto adicionado: P-1244E555DP (total 3 → 4)
2026-08-04 14:12:20,679 - WARNING -   ⚠ shortHash 'P-4QV5PYUOWF': tabela não convergiu para 1 resultado novo (contagem no timeout: 10) — pesquisando novamente...
2026-08-04 14:12:23,735 - INFO -   ➕ Produto adicionado: P-4QV5PYUOWF (total 4 → 5)
2026-08-04 14:12:27,420 - INFO -   ➕ Produto adicionado: P-3NO0GS5RH6 (total 5 → 6)
2026-08-04 14:12:30,866 - INFO -   ➕ Produto adicionado: P-ALQ2T12FFF (total 6 → 7)
2026-08-04 14:12:34,287 - INFO -   ➕ Produto adicionado: P-2P5QQZLFED (total 7 → 8)
2026-08-04 14:12:37,886 - INFO -   ➕ Produto adicionado: P-BXFIV5UTHE (total 8 → 9)
2026-08-04 14:12:48,943 - WARNING -   ⚠ shortHash 'P-8AOR4YTFHM': tabela não convergiu para 1 resultado novo (contagem no timeout: 10) — pesquisando novamente...
2026-08-04 14:12:51,630 - INFO -   ➕ Produto adicionado: P-8AOR4YTFHM (total 9 → 10)
2026-08-04 14:12:52,595 - INFO - ✓ Adição concluída — 10 adicionado(s), 0 não encontrado(s), 0 sem efeito, 0 com código divergente
2026-08-04 14:12:52,596 - INFO - Salvando alterações...
2026-08-04 14:12:53,116 - INFO - ✓ Alterações salvas com sucesso
2026-08-04 14:12:53,117 - INFO - Conferindo resultado final da coleção...
2026-08-04 14:12:56,024 - INFO -   ✓ Contagem final confere: 10 produto(s) na coleção
2026-08-04 14:12:56,024 - INFO - ============================================================
2026-08-04 14:12:56,025 - INFO - ✓ FLUXO CONCLUÍDO
2026-08-04 14:12:56,025 - INFO - ============================================================
2026-08-04 14:12:58,243 - INFO - Chrome fechado
2026-08-04 16:33:17,898 - INFO - ============================================================
2026-08-04 16:33:17,898 - INFO - INICIANDO ROBÔ DE GERENCIAMENTO DE COLEÇÕES - SPORTBAY
2026-08-04 16:33:17,899 - INFO - ============================================================
2026-08-04 16:33:17,899 - INFO - Lendo planilha: c:\Users\Protork\Desktop\Analise de preços site\Resultado_Menor_Preco_Sportbay.xlsx
2026-08-04 16:33:18,252 - INFO - Coleção alvo: 'Promoções do Dia'
2026-08-04 16:33:18,253 - INFO - Total de shortHashes a adicionar: 64
2026-08-04 16:33:18,261 - INFO - ====== WebDriver manager ======
2026-08-04 16:33:19,169 - INFO - Driver [C:\Users\Protork\.wdm\drivers\chromedriver\win64\150.0.7871.124\chromedriver-win64/chromedriver.exe] found in cache by browser version
2026-08-04 16:33:21,771 - INFO - Acessando página de login...
2026-08-04 16:33:25,444 - INFO - ✓ Login realizado com sucesso
2026-08-04 16:33:25,445 - INFO - Navegando direto para: https://www.marketplace.sportbay.com.br/dashboard/categories
2026-08-04 16:33:26,792 - INFO - ✓ Página de lista de categorias/coleções carregada
2026-08-04 16:33:26,794 - INFO - Procurando coleção: 'Promoções do Dia'
2026-08-04 16:33:31,012 - INFO - ✓ Coleção aberta para edição
2026-08-04 16:33:31,012 - INFO - Removendo produtos atuais da coleção...
2026-08-04 16:33:32,896 - INFO -   ➖ Produto removido (total até agora: 1)
2026-08-04 16:33:33,541 - INFO -   ➖ Produto removido (total até agora: 2)
2026-08-04 16:33:34,745 - INFO -   ➖ Produto removido (total até agora: 3)
2026-08-04 16:33:35,499 - INFO -   ➖ Produto removido (total até agora: 4)
2026-08-04 16:33:36,221 - INFO -   ➖ Produto removido (total até agora: 5)
2026-08-04 16:33:36,934 - INFO -   ➖ Produto removido (total até agora: 6)
2026-08-04 16:33:38,138 - INFO -   ➖ Produto removido (total até agora: 7)
2026-08-04 16:33:38,809 - INFO -   ➖ Produto removido (total até agora: 8)
2026-08-04 16:33:39,449 - INFO -   ➖ Produto removido (total até agora: 9)
2026-08-04 16:33:40,820 - INFO -   ➖ Produto removido (total até agora: 10)
2026-08-04 16:33:41,512 - INFO -   ➖ Produto removido (total até agora: 11)
2026-08-04 16:33:42,206 - INFO -   ➖ Produto removido (total até agora: 12)
2026-08-04 16:33:42,855 - INFO -   ➖ Produto removido (total até agora: 13)
2026-08-04 16:33:44,101 - INFO -   ➖ Produto removido (total até agora: 14)
2026-08-04 16:33:44,809 - INFO -   ➖ Produto removido (total até agora: 15)
2026-08-04 16:33:45,396 - INFO -   ➖ Produto removido (total até agora: 16)
2026-08-04 16:33:46,585 - INFO -   ➖ Produto removido (total até agora: 17)
2026-08-04 16:33:47,243 - INFO -   ➖ Produto removido (total até agora: 18)
2026-08-04 16:33:48,354 - INFO -   ➖ Produto removido (total até agora: 19)
2026-08-04 16:33:49,448 - INFO -   ➖ Produto removido (total até agora: 20)
2026-08-04 16:33:50,587 - INFO -   ➖ Produto removido (total até agora: 21)
2026-08-04 16:33:51,215 - INFO -   ➖ Produto removido (total até agora: 22)
2026-08-04 16:33:51,816 - INFO -   ➖ Produto removido (total até agora: 23)
2026-08-04 16:33:52,936 - INFO -   ➖ Produto removido (total até agora: 24)
2026-08-04 16:33:53,534 - INFO -   ➖ Produto removido (total até agora: 25)
2026-08-04 16:33:54,674 - INFO -   ➖ Produto removido (total até agora: 26)
2026-08-04 16:33:55,339 - INFO -   ➖ Produto removido (total até agora: 27)
2026-08-04 16:33:55,997 - INFO -   ➖ Produto removido (total até agora: 28)
2026-08-04 16:33:56,640 - INFO -   ➖ Produto removido (total até agora: 29)
2026-08-04 16:33:57,419 - INFO -   ➖ Produto removido (total até agora: 30)
2026-08-04 16:33:58,235 - INFO -   ➖ Produto removido (total até agora: 31)
2026-08-04 16:33:58,872 - INFO -   ➖ Produto removido (total até agora: 32)
2026-08-04 16:33:59,999 - INFO -   ➖ Produto removido (total até agora: 33)
2026-08-04 16:34:00,713 - INFO -   ➖ Produto removido (total até agora: 34)
2026-08-04 16:34:01,315 - INFO -   ➖ Produto removido (total até agora: 35)
2026-08-04 16:34:02,403 - INFO -   ➖ Produto removido (total até agora: 36)
2026-08-04 16:34:03,534 - INFO -   ➖ Produto removido (total até agora: 37)
2026-08-04 16:34:04,122 - INFO -   ➖ Produto removido (total até agora: 38)
2026-08-04 16:34:05,279 - INFO -   ➖ Produto removido (total até agora: 39)
2026-08-04 16:34:16,579 - INFO - ✓ Remoção concluída — 39 produto(s) removido(s)
2026-08-04 16:34:16,579 - INFO - Removendo filtro de Merchant 'Sportbay'...
2026-08-04 16:34:17,186 - INFO - ✓ Filtro de Merchant removido e confirmado (tag não existe mais no DOM)
2026-08-04 16:34:17,186 - INFO - Adicionando 64 produto(s) por shortHash...
2026-08-04 16:34:17,203 - INFO -   Total de produtos na coleção antes de adicionar: 0
2026-08-04 16:34:20,344 - INFO -   ➕ Produto adicionado: P-36ICMN7CJ5 (total 0 → 1)
2026-08-04 16:34:24,038 - INFO -   ➕ Produto adicionado: P-ACDABSYT6Q (total 1 → 2)
2026-08-04 16:34:27,929 - INFO -   ➕ Produto adicionado: P-EJFZUZ53EQ (total 2 → 3)
2026-08-04 16:34:31,672 - INFO -   ➕ Produto adicionado: P-59BKMISOK6 (total 3 → 4)
2026-08-04 16:34:42,659 - WARNING -   ⚠ shortHash 'P-5PCOD7F000': tabela não convergiu para 1 resultado novo (contagem no timeout: 10) — pesquisando novamente...
2026-08-04 16:34:45,377 - INFO -   ➕ Produto adicionado: P-5PCOD7F000 (total 4 → 5)
2026-08-04 16:34:49,139 - INFO -   ➕ Produto adicionado: P-5OHAUAQSN4 (total 5 → 6)
2026-08-04 16:34:52,684 - INFO -   ➕ Produto adicionado: P-95J6T27J4N (total 6 → 7)
2026-08-04 16:34:56,496 - INFO -   ➕ Produto adicionado: P-4YBIIXU66K (total 7 → 8)
2026-08-04 16:34:59,993 - INFO -   ➕ Produto adicionado: P-DYPFGGAUZB (total 8 → 9)
2026-08-04 16:35:11,051 - WARNING -   ⚠ shortHash 'P-2RTJESJ2YW': tabela não convergiu para 1 resultado novo (contagem no timeout: 10) — pesquisando novamente...
2026-08-04 16:35:13,856 - INFO -   ➕ Produto adicionado: P-2RTJESJ2YW (total 9 → 10)
2026-08-04 16:35:25,015 - WARNING -   ⚠ shortHash 'P-C6V6YBHBBJ': tabela não convergiu para 1 resultado novo (contagem no timeout: 10) — pesquisando novamente...
2026-08-04 16:35:28,160 - INFO -   ➕ Produto adicionado: P-C6V6YBHBBJ (total 10 → 11)
2026-08-04 16:35:31,704 - INFO -   ➕ Produto adicionado: P-CLHVJCSSLT (total 11 → 12)
2026-08-04 16:35:35,376 - INFO -   ➕ Produto adicionado: P-AMIA0B9A4N (total 12 → 13)
2026-08-04 16:35:38,885 - INFO -   ➕ Produto adicionado: P-12X4J04NQF (total 13 → 14)
2026-08-04 16:35:42,348 - INFO -   ➕ Produto adicionado: P-7VX1YBXR1K (total 14 → 15)
2026-08-04 16:35:53,442 - WARNING -   ⚠ shortHash 'P-T0VRPECIR2': tabela não convergiu para 1 resultado novo (contagem no timeout: 10) — pesquisando novamente...
2026-08-04 16:35:56,143 - INFO -   ➕ Produto adicionado: P-T0VRPECIR2 (total 15 → 16)
2026-08-04 16:36:07,292 - WARNING -   ⚠ shortHash 'P-90JYDV9O4E': tabela não convergiu para 1 resultado novo (contagem no timeout: 10) — pesquisando novamente...
2026-08-04 16:36:09,974 - INFO -   ➕ Produto adicionado: P-90JYDV9O4E (total 16 → 17)
2026-08-04 16:36:13,546 - INFO -   ➕ Produto adicionado: P-8QY5N5GFD4 (total 17 → 18)
2026-08-04 16:36:17,173 - INFO -   ➕ Produto adicionado: P-1SCVGM87OC (total 18 → 19)
2026-08-04 16:36:28,225 - WARNING -   ⚠ shortHash 'P-BD24L1OPW2': tabela não convergiu para 1 resultado novo (contagem no timeout: 10) — pesquisando novamente...
2026-08-04 16:36:30,981 - INFO -   ➕ Produto adicionado: P-BD24L1OPW2 (total 19 → 20)
2026-08-04 16:36:42,038 - WARNING -   ⚠ shortHash 'P-830U4STCD7': tabela não convergiu para 1 resultado novo (contagem no timeout: 10) — pesquisando novamente...
2026-08-04 16:36:44,708 - INFO -   ➕ Produto adicionado: P-830U4STCD7 (total 20 → 21)
2026-08-04 16:36:47,204 - WARNING -   ⚠ shortHash 'P-ALQEKU38LM': código '688A' não bate com o SKU da linha ('', Merchant: '') — pulando para não arriscar adicionar o produto errado
2026-08-04 16:36:50,630 - INFO -   ➕ Produto adicionado: P-EY5WACLXCZ (total 21 → 22)
2026-08-04 16:37:01,770 - WARNING -   ⚠ shortHash 'P-7EYGRLTTB7': tabela não convergiu para 1 resultado novo (contagem no timeout: 10) — pesquisando novamente...
2026-08-04 16:37:04,672 - INFO -   ➕ Produto adicionado: P-7EYGRLTTB7 (total 22 → 23)
2026-08-04 16:37:08,254 - INFO -   ➕ Produto adicionado: P-4HY3M9KXZU (total 23 → 24)
2026-08-04 16:37:11,915 - INFO -   ➕ Produto adicionado: P-4HR0HK6O8G (total 24 → 25)
2026-08-04 16:37:23,113 - WARNING -   ⚠ shortHash 'P-5KR3C9OD97': tabela não convergiu para 1 resultado novo (contagem no timeout: 10) — pesquisando novamente...
2026-08-04 16:37:26,024 - INFO -   ➕ Produto adicionado: P-5KR3C9OD97 (total 25 → 26)
2026-08-04 16:37:37,204 - WARNING -   ⚠ shortHash 'P-44NT04DXED': tabela não convergiu para 1 resultado novo (contagem no timeout: 10) — pesquisando novamente...
2026-08-04 16:37:39,956 - INFO -   ➕ Produto adicionado: P-44NT04DXED (total 26 → 27)
2026-08-04 16:37:50,975 - WARNING -   ⚠ shortHash 'P-A7KRR79S2P': tabela não convergiu para 1 resultado novo (contagem no timeout: 10) — pesquisando novamente...
2026-08-04 16:37:53,728 - INFO -   ➕ Produto adicionado: P-A7KRR79S2P (total 27 → 28)
2026-08-04 16:37:56,215 - WARNING -   ⚠ shortHash 'P-5ZB9O7RZ9M': código '366' não bate com o SKU da linha ('', Merchant: '') — pulando para não arriscar adicionar o produto errado
2026-08-04 16:37:59,750 - INFO -   ➕ Produto adicionado: P-4OUQBORH23 (total 28 → 29)
2026-08-04 16:38:10,783 - WARNING -   ⚠ shortHash 'P-4R8NIZC37Y': tabela não convergiu para 1 resultado novo (contagem no timeout: 10) — pesquisando novamente...
2026-08-04 16:38:13,569 - INFO -   ➕ Produto adicionado: P-4R8NIZC37Y (total 29 → 30)
2026-08-04 16:38:24,586 - WARNING -   ⚠ shortHash 'P-18TQPXEOYC': tabela não convergiu para 1 resultado novo (contagem no timeout: 10) — pesquisando novamente...
2026-08-04 16:38:27,366 - INFO -   ➕ Produto adicionado: P-18TQPXEOYC (total 30 → 31)
2026-08-04 16:38:29,846 - WARNING -   ⚠ shortHash 'P-CN2L0JPQ85': código '115772' não bate com o SKU da linha ('', Merchant: '') — pulando para não arriscar adicionar o produto errado
2026-08-04 16:38:33,279 - INFO -   ➕ Produto adicionado: P-A0XM3PPU1D (total 31 → 32)
2026-08-04 16:38:36,791 - INFO -   ➕ Produto adicionado: P-5474ZBUNTN (total 32 → 33)
2026-08-04 16:38:40,263 - INFO -   ➕ Produto adicionado: P-6P546MFU51 (total 33 → 34)
2026-08-04 16:38:51,419 - WARNING -   ⚠ shortHash 'P-CW7G39WFQN': tabela não convergiu para 1 resultado novo (contagem no timeout: 10) — pesquisando novamente...
2026-08-04 16:38:54,122 - INFO -   ➕ Produto adicionado: P-CW7G39WFQN (total 34 → 35)
2026-08-04 16:38:57,647 - INFO -   ➕ Produto adicionado: P-APUAECTRQZ (total 35 → 36)
2026-08-04 16:39:01,769 - INFO -   ➕ Produto adicionado: P-EOAS18U050 (total 36 → 37)
2026-08-04 16:39:12,767 - WARNING -   ⚠ shortHash 'P-D9NT6HJQI3': tabela não convergiu para 1 resultado novo (contagem no timeout: 10) — pesquisando novamente...
2026-08-04 16:39:16,147 - INFO -   ➕ Produto adicionado: P-D9NT6HJQI3 (total 37 → 38)
2026-08-04 16:39:20,050 - INFO -   ➕ Produto adicionado: P-D4BGGEPYLB (total 38 → 39)
2026-08-04 16:39:23,471 - INFO -   ➕ Produto adicionado: P-1RV4I85ASD (total 39 → 40)
2026-08-04 16:39:27,026 - INFO -   ➕ Produto adicionado: P-6MNCJP0RRC (total 40 → 41)
2026-08-04 16:39:30,545 - INFO -   ➕ Produto adicionado: P-ATVPV7C8AV (total 41 → 42)
2026-08-04 16:39:41,584 - WARNING -   ⚠ shortHash 'P-DGEE2KU5V7': tabela não convergiu para 1 resultado novo (contagem no timeout: 10) — pesquisando novamente...
2026-08-04 16:39:44,313 - INFO -   ➕ Produto adicionado: P-DGEE2KU5V7 (total 42 → 43)
2026-08-04 16:39:55,222 - WARNING -   ⚠ shortHash 'P-C98ZO4039M': tabela não convergiu para 1 resultado novo (contagem no timeout: 10) — pesquisando novamente...
2026-08-04 16:39:58,151 - INFO -   ➕ Produto adicionado: P-C98ZO4039M (total 43 → 44)
2026-08-04 16:40:09,236 - WARNING -   ⚠ shortHash 'P-CBG3JPH4K7': tabela não convergiu para 1 resultado novo (contagem no timeout: 10) — pesquisando novamente...
2026-08-04 16:40:12,148 - INFO -   ➕ Produto adicionado: P-CBG3JPH4K7 (total 44 → 45)
2026-08-04 16:40:23,224 - WARNING -   ⚠ shortHash 'P-DIHV2Z73VS': tabela não convergiu para 1 resultado novo (contagem no timeout: 10) — pesquisando novamente...
2026-08-04 16:40:25,964 - INFO -   ➕ Produto adicionado: P-DIHV2Z73VS (total 45 → 46)
2026-08-04 16:40:29,413 - INFO -   ➕ Produto adicionado: P-1081D0IUHB (total 46 → 47)
2026-08-04 16:40:32,984 - INFO -   ➕ Produto adicionado: P-HEYR6GG0IW (total 47 → 48)
2026-08-04 16:40:36,531 - INFO -   ➕ Produto adicionado: P-9T20TPM2EA (total 48 → 49)
2026-08-04 16:40:40,336 - INFO -   ➕ Produto adicionado: P-15OZL3T2Y3 (total 49 → 50)
2026-08-04 16:40:43,814 - INFO -   ➕ Produto adicionado: P-EBZEOIHF52 (total 50 → 51)
2026-08-04 16:40:47,217 - INFO -   ➕ Produto adicionado: P-4VQ0IH85ZO (total 51 → 52)
2026-08-04 16:40:58,294 - WARNING -   ⚠ shortHash 'P-DKL5SLNY9T': tabela não convergiu para 1 resultado novo (contagem no timeout: 10) — pesquisando novamente...
2026-08-04 16:41:00,984 - INFO -   ➕ Produto adicionado: P-DKL5SLNY9T (total 52 → 53)
2026-08-04 16:41:04,568 - INFO -   ➕ Produto adicionado: P-586FZGOFI1 (total 53 → 54)
2026-08-04 16:41:08,306 - INFO -   ➕ Produto adicionado: P-2GFAF37P36 (total 54 → 55)
2026-08-04 16:41:11,946 - INFO -   ➕ Produto adicionado: P-29DQ53SSC4 (total 55 → 56)
2026-08-04 16:41:15,298 - INFO -   ➕ Produto adicionado: P-1M107KRYWG (total 56 → 57)
2026-08-04 16:41:18,739 - INFO -   ➕ Produto adicionado: P-PT3CTZKODJ (total 57 → 58)
2026-08-04 16:41:22,365 - INFO -   ➕ Produto adicionado: P-3RXSQTN2EO (total 58 → 59)
2026-08-04 16:41:25,773 - INFO -   ➕ Produto adicionado: P-4OEP75GZ8R (total 59 → 60)
2026-08-04 16:41:29,317 - INFO -   ➕ Produto adicionado: P-8X9AP50C4F (total 60 → 61)
2026-08-04 16:41:30,088 - INFO - ✓ Adição concluída — 61 adicionado(s), 0 não encontrado(s), 0 sem efeito, 3 com código divergente
2026-08-04 16:41:30,088 - WARNING -   shortHashes com código divergente do SKU (não adicionados): ['P-ALQEKU38LM', 'P-5ZB9O7RZ9M', 'P-CN2L0JPQ85']
2026-08-04 16:41:30,088 - INFO - Salvando alterações...
2026-08-04 16:41:30,754 - INFO - ✓ Alterações salvas com sucesso
2026-08-04 16:41:30,754 - INFO - Conferindo resultado final da coleção...
2026-08-04 16:41:33,198 - ERROR -   ✗ DIVERGÊNCIA FINAL — esperado: 64 | encontrado na coleção: 61 | diferença: 3
2026-08-04 16:41:35,335 - INFO - ============================================================
2026-08-04 16:41:35,335 - INFO - ✓ FLUXO CONCLUÍDO
2026-08-04 16:41:35,335 - INFO - ============================================================
2026-08-04 16:41:37,757 - INFO - Chrome fechado
2026-08-05 09:39:45,200 - INFO - ============================================================
2026-08-05 09:39:45,200 - INFO - INICIANDO ROBÔ DE GERENCIAMENTO DE COLEÇÕES - SPORTBAY
2026-08-05 09:39:45,200 - INFO - ============================================================
2026-08-05 09:39:45,201 - INFO - Lendo planilha: c:\Users\Protork\Desktop\Analise de preços site\Resultado_Menor_Preco_Sportbay.xlsx
2026-08-05 09:39:45,511 - INFO - Coleção alvo: 'Oferta do Dia'
2026-08-05 09:39:45,511 - INFO - Total de shortHashes a adicionar: 11
2026-08-05 09:39:50,099 - INFO - Acessando página de login...
2026-08-05 09:39:53,305 - INFO - ✓ Login realizado com sucesso
2026-08-05 09:39:53,305 - INFO - Navegando direto para: https://www.marketplace.sportbay.com.br/dashboard/categories
2026-08-05 09:39:54,958 - INFO - ✓ Página de lista de categorias/coleções carregada
2026-08-05 09:39:54,959 - INFO - Procurando coleção: 'Oferta do Dia'
2026-08-05 09:39:58,841 - INFO - ✓ Coleção aberta para edição
2026-08-05 09:39:58,841 - INFO - Removendo produtos atuais da coleção...
2026-08-05 09:40:00,717 - INFO -   ➖ Produto removido (total até agora: 1)
2026-08-05 09:40:01,483 - INFO -   ➖ Produto removido (total até agora: 2)
2026-08-05 09:40:02,250 - INFO -   ➖ Produto removido (total até agora: 3)
2026-08-05 09:40:03,095 - INFO -   ➖ Produto removido (total até agora: 4)
2026-08-05 09:40:03,816 - INFO -   ➖ Produto removido (total até agora: 5)
2026-08-05 09:40:04,555 - INFO -   ➖ Produto removido (total até agora: 6)
2026-08-05 09:40:05,503 - INFO -   ➖ Produto removido (total até agora: 7)
2026-08-05 09:40:06,269 - INFO -   ➖ Produto removido (total até agora: 8)
2026-08-05 09:40:06,962 - INFO -   ➖ Produto removido (total até agora: 9)
2026-08-05 09:40:07,577 - INFO -   ➖ Produto removido (total até agora: 10)
2026-08-05 09:40:08,224 - INFO -   ➖ Produto removido (total até agora: 11)
2026-08-05 09:40:08,799 - INFO -   ➖ Produto removido (total até agora: 12)
2026-08-05 09:40:09,561 - INFO -   ➖ Produto removido (total até agora: 13)
2026-08-05 09:40:20,748 - INFO - ✓ Remoção concluída — 13 produto(s) removido(s)
2026-08-05 09:40:20,748 - INFO - Removendo filtro de Merchant 'Sportbay'...
2026-08-05 09:40:21,097 - INFO - ✓ Filtro de Merchant removido e confirmado (tag não existe mais no DOM)
2026-08-05 09:40:21,098 - INFO - Adicionando 11 produto(s) por shortHash...
2026-08-05 09:40:21,123 - INFO -   Total de produtos na coleção antes de adicionar: 0
2026-08-05 09:40:24,003 - INFO -   ➕ Produto adicionado: P-B3V7WMAC5J (total 0 → 1)
2026-08-05 09:40:26,674 - INFO -   ➕ Produto adicionado: P-ACDABSYT6Q (total 1 → 2)
2026-08-05 09:40:29,365 - INFO -   ➕ Produto adicionado: P-59BKMISOK6 (total 2 → 3)
2026-08-05 09:40:31,812 - INFO -   ➕ Produto adicionado: P-4LN3RDHLBX (total 3 → 4)
2026-08-05 09:40:34,573 - INFO -   ➕ Produto adicionado: P-5PCOD7F000 (total 4 → 5)
2026-08-05 09:40:37,046 - INFO -   ➕ Produto adicionado: P-95J6T27J4N (total 5 → 6)
2026-08-05 09:40:39,815 - INFO -   ➕ Produto adicionado: P-28JK3COFFP (total 6 → 7)
2026-08-05 09:40:42,275 - INFO -   ➕ Produto adicionado: P-2WKIPYGN9H (total 7 → 8)
2026-08-05 09:40:44,094 - WARNING -   ⚠ shortHash 'P-3BJLMDN0E5': código '5501A' não bate com o SKU da linha ('PAI-123437', Merchant: 'LIQUID POWER LTDA') — pulando para não arriscar adicionar o produto errado
2026-08-05 09:40:46,613 - INFO -   ➕ Produto adicionado: P-CLHVJCSSLT (total 8 → 9)
2026-08-05 09:40:49,264 - INFO -   ➕ Produto adicionado: P-6KDGUKC9UP (total 9 → 10)
2026-08-05 09:40:49,626 - INFO - ✓ Adição concluída — 10 adicionado(s), 0 não encontrado(s), 0 sem efeito, 1 com código divergente
2026-08-05 09:40:49,626 - WARNING -   shortHashes com código divergente do SKU (não adicionados): ['P-3BJLMDN0E5']
2026-08-05 09:40:49,627 - INFO - Salvando alterações...
2026-08-05 09:40:49,926 - INFO - ✓ Alterações salvas com sucesso
2026-08-05 09:40:49,926 - INFO - Conferindo resultado final da coleção...
2026-08-05 09:40:51,885 - ERROR -   ✗ DIVERGÊNCIA FINAL — esperado: 11 | encontrado na coleção: 0 | diferença: 11
2026-08-05 09:40:53,969 - INFO - ============================================================
2026-08-05 09:40:53,970 - INFO - ✓ FLUXO CONCLUÍDO
2026-08-05 09:40:53,970 - INFO - ============================================================
2026-08-05 09:40:56,321 - INFO - Chrome fechado
2026-08-05 09:40:56,324 - INFO - ============================================================
2026-08-05 09:40:56,325 - INFO - RESUMO DE TEMPOS POR FASE (MEDIR_TEMPOS=True)
2026-08-05 09:40:56,329 - INFO -   remocao_item                21.36s total |   14x | média 1.526s |  42.8%
2026-08-05 09:40:56,331 - INFO -   busca                       18.43s total |   11x | média 1.675s |  37.0%
2026-08-05 09:40:56,338 - INFO -   confirmacao_contador         7.31s total |   10x | média 0.731s |  14.7%
2026-08-05 09:40:56,338 - INFO -   limpeza_filtro               1.96s total |   11x | média 0.178s |   3.9%
2026-08-05 09:40:56,338 - INFO -   clique                       0.75s total |   10x | média 0.075s |   1.5%
2026-08-05 09:40:56,339 - INFO -   validacao_sku                0.06s total |   11x | média 0.005s |   0.1%
2026-08-05 09:40:56,351 - INFO -   TOTAL MEDIDO                49.86s
2026-08-05 09:40:56,352 - INFO - ============================================================
2026-08-07 14:21:29,878 - INFO - ============================================================
2026-08-07 14:21:29,878 - INFO - INICIANDO ROBÔ DE GERENCIAMENTO DE COLEÇÕES - SPORTBAY
2026-08-07 14:21:29,879 - INFO - ============================================================
2026-08-07 14:21:29,879 - INFO - Lendo planilha: c:\Users\Protork\Desktop\Analise de preços site\Resultado_Menor_Preco_Sportbay.xlsx
2026-08-07 14:21:30,379 - INFO - Coleção alvo: 'Oferta do Dia'
2026-08-07 14:21:30,379 - INFO - Total de shortHashes a adicionar: 12
2026-08-07 14:21:33,058 - INFO - Acessando página de login...
2026-08-07 14:21:35,861 - INFO - ✓ Login realizado com sucesso
2026-08-07 14:21:35,861 - INFO - Navegando direto para: https://www.marketplace.sportbay.com.br/dashboard/categories
2026-08-07 14:21:37,105 - INFO - ✓ Página de lista de categorias/coleções carregada
2026-08-07 14:21:37,136 - INFO - Procurando coleção: 'Oferta do Dia'
2026-08-07 14:21:41,351 - INFO - ✓ Coleção aberta para edição
2026-08-07 14:21:41,351 - INFO - Removendo produtos atuais da coleção...
2026-08-07 14:21:43,306 - INFO -   ➖ Produto removido (total até agora: 1)
2026-08-07 14:21:43,931 - INFO -   ➖ Produto removido (total até agora: 2)
2026-08-07 14:21:44,968 - INFO -   ➖ Produto removido (total até agora: 3)
2026-08-07 14:21:45,886 - INFO -   ➖ Produto removido (total até agora: 4)
2026-08-07 14:21:46,686 - INFO -   ➖ Produto removido (total até agora: 5)
2026-08-07 14:21:47,582 - INFO -   ➖ Produto removido (total até agora: 6)
2026-08-07 14:21:48,396 - INFO -   ➖ Produto removido (total até agora: 7)
2026-08-07 14:21:49,214 - INFO -   ➖ Produto removido (total até agora: 8)
2026-08-07 14:21:49,870 - INFO -   ➖ Produto removido (total até agora: 9)
2026-08-07 14:21:50,516 - INFO -   ➖ Produto removido (total até agora: 10)
2026-08-07 14:21:51,241 - INFO -   ➖ Produto removido (total até agora: 11)
2026-08-07 14:22:02,390 - INFO - ✓ Remoção concluída — 11 produto(s) removido(s)
2026-08-07 14:22:02,390 - INFO - Removendo filtro de Merchant 'Sportbay'...
2026-08-07 14:22:02,773 - INFO - ✓ Filtro de Merchant removido e confirmado (tag não existe mais no DOM)
2026-08-07 14:22:02,774 - INFO - Adicionando 12 produto(s) por shortHash...
2026-08-07 14:22:02,808 - INFO -   Total de produtos na coleção antes de adicionar: 0
2026-08-07 14:22:05,338 - INFO -   ➕ Produto adicionado: P-4BVPWTNEZX (total 0 → 1)
2026-08-07 14:22:07,996 - INFO -   ➕ Produto adicionado: P-1EXXMUDKNU (total 1 → 2)
2026-08-07 14:22:11,101 - INFO -   ➕ Produto adicionado: P-36ICMN7CJ5 (total 2 → 3)
2026-08-07 14:22:13,761 - INFO -   ➕ Produto adicionado: P-39J97Y80G9 (total 3 → 4)
2026-08-07 14:22:16,426 - INFO -   ➕ Produto adicionado: P-428Z86YFK5 (total 4 → 5)
2026-08-07 14:22:19,024 - INFO -   ➕ Produto adicionado: P-4PZKUA2LO8 (total 5 → 6)
2026-08-07 14:22:21,678 - INFO -   ➕ Produto adicionado: P-6KDGUKC9UP (total 6 → 7)
2026-08-07 14:22:24,309 - INFO -   ➕ Produto adicionado: P-1SCVGM87OC (total 7 → 8)
2026-08-07 14:22:26,903 - INFO -   ➕ Produto adicionado: P-5QWTN8WDRZ (total 8 → 9)
2026-08-07 14:22:29,505 - INFO -   ➕ Produto adicionado: P-4HR0HK6O8G (total 9 → 10)
2026-08-07 14:22:31,973 - INFO -   ➕ Produto adicionado: P-47WFMD5H1L (total 10 → 11)
2026-08-07 14:22:34,807 - INFO -   ➕ Produto adicionado: P-9E5QA4UOQL (total 11 → 12)
2026-08-07 14:22:35,471 - INFO - ✓ Adição concluída — 12 adicionado(s), 0 não encontrado(s), 0 sem efeito, 0 com código divergente
2026-08-07 14:22:35,472 - INFO - Salvando alterações...
2026-08-07 14:22:35,757 - INFO - ✓ Alterações salvas com sucesso
2026-08-07 14:22:35,757 - INFO - Conferindo resultado final da coleção...
2026-08-07 14:22:40,735 - INFO -   ✓ Contagem final confere: 12 produto(s) na coleção
2026-08-07 14:22:40,736 - INFO - ============================================================
2026-08-07 14:22:40,736 - INFO - ✓ FLUXO CONCLUÍDO
2026-08-07 14:22:40,737 - INFO - ============================================================
2026-08-07 14:22:42,985 - INFO - Chrome fechado
2026-08-07 14:22:42,986 - INFO - ============================================================
2026-08-07 14:22:42,986 - INFO - RESUMO DE TEMPOS POR FASE (MEDIR_TEMPOS=True)
2026-08-07 14:22:42,986 - INFO -   remocao_item                20.48s total |   12x | média 1.707s |  38.5%
2026-08-07 14:22:42,986 - INFO -   busca                       19.70s total |   12x | média 1.642s |  37.1%
2026-08-07 14:22:42,986 - INFO -   confirmacao_contador         8.93s total |   12x | média 0.744s |  16.8%
2026-08-07 14:22:42,986 - INFO -   limpeza_filtro               2.73s total |   12x | média 0.228s |   5.1%
2026-08-07 14:22:42,986 - INFO -   clique                       1.24s total |   12x | média 0.103s |   2.3%
2026-08-07 14:22:42,987 - INFO -   validacao_sku                0.06s total |   12x | média 0.005s |   0.1%
2026-08-07 14:22:42,987 - INFO -   TOTAL MEDIDO                53.15s
2026-08-07 14:22:42,989 - INFO - ============================================================
2026-08-07 14:38:25,958 - INFO - ============================================================
2026-08-07 14:38:25,958 - INFO - INICIANDO ROBÔ DE GERENCIAMENTO DE COLEÇÕES - SPORTBAY
2026-08-07 14:38:25,958 - INFO - ============================================================
2026-08-07 14:38:25,958 - INFO - Lendo planilha: c:\Users\Protork\Desktop\Analise de preços site\Resultado_Menor_Preco_Sportbay.xlsx
2026-08-07 14:38:26,237 - INFO - Coleção alvo: 'Mais Potência'
2026-08-07 14:38:26,237 - INFO - Total de shortHashes a adicionar: 10
2026-08-07 14:38:27,075 - INFO - Acessando página de login...
2026-08-07 14:38:29,821 - INFO - ✓ Login realizado com sucesso
2026-08-07 14:38:29,822 - INFO - Navegando direto para: https://www.marketplace.sportbay.com.br/dashboard/categories
2026-08-07 14:38:31,178 - INFO - ✓ Página de lista de categorias/coleções carregada
2026-08-07 14:38:31,320 - INFO - Procurando coleção: 'Mais Potência'
2026-08-07 14:38:36,239 - INFO - ✓ Coleção aberta para edição
2026-08-07 14:38:36,240 - INFO - Removendo produtos atuais da coleção...
2026-08-07 14:38:37,787 - INFO -   ➖ Produto removido (total até agora: 1)
2026-08-07 14:38:38,555 - INFO -   ➖ Produto removido (total até agora: 2)
2026-08-07 14:38:39,231 - INFO -   ➖ Produto removido (total até agora: 3)
2026-08-07 14:38:40,243 - INFO -   ➖ Produto removido (total até agora: 4)
2026-08-07 14:38:41,123 - INFO -   ➖ Produto removido (total até agora: 5)
2026-08-07 14:38:41,895 - INFO -   ➖ Produto removido (total até agora: 6)
2026-08-07 14:38:42,530 - INFO -   ➖ Produto removido (total até agora: 7)
2026-08-07 14:38:43,530 - INFO -   ➖ Produto removido (total até agora: 8)
2026-08-07 14:38:44,068 - INFO -   ➖ Produto removido (total até agora: 9)
2026-08-07 14:38:44,673 - INFO -   ➖ Produto removido (total até agora: 10)
2026-08-07 14:38:45,257 - INFO -   ➖ Produto removido (total até agora: 11)
2026-08-07 14:38:46,010 - INFO -   ➖ Produto removido (total até agora: 12)
2026-08-07 14:38:57,193 - INFO - ✓ Remoção concluída — 12 produto(s) removido(s)
2026-08-07 14:38:57,193 - INFO - Removendo filtro de Merchant 'Sportbay'...
2026-08-07 14:38:57,445 - INFO - ✓ Filtro de Merchant removido e confirmado (tag não existe mais no DOM)
2026-08-07 14:38:57,445 - INFO - Adicionando 10 produto(s) por shortHash...
2026-08-07 14:38:57,471 - INFO -   Total de produtos na coleção antes de adicionar: 0
2026-08-07 14:39:00,400 - INFO -   ➕ Produto adicionado: P-12X4J04NQF (total 0 → 1)
2026-08-07 14:39:03,087 - INFO -   ➕ Produto adicionado: P-2RTJESJ2YW (total 1 → 2)
2026-08-07 14:39:05,684 - INFO -   ➕ Produto adicionado: P-7VX1YBXR1K (total 2 → 3)
2026-08-07 14:39:08,168 - INFO -   ➕ Produto adicionado: P-8QY5N5GFD4 (total 3 → 4)
2026-08-07 14:39:10,659 - INFO -   ➕ Produto adicionado: P-BD24L1OPW2 (total 4 → 5)
2026-08-07 14:39:13,543 - INFO -   ➕ Produto adicionado: P-A7KRR79S2P (total 5 → 6)
2026-08-07 14:39:15,960 - INFO -   ➕ Produto adicionado: P-D6TD92N9T5 (total 6 → 7)
2026-08-07 14:39:18,426 - INFO -   ➕ Produto adicionado: P-ASB3ENJ95U (total 7 → 8)
2026-08-07 14:39:21,005 - INFO -   ➕ Produto adicionado: P-CYQWXIA0C1 (total 8 → 9)
2026-08-07 14:39:23,384 - INFO -   ➕ Produto adicionado: P-7UAWSPJJJG (total 9 → 10)
2026-08-07 14:39:23,574 - INFO - ✓ Adição concluída — 10 adicionado(s), 0 não encontrado(s), 0 sem efeito, 0 com código divergente
2026-08-07 14:39:23,575 - INFO - Salvando alterações...
2026-08-07 14:39:23,735 - INFO - ✓ Alterações salvas com sucesso
2026-08-07 14:39:23,735 - INFO - Conferindo resultado final da coleção...
2026-08-07 14:39:29,370 - ERROR -   ✗ DIVERGÊNCIA FINAL — esperado: 10 | encontrado na coleção: 0 | diferença: 10
2026-08-07 14:39:31,445 - INFO - ============================================================
2026-08-07 14:39:31,445 - INFO - ✓ FLUXO CONCLUÍDO
2026-08-07 14:39:31,445 - INFO - ============================================================
2026-08-07 14:39:33,658 - INFO - Chrome fechado
2026-08-07 14:39:33,659 - INFO - ============================================================
2026-08-07 14:39:33,659 - INFO - RESUMO DE TEMPOS POR FASE (MEDIR_TEMPOS=True)
2026-08-07 14:39:33,659 - INFO -   remocao_item                20.21s total |   13x | média 1.554s |  43.6%
2026-08-07 14:39:33,659 - INFO -   busca                       16.16s total |   10x | média 1.616s |  34.9%
2026-08-07 14:39:33,659 - INFO -   confirmacao_contador         6.74s total |   10x | média 0.674s |  14.6%
2026-08-07 14:39:33,660 - INFO -   limpeza_filtro               1.94s total |   10x | média 0.194s |   4.2%
2026-08-07 14:39:33,660 - INFO -   clique                       1.21s total |   10x | média 0.121s |   2.6%
2026-08-07 14:39:33,660 - INFO -   validacao_sku                0.05s total |   10x | média 0.005s |   0.1%
2026-08-07 14:39:33,660 - INFO -   TOTAL MEDIDO                46.31s
2026-08-07 14:39:33,660 - INFO - ============================================================
2026-08-07 15:38:32,066 - INFO - ============================================================
2026-08-07 15:38:32,066 - INFO - INICIANDO ROBÔ DE GERENCIAMENTO DE COLEÇÕES - SPORTBAY
2026-08-07 15:38:32,066 - INFO - ============================================================
2026-08-07 15:38:32,066 - INFO - Lendo planilha: c:\Users\Protork\Desktop\Analise de preços site\Resultado_Menor_Preco_Sportbay.xlsx
2026-08-07 15:38:32,358 - INFO - Coleção alvo: 'Mais Vendidos em Capacetes'
2026-08-07 15:38:32,358 - INFO - Total de shortHashes a adicionar: 11
2026-08-07 15:38:33,521 - INFO - Acessando página de login...
2026-08-07 15:38:36,423 - INFO - ✓ Login realizado com sucesso
2026-08-07 15:38:36,425 - INFO - Navegando direto para: https://www.marketplace.sportbay.com.br/dashboard/categories
2026-08-07 15:38:37,926 - INFO - ✓ Página de lista de categorias/coleções carregada
2026-08-07 15:38:37,926 - INFO - Procurando coleção: 'Mais Vendidos em Capacetes'
2026-08-07 15:38:42,582 - INFO - ✓ Coleção aberta para edição
2026-08-07 15:38:42,583 - INFO - Removendo produtos atuais da coleção...
2026-08-07 15:38:44,382 - INFO -   ➖ Produto removido (total até agora: 1)
2026-08-07 15:38:45,038 - INFO -   ➖ Produto removido (total até agora: 2)
2026-08-07 15:38:45,951 - INFO -   ➖ Produto removido (total até agora: 3)
2026-08-07 15:38:46,987 - INFO -   ➖ Produto removido (total até agora: 4)
2026-08-07 15:38:47,872 - INFO -   ➖ Produto removido (total até agora: 5)
2026-08-07 15:38:48,619 - INFO -   ➖ Produto removido (total até agora: 6)
2026-08-07 15:38:49,431 - INFO -   ➖ Produto removido (total até agora: 7)
2026-08-07 15:38:50,442 - INFO -   ➖ Produto removido (total até agora: 8)
2026-08-07 15:38:51,114 - INFO -   ➖ Produto removido (total até agora: 9)
2026-08-07 15:38:52,060 - INFO -   ➖ Produto removido (total até agora: 10)
2026-08-07 15:38:52,861 - INFO -   ➖ Produto removido (total até agora: 11)
2026-08-07 15:39:04,153 - INFO - ✓ Remoção concluída — 11 produto(s) removido(s)
2026-08-07 15:39:04,228 - INFO - Removendo filtro de Merchant 'Sportbay'...
2026-08-07 15:39:04,636 - INFO - ✓ Filtro de Merchant removido e confirmado (tag não existe mais no DOM)
2026-08-07 15:39:04,653 - INFO - Adicionando 11 produto(s) por shortHash...
2026-08-07 15:39:04,771 - INFO -   Total de produtos na coleção antes de adicionar: 0
2026-08-07 15:39:07,430 - INFO -   ➕ Produto adicionado: P-9NRCLC4X8T (total 0 → 1)
2026-08-07 15:39:10,055 - INFO -   ➕ Produto adicionado: P-59BKMISOK6 (total 1 → 2)
2026-08-07 15:39:12,834 - INFO -   ➕ Produto adicionado: P-2BBKLOH3WL (total 2 → 3)
2026-08-07 15:39:15,495 - INFO -   ➕ Produto adicionado: P-1NZRGAPH6Z (total 3 → 4)
2026-08-07 15:39:18,228 - INFO -   ➕ Produto adicionado: P-808ACCI9K2 (total 4 → 5)
2026-08-07 15:39:20,860 - INFO -   ➕ Produto adicionado: P-43E67HI2WZ (total 5 → 6)
2026-08-07 15:39:23,752 - INFO -   ➕ Produto adicionado: P-CTCTU8VAYL (total 6 → 7)
2026-08-07 15:39:26,288 - INFO -   ➕ Produto adicionado: P-D35IERIY3R (total 7 → 8)
2026-08-07 15:39:28,762 - INFO -   ➕ Produto adicionado: P-5OHAUAQSN4 (total 8 → 9)
2026-08-07 15:39:31,691 - INFO -   ➕ Produto adicionado: P-5PCOD7F000 (total 9 → 10)
2026-08-07 15:39:34,427 - INFO -   ➕ Produto adicionado: P-F4AXIG0GOS (total 10 → 11)
2026-08-07 15:39:34,581 - INFO - ✓ Adição concluída — 11 adicionado(s), 0 não encontrado(s), 0 sem efeito, 0 com código divergente
2026-08-07 15:39:34,581 - INFO - Salvando alterações...
2026-08-07 15:39:34,759 - INFO - ✓ Alterações salvas com sucesso
2026-08-07 15:39:34,759 - INFO - Conferindo resultado final da coleção...
2026-08-07 15:39:40,181 - ERROR -   ✗ DIVERGÊNCIA FINAL — esperado: 11 | encontrado na coleção: 0 | diferença: 11
2026-08-07 15:39:42,354 - INFO - ============================================================
2026-08-07 15:39:42,354 - INFO - ✓ FLUXO CONCLUÍDO
2026-08-07 15:39:42,354 - INFO - ============================================================
2026-08-07 15:39:44,603 - INFO - Chrome fechado
2026-08-07 15:39:44,603 - INFO - ============================================================
2026-08-07 15:39:44,603 - INFO - RESUMO DE TEMPOS POR FASE (MEDIR_TEMPOS=True)
2026-08-07 15:39:44,603 - INFO -   remocao_item                20.85s total |   12x | média 1.738s |  41.2%
2026-08-07 15:39:44,604 - INFO -   busca                       18.06s total |   11x | média 1.641s |  35.6%
2026-08-07 15:39:44,604 - INFO -   confirmacao_contador         8.79s total |   11x | média 0.799s |  17.4%
2026-08-07 15:39:44,604 - INFO -   limpeza_filtro               1.92s total |   11x | média 0.174s |   3.8%
2026-08-07 15:39:44,604 - INFO -   clique                       0.99s total |   11x | média 0.090s |   2.0%
2026-08-07 15:39:44,604 - INFO -   validacao_sku                0.05s total |   11x | média 0.005s |   0.1%
2026-08-07 15:39:44,604 - INFO -   TOTAL MEDIDO                50.66s
2026-08-07 15:39:44,604 - INFO - ============================================================
2026-08-07 17:02:59,330 - INFO - ============================================================
2026-08-07 17:02:59,330 - INFO - INICIANDO ROBÔ DE GERENCIAMENTO DE COLEÇÕES - SPORTBAY
2026-08-07 17:02:59,331 - INFO - ============================================================
2026-08-07 17:02:59,331 - INFO - Lendo planilha: c:\Users\Protork\Desktop\Analise de preços site\Resultado_Menor_Preco_Sportbay.xlsx
2026-08-07 17:02:59,651 - INFO - Coleção alvo: 'Oferta do Dia'
2026-08-07 17:02:59,651 - INFO - Total de shortHashes a adicionar: 12
2026-08-07 17:03:01,392 - INFO - Acessando página de login...
2026-08-07 17:03:04,061 - INFO - ✓ Login realizado com sucesso
2026-08-07 17:03:04,061 - INFO - Navegando direto para: https://www.marketplace.sportbay.com.br/dashboard/categories
2026-08-07 17:03:05,296 - INFO - ✓ Página de lista de categorias/coleções carregada
2026-08-07 17:03:05,297 - INFO - Procurando coleção: 'Oferta do Dia'
2026-08-07 17:03:10,106 - INFO - ✓ Coleção aberta para edição
2026-08-07 17:03:10,107 - INFO - Removendo produtos atuais da coleção...
2026-08-07 17:03:11,931 - INFO -   ➖ Produto removido (total até agora: 1)
2026-08-07 17:03:12,803 - INFO -   ➖ Produto removido (total até agora: 2)
2026-08-07 17:03:13,612 - INFO -   ➖ Produto removido (total até agora: 3)
2026-08-07 17:03:14,281 - INFO -   ➖ Produto removido (total até agora: 4)
2026-08-07 17:03:15,089 - INFO -   ➖ Produto removido (total até agora: 5)
2026-08-07 17:03:15,911 - INFO -   ➖ Produto removido (total até agora: 6)
2026-08-07 17:03:16,827 - INFO -   ➖ Produto removido (total até agora: 7)
2026-08-07 17:03:17,597 - INFO -   ➖ Produto removido (total até agora: 8)
2026-08-07 17:03:18,359 - INFO -   ➖ Produto removido (total até agora: 9)
2026-08-07 17:03:29,591 - INFO - ✓ Remoção concluída — 9 produto(s) removido(s)
2026-08-07 17:03:29,591 - INFO - Removendo filtro de Merchant 'Sportbay'...
2026-08-07 17:03:29,814 - INFO - ✓ Filtro de Merchant removido e confirmado (tag não existe mais no DOM)
2026-08-07 17:03:29,816 - INFO - Adicionando 12 produto(s) por shortHash...
2026-08-07 17:03:29,843 - INFO -   Total de produtos na coleção antes de adicionar: 0
2026-08-07 17:03:32,611 - INFO -   ➕ Produto adicionado: P-7Z00G7JU7Y (total 0 → 1)
2026-08-07 17:03:35,469 - INFO -   ➕ Produto adicionado: P-6HB76BSI23 (total 1 → 2)
2026-08-07 17:03:38,370 - INFO -   ➕ Produto adicionado: P-36ICMN7CJ5 (total 2 → 3)
2026-08-07 17:03:41,002 - INFO -   ➕ Produto adicionado: P-39J97Y80G9 (total 3 → 4)
2026-08-07 17:03:43,662 - INFO -   ➕ Produto adicionado: P-428Z86YFK5 (total 4 → 5)
2026-08-07 17:03:46,320 - INFO -   ➕ Produto adicionado: P-32E8F8Q5T1 (total 5 → 6)
2026-08-07 17:03:49,050 - INFO -   ➕ Produto adicionado: P-6KDGUKC9UP (total 6 → 7)
2026-08-07 17:03:51,535 - INFO -   ➕ Produto adicionado: P-1SCVGM87OC (total 7 → 8)
2026-08-07 17:03:54,101 - INFO -   ➕ Produto adicionado: P-5QWTN8WDRZ (total 8 → 9)
2026-08-07 17:03:56,888 - INFO -   ➕ Produto adicionado: P-4HR0HK6O8G (total 9 → 10)
2026-08-07 17:03:59,459 - INFO -   ➕ Produto adicionado: P-47WFMD5H1L (total 10 → 11)
2026-08-07 17:04:02,122 - INFO -   ➕ Produto adicionado: P-9E5QA4UOQL (total 11 → 12)
2026-08-07 17:04:02,275 - INFO - ✓ Adição concluída — 12 adicionado(s), 0 não encontrado(s), 0 sem efeito, 0 com código divergente
2026-08-07 17:04:02,275 - INFO - Salvando alterações...
2026-08-07 17:04:02,692 - INFO - ✓ Alterações salvas com sucesso
2026-08-07 17:04:02,696 - INFO - Conferindo resultado final da coleção...
2026-08-07 17:04:08,734 - ERROR -   ✗ DIVERGÊNCIA FINAL — esperado: 12 | encontrado na coleção: 0 | diferença: 12
2026-08-07 17:04:10,791 - INFO - ============================================================
2026-08-07 17:04:10,791 - INFO - ✓ FLUXO CONCLUÍDO
2026-08-07 17:04:10,791 - INFO - ============================================================
2026-08-07 17:04:13,211 - INFO - Chrome fechado
2026-08-07 17:04:13,214 - INFO - ============================================================
2026-08-07 17:04:13,216 - INFO - RESUMO DE TEMPOS POR FASE (MEDIR_TEMPOS=True)
2026-08-07 17:04:13,216 - INFO -   busca                       19.91s total |   12x | média 1.659s |  38.8%
2026-08-07 17:04:13,217 - INFO -   remocao_item                18.93s total |   10x | média 1.893s |  36.9%
2026-08-07 17:04:13,218 - INFO -   confirmacao_contador         9.26s total |   12x | média 0.771s |  18.0%
2026-08-07 17:04:13,220 - INFO -   limpeza_filtro               2.27s total |   12x | média 0.189s |   4.4%
2026-08-07 17:04:13,223 - INFO -   clique                       0.94s total |   12x | média 0.078s |   1.8%
2026-08-07 17:04:13,270 - INFO -   validacao_sku                0.06s total |   12x | média 0.005s |   0.1%
2026-08-07 17:04:13,270 - INFO -   TOTAL MEDIDO                51.36s
2026-08-07 17:04:13,271 - INFO - ============================================================
2026-08-07 17:10:52,526 - INFO - ============================================================
2026-08-07 17:10:52,527 - INFO - INICIANDO ROBÔ DE GERENCIAMENTO DE COLEÇÕES - SPORTBAY
2026-08-07 17:10:52,527 - INFO - ============================================================
2026-08-07 17:10:52,527 - INFO - Lendo planilha: c:\Users\Protork\Desktop\Analise de preços site\Resultado_Menor_Preco_Sportbay.xlsx
2026-08-07 17:10:52,882 - INFO - Coleção alvo: 'Mais Potência'
2026-08-07 17:10:52,882 - INFO - Total de shortHashes a adicionar: 12
2026-08-07 17:10:53,895 - INFO - Acessando página de login...
2026-08-07 17:10:56,556 - INFO - ✓ Login realizado com sucesso
2026-08-07 17:10:56,556 - INFO - Navegando direto para: https://www.marketplace.sportbay.com.br/dashboard/categories
2026-08-07 17:10:57,880 - INFO - ✓ Página de lista de categorias/coleções carregada
2026-08-07 17:10:57,905 - INFO - Procurando coleção: 'Mais Potência'
2026-08-07 17:11:02,550 - INFO - ✓ Coleção aberta para edição
2026-08-07 17:11:02,551 - INFO - Removendo produtos atuais da coleção...
2026-08-07 17:11:04,875 - INFO -   ➖ Produto removido (total até agora: 1)
2026-08-07 17:11:05,367 - INFO -   ➖ Produto removido (total até agora: 2)
2026-08-07 17:11:06,081 - INFO -   ➖ Produto removido (total até agora: 3)
2026-08-07 17:11:06,664 - INFO -   ➖ Produto removido (total até agora: 4)
2026-08-07 17:11:07,442 - INFO -   ➖ Produto removido (total até agora: 5)
2026-08-07 17:11:08,206 - INFO -   ➖ Produto removido (total até agora: 6)
2026-08-07 17:11:08,917 - INFO -   ➖ Produto removido (total até agora: 7)
2026-08-07 17:11:09,942 - INFO -   ➖ Produto removido (total até agora: 8)
2026-08-07 17:11:10,576 - INFO -   ➖ Produto removido (total até agora: 9)
2026-08-07 17:11:11,236 - INFO -   ➖ Produto removido (total até agora: 10)
2026-08-07 17:11:11,865 - INFO -   ➖ Produto removido (total até agora: 11)
2026-08-07 17:11:23,019 - INFO - ✓ Remoção concluída — 11 produto(s) removido(s)
2026-08-07 17:11:23,019 - INFO - Removendo filtro de Merchant 'Sportbay'...
2026-08-07 17:11:23,305 - INFO - ✓ Filtro de Merchant removido e confirmado (tag não existe mais no DOM)
2026-08-07 17:11:23,305 - INFO - Adicionando 12 produto(s) por shortHash...
2026-08-07 17:11:23,351 - INFO -   Total de produtos na coleção antes de adicionar: 0
2026-08-07 17:11:25,709 - INFO -   ➕ Produto adicionado: P-12X4J04NQF (total 0 → 1)
2026-08-07 17:11:28,140 - INFO -   ➕ Produto adicionado: P-2RTJESJ2YW (total 1 → 2)
2026-08-07 17:11:30,698 - INFO -   ➕ Produto adicionado: P-7VX1YBXR1K (total 2 → 3)
2026-08-07 17:11:33,321 - INFO -   ➕ Produto adicionado: P-8QY5N5GFD4 (total 3 → 4)
2026-08-07 17:11:35,854 - INFO -   ➕ Produto adicionado: P-BD24L1OPW2 (total 4 → 5)
2026-08-07 17:11:38,412 - INFO -   ➕ Produto adicionado: P-A7KRR79S2P (total 5 → 6)
2026-08-07 17:11:40,892 - INFO -   ➕ Produto adicionado: P-D6TD92N9T5 (total 6 → 7)
2026-08-07 17:11:43,697 - INFO -   ➕ Produto adicionado: P-28606M3KLB (total 7 → 8)
2026-08-07 17:11:46,096 - INFO -   ➕ Produto adicionado: P-CYQWXIA0C1 (total 8 → 9)
2026-08-07 17:11:48,623 - INFO -   ➕ Produto adicionado: P-7UAWSPJJJG (total 9 → 10)
2026-08-07 17:11:51,260 - INFO -   ➕ Produto adicionado: P-5H5AZH4L70 (total 10 → 11)
2026-08-07 17:11:53,709 - INFO -   ➕ Produto adicionado: P-57BYQQ92SA (total 11 → 12)
2026-08-07 17:11:53,942 - INFO - ✓ Adição concluída — 12 adicionado(s), 0 não encontrado(s), 0 sem efeito, 0 com código divergente
2026-08-07 17:11:53,942 - INFO - Salvando alterações...
2026-08-07 17:11:54,216 - INFO - ✓ Alterações salvas com sucesso
2026-08-07 17:11:54,218 - INFO - Conferindo resultado final da coleção...
2026-08-07 17:12:01,097 - INFO -   ✓ Contagem final confere: 12 produto(s) na coleção
2026-08-07 17:12:01,099 - INFO - ============================================================
2026-08-07 17:12:01,099 - INFO - ✓ FLUXO CONCLUÍDO
2026-08-07 17:12:01,100 - INFO - ============================================================
2026-08-07 17:12:04,127 - INFO - Chrome fechado
2026-08-07 17:12:04,127 - INFO - ============================================================
2026-08-07 17:12:04,128 - INFO - RESUMO DE TEMPOS POR FASE (MEDIR_TEMPOS=True)
2026-08-07 17:12:04,128 - INFO -   remocao_item                19.67s total |   12x | média 1.639s |  39.1%
2026-08-07 17:12:04,128 - INFO -   busca                       19.33s total |   12x | média 1.611s |  38.5%
2026-08-07 17:12:04,128 - INFO -   confirmacao_contador         7.93s total |   12x | média 0.661s |  15.8%
2026-08-07 17:12:04,128 - INFO -   limpeza_filtro               2.22s total |   12x | média 0.185s |   4.4%
2026-08-07 17:12:04,129 - INFO -   clique                       1.04s total |   12x | média 0.086s |   2.1%
2026-08-07 17:12:04,129 - INFO -   validacao_sku                0.07s total |   12x | média 0.006s |   0.1%
2026-08-07 17:12:04,129 - INFO -   TOTAL MEDIDO                50.26s
2026-08-07 17:12:04,129 - INFO - ============================================================
2026-08-11 15:28:15,183 - INFO - ============================================================
2026-08-11 15:28:15,183 - INFO - INICIANDO ROBÔ DE GERENCIAMENTO DE COLEÇÕES - SPORTBAY
2026-08-11 15:28:15,184 - INFO - ============================================================
2026-08-11 15:28:15,184 - INFO - Lendo planilha: c:\Users\Protork\Desktop\Analise de preços site\Resultado_Menor_Preco_Sportbay.xlsx
2026-08-11 15:28:15,770 - WARNING - ⚠ 6 shortHash(es) duplicado(s) na planilha, descartados: ['P-2MYGLV5KR4', 'P-1JF8RJL49X', 'P-4Z6TY9NHVA', 'P-2846EWEE9W', 'P-A7CQ8A1O35', 'P-5QWTN8WDRZ']
2026-08-11 15:28:15,772 - INFO - Coleção alvo: 'Campanhas Google'
2026-08-11 15:28:15,773 - INFO - Total de shortHashes a adicionar: 298
2026-08-11 15:28:26,977 - INFO - Acessando página de login...
2026-08-11 15:28:31,092 - INFO - ✓ Login realizado com sucesso
2026-08-11 15:28:31,100 - INFO - Navegando direto para: https://www.marketplace.sportbay.com.br/dashboard/categories
2026-08-11 15:28:32,544 - INFO - ✓ Página de lista de categorias/coleções carregada
2026-08-11 15:28:32,545 - INFO - Procurando coleção: 'Campanhas Google'
2026-08-11 15:28:37,674 - INFO - ✓ Coleção aberta para edição
2026-08-11 15:28:37,675 - INFO - Removendo produtos atuais da coleção...
2026-08-11 15:28:40,319 - INFO -   ➖ Produto removido (total até agora: 1)
2026-08-11 15:28:41,433 - INFO -   ➖ Produto removido (total até agora: 2)
2026-08-11 15:28:42,389 - INFO -   ➖ Produto removido (total até agora: 3)
2026-08-11 15:28:43,321 - INFO -   ➖ Produto removido (total até agora: 4)
2026-08-11 15:28:44,216 - INFO -   ➖ Produto removido (total até agora: 5)
2026-08-11 15:28:45,206 - INFO -   ➖ Produto removido (total até agora: 6)
2026-08-11 15:28:46,122 - INFO -   ➖ Produto removido (total até agora: 7)
2026-08-11 15:28:46,988 - INFO -   ➖ Produto removido (total até agora: 8)
2026-08-11 15:28:48,026 - INFO -   ➖ Produto removido (total até agora: 9)
2026-08-11 15:28:48,907 - INFO -   ➖ Produto removido (total até agora: 10)
2026-08-11 15:28:49,826 - INFO -   ➖ Produto removido (total até agora: 11)
2026-08-11 15:28:50,855 - INFO -   ➖ Produto removido (total até agora: 12)
2026-08-11 15:28:52,365 - INFO -   ➖ Produto removido (total até agora: 13)
2026-08-11 15:28:53,397 - INFO -   ➖ Produto removido (total até agora: 14)
2026-08-11 15:28:54,437 - INFO -   ➖ Produto removido (total até agora: 15)
2026-08-11 15:28:55,396 - INFO -   ➖ Produto removido (total até agora: 16)
2026-08-11 15:28:56,453 - INFO -   ➖ Produto removido (total até agora: 17)
2026-08-11 15:28:57,845 - INFO -   ➖ Produto removido (total até agora: 18)
2026-08-11 15:28:59,389 - INFO -   ➖ Produto removido (total até agora: 19)
2026-08-11 15:29:00,466 - INFO -   ➖ Produto removido (total até agora: 20)
2026-08-11 15:29:01,362 - INFO -   ➖ Produto removido (total até agora: 21)
2026-08-11 15:29:02,655 - INFO -   ➖ Produto removido (total até agora: 22)
2026-08-11 15:29:03,551 - INFO -   ➖ Produto removido (total até agora: 23)
2026-08-11 15:29:04,508 - INFO -   ➖ Produto removido (total até agora: 24)
2026-08-11 15:29:06,441 - INFO -   ➖ Produto removido (total até agora: 25)
2026-08-11 15:29:07,310 - INFO -   ➖ Produto removido (total até agora: 26)
2026-08-11 15:29:08,260 - INFO -   ➖ Produto removido (total até agora: 27)
2026-08-11 15:29:09,143 - INFO -   ➖ Produto removido (total até agora: 28)
2026-08-11 15:29:09,968 - INFO -   ➖ Produto removido (total até agora: 29)
2026-08-11 15:29:10,757 - INFO -   ➖ Produto removido (total até agora: 30)
2026-08-11 15:29:11,535 - INFO -   ➖ Produto removido (total até agora: 31)
2026-08-11 15:29:13,293 - INFO -   ➖ Produto removido (total até agora: 32)
2026-08-11 15:29:14,550 - INFO -   ➖ Produto removido (total até agora: 33)
2026-08-11 15:29:15,426 - INFO -   ➖ Produto removido (total até agora: 34)
2026-08-11 15:29:16,238 - INFO -   ➖ Produto removido (total até agora: 35)
2026-08-11 15:29:17,146 - INFO -   ➖ Produto removido (total até agora: 36)
2026-08-11 15:29:18,778 - INFO -   ➖ Produto removido (total até agora: 37)
2026-08-11 15:29:19,740 - INFO -   ➖ Produto removido (total até agora: 38)
2026-08-11 15:29:20,658 - INFO -   ➖ Produto removido (total até agora: 39)
2026-08-11 15:29:21,540 - INFO -   ➖ Produto removido (total até agora: 40)
2026-08-11 15:29:22,419 - INFO -   ➖ Produto removido (total até agora: 41)
2026-08-11 15:29:23,289 - INFO -   ➖ Produto removido (total até agora: 42)
2026-08-11 15:29:24,160 - INFO -   ➖ Produto removido (total até agora: 43)
2026-08-11 15:29:25,208 - INFO -   ➖ Produto removido (total até agora: 44)
2026-08-11 15:29:26,061 - INFO -   ➖ Produto removido (total até agora: 45)
2026-08-11 15:29:26,826 - INFO -   ➖ Produto removido (total até agora: 46)
2026-08-11 15:29:27,724 - INFO -   ➖ Produto removido (total até agora: 47)
2026-08-11 15:29:28,605 - INFO -   ➖ Produto removido (total até agora: 48)
2026-08-11 15:29:29,350 - INFO -   ➖ Produto removido (total até agora: 49)
2026-08-11 15:29:30,446 - INFO -   ➖ Produto removido (total até agora: 50)
2026-08-11 15:29:31,409 - INFO -   ➖ Produto removido (total até agora: 51)
2026-08-11 15:29:32,157 - INFO -   ➖ Produto removido (total até agora: 52)
2026-08-11 15:29:32,994 - INFO -   ➖ Produto removido (total até agora: 53)
2026-08-11 15:29:33,776 - INFO -   ➖ Produto removido (total até agora: 54)
2026-08-11 15:29:34,576 - INFO -   ➖ Produto removido (total até agora: 55)
2026-08-11 15:29:36,159 - INFO -   ➖ Produto removido (total até agora: 56)
2026-08-11 15:29:36,958 - INFO -   ➖ Produto removido (total até agora: 57)
2026-08-11 15:29:37,800 - INFO -   ➖ Produto removido (total até agora: 58)
2026-08-11 15:29:38,550 - INFO -   ➖ Produto removido (total até agora: 59)
2026-08-11 15:29:39,338 - INFO -   ➖ Produto removido (total até agora: 60)
2026-08-11 15:29:40,215 - INFO -   ➖ Produto removido (total até agora: 61)
2026-08-11 15:29:41,310 - INFO -   ➖ Produto removido (total até agora: 62)
2026-08-11 15:29:42,846 - INFO -   ➖ Produto removido (total até agora: 63)
2026-08-11 15:29:43,710 - INFO -   ➖ Produto removido (total até agora: 64)
2026-08-11 15:29:44,557 - INFO -   ➖ Produto removido (total até agora: 65)
2026-08-11 15:29:45,351 - INFO -   ➖ Produto removido (total até agora: 66)
2026-08-11 15:29:46,853 - INFO -   ➖ Produto removido (total até agora: 67)
2026-08-11 15:29:48,842 - INFO -   ➖ Produto removido (total até agora: 68)
2026-08-11 15:29:49,586 - INFO -   ➖ Produto removido (total até agora: 69)
2026-08-11 15:29:51,210 - INFO -   ➖ Produto removido (total até agora: 70)
2026-08-11 15:29:51,968 - INFO -   ➖ Produto removido (total até agora: 71)
2026-08-11 15:29:52,889 - INFO -   ➖ Produto removido (total até agora: 72)
2026-08-11 15:29:54,336 - INFO -   ➖ Produto removido (total até agora: 73)
2026-08-11 15:29:54,977 - INFO -   ➖ Produto removido (total até agora: 74)
2026-08-11 15:29:55,793 - INFO -   ➖ Produto removido (total até agora: 75)
2026-08-11 15:29:56,733 - INFO -   ➖ Produto removido (total até agora: 76)
2026-08-11 15:29:57,565 - INFO -   ➖ Produto removido (total até agora: 77)
2026-08-11 15:29:58,439 - INFO -   ➖ Produto removido (total até agora: 78)
2026-08-11 15:29:59,404 - INFO -   ➖ Produto removido (total até agora: 79)
2026-08-11 15:30:00,486 - INFO -   ➖ Produto removido (total até agora: 80)
2026-08-11 15:30:01,159 - INFO -   ➖ Produto removido (total até agora: 81)
2026-08-11 15:30:02,892 - INFO -   ➖ Produto removido (total até agora: 82)
2026-08-11 15:30:03,654 - INFO -   ➖ Produto removido (total até agora: 83)
2026-08-11 15:30:04,662 - INFO -   ➖ Produto removido (total até agora: 84)
2026-08-11 15:30:05,477 - INFO -   ➖ Produto removido (total até agora: 85)
2026-08-11 15:30:06,267 - INFO -   ➖ Produto removido (total até agora: 86)
2026-08-11 15:30:07,154 - INFO -   ➖ Produto removido (total até agora: 87)
2026-08-11 15:30:08,574 - INFO -   ➖ Produto removido (total até agora: 88)
2026-08-11 15:30:09,538 - INFO -   ➖ Produto removido (total até agora: 89)
2026-08-11 15:30:10,521 - INFO -   ➖ Produto removido (total até agora: 90)
2026-08-11 15:30:11,263 - INFO -   ➖ Produto removido (total até agora: 91)
2026-08-11 15:30:12,391 - INFO -   ➖ Produto removido (total até agora: 92)
2026-08-11 15:30:13,344 - INFO -   ➖ Produto removido (total até agora: 93)
2026-08-11 15:30:14,037 - INFO -   ➖ Produto removido (total até agora: 94)
2026-08-11 15:30:14,850 - INFO -   ➖ Produto removido (total até agora: 95)
2026-08-11 15:30:15,853 - INFO -   ➖ Produto removido (total até agora: 96)
2026-08-11 15:30:16,673 - INFO -   ➖ Produto removido (total até agora: 97)
2026-08-11 15:30:17,888 - INFO -   ➖ Produto removido (total até agora: 98)
2026-08-11 15:30:18,779 - INFO -   ➖ Produto removido (total até agora: 99)
2026-08-11 15:30:20,596 - INFO -   ➖ Produto removido (total até agora: 100)
2026-08-11 15:30:21,736 - INFO -   ➖ Produto removido (total até agora: 101)
2026-08-11 15:30:22,552 - INFO -   ➖ Produto removido (total até agora: 102)
2026-08-11 15:30:23,442 - INFO -   ➖ Produto removido (total até agora: 103)
2026-08-11 15:30:24,236 - INFO -   ➖ Produto removido (total até agora: 104)
2026-08-11 15:30:25,038 - INFO -   ➖ Produto removido (total até agora: 105)
2026-08-11 15:30:25,833 - INFO -   ➖ Produto removido (total até agora: 106)
2026-08-11 15:30:26,850 - INFO -   ➖ Produto removido (total até agora: 107)
2026-08-11 15:30:28,060 - INFO -   ➖ Produto removido (total até agora: 108)
2026-08-11 15:30:28,928 - INFO -   ➖ Produto removido (total até agora: 109)
2026-08-11 15:30:29,731 - INFO -   ➖ Produto removido (total até agora: 110)
2026-08-11 15:30:30,510 - INFO -   ➖ Produto removido (total até agora: 111)
2026-08-11 15:30:31,535 - INFO -   ➖ Produto removido (total até agora: 112)
2026-08-11 15:30:32,511 - INFO -   ➖ Produto removido (total até agora: 113)
2026-08-11 15:30:33,358 - INFO -   ➖ Produto removido (total até agora: 114)
2026-08-11 15:30:34,137 - INFO -   ➖ Produto removido (total até agora: 115)
2026-08-11 15:30:34,913 - INFO -   ➖ Produto removido (total até agora: 116)
2026-08-11 15:30:35,724 - INFO -   ➖ Produto removido (total até agora: 117)
2026-08-11 15:30:37,602 - INFO -   ➖ Produto removido (total até agora: 118)
2026-08-11 15:30:38,558 - INFO -   ➖ Produto removido (total até agora: 119)
2026-08-11 15:30:39,423 - INFO -   ➖ Produto removido (total até agora: 120)
2026-08-11 15:30:40,331 - INFO -   ➖ Produto removido (total até agora: 121)
2026-08-11 15:30:41,049 - INFO -   ➖ Produto removido (total até agora: 122)
2026-08-11 15:30:41,910 - INFO -   ➖ Produto removido (total até agora: 123)
2026-08-11 15:30:42,681 - INFO -   ➖ Produto removido (total até agora: 124)
2026-08-11 15:30:43,531 - INFO -   ➖ Produto removido (total até agora: 125)
2026-08-11 15:30:44,406 - INFO -   ➖ Produto removido (total até agora: 126)
2026-08-11 15:30:46,365 - INFO -   ➖ Produto removido (total até agora: 127)
2026-08-11 15:30:47,153 - INFO -   ➖ Produto removido (total até agora: 128)
2026-08-11 15:30:47,965 - INFO -   ➖ Produto removido (total até agora: 129)
2026-08-11 15:30:48,677 - INFO -   ➖ Produto removido (total até agora: 130)
2026-08-11 15:30:49,545 - INFO -   ➖ Produto removido (total até agora: 131)
2026-08-11 15:30:50,326 - INFO -   ➖ Produto removido (total até agora: 132)
2026-08-11 15:30:51,082 - INFO -   ➖ Produto removido (total até agora: 133)
2026-08-11 15:30:51,829 - INFO -   ➖ Produto removido (total até agora: 134)
2026-08-11 15:30:53,248 - INFO -   ➖ Produto removido (total até agora: 135)
2026-08-11 15:30:54,429 - INFO -   ➖ Produto removido (total até agora: 136)
2026-08-11 15:30:55,347 - INFO -   ➖ Produto removido (total até agora: 137)
2026-08-11 15:30:56,058 - INFO -   ➖ Produto removido (total até agora: 138)
2026-08-11 15:30:56,817 - INFO -   ➖ Produto removido (total até agora: 139)
2026-08-11 15:30:57,527 - INFO -   ➖ Produto removido (total até agora: 140)
2026-08-11 15:30:58,620 - INFO -   ➖ Produto removido (total até agora: 141)
2026-08-11 15:30:59,336 - INFO -   ➖ Produto removido (total até agora: 142)
2026-08-11 15:31:00,074 - INFO -   ➖ Produto removido (total até agora: 143)
2026-08-11 15:31:00,957 - INFO -   ➖ Produto removido (total até agora: 144)
2026-08-11 15:31:02,054 - INFO -   ➖ Produto removido (total até agora: 145)
2026-08-11 15:31:02,898 - INFO -   ➖ Produto removido (total até agora: 146)
2026-08-11 15:31:03,695 - INFO -   ➖ Produto removido (total até agora: 147)
2026-08-11 15:31:04,765 - INFO -   ➖ Produto removido (total até agora: 148)
2026-08-11 15:31:05,592 - INFO -   ➖ Produto removido (total até agora: 149)
2026-08-11 15:31:06,541 - INFO -   ➖ Produto removido (total até agora: 150)
2026-08-11 15:31:07,294 - INFO -   ➖ Produto removido (total até agora: 151)
2026-08-11 15:31:08,044 - INFO -   ➖ Produto removido (total até agora: 152)
2026-08-11 15:31:08,788 - INFO -   ➖ Produto removido (total até agora: 153)
2026-08-11 15:31:09,540 - INFO -   ➖ Produto removido (total até agora: 154)
2026-08-11 15:31:10,380 - INFO -   ➖ Produto removido (total até agora: 155)
2026-08-11 15:31:11,169 - INFO -   ➖ Produto removido (total até agora: 156)
2026-08-11 15:31:12,507 - INFO -   ➖ Produto removido (total até agora: 157)
2026-08-11 15:31:13,270 - INFO -   ➖ Produto removido (total até agora: 158)
2026-08-11 15:31:14,067 - INFO -   ➖ Produto removido (total até agora: 159)
2026-08-11 15:31:15,258 - INFO -   ➖ Produto removido (total até agora: 160)
2026-08-11 15:31:16,670 - INFO -   ➖ Produto removido (total até agora: 161)
2026-08-11 15:31:17,622 - INFO -   ➖ Produto removido (total até agora: 162)
2026-08-11 15:31:18,591 - INFO -   ➖ Produto removido (total até agora: 163)
2026-08-11 15:31:19,212 - INFO -   ➖ Produto removido (total até agora: 164)
2026-08-11 15:31:19,935 - INFO -   ➖ Produto removido (total até agora: 165)
2026-08-11 15:31:20,604 - INFO -   ➖ Produto removido (total até agora: 166)
2026-08-11 15:31:21,456 - INFO -   ➖ Produto removido (total até agora: 167)
2026-08-11 15:31:23,556 - INFO -   ➖ Produto removido (total até agora: 168)
2026-08-11 15:31:24,424 - INFO -   ➖ Produto removido (total até agora: 169)
2026-08-11 15:31:25,253 - INFO -   ➖ Produto removido (total até agora: 170)
2026-08-11 15:31:25,933 - INFO -   ➖ Produto removido (total até agora: 171)
2026-08-11 15:31:26,780 - INFO -   ➖ Produto removido (total até agora: 172)
2026-08-11 15:31:27,454 - INFO -   ➖ Produto removido (total até agora: 173)
2026-08-11 15:31:28,233 - INFO -   ➖ Produto removido (total até agora: 174)
2026-08-11 15:31:28,967 - INFO -   ➖ Produto removido (total até agora: 175)
2026-08-11 15:31:29,801 - INFO -   ➖ Produto removido (total até agora: 176)
2026-08-11 15:31:30,535 - INFO -   ➖ Produto removido (total até agora: 177)
2026-08-11 15:31:31,470 - INFO -   ➖ Produto removido (total até agora: 178)
2026-08-11 15:31:32,175 - INFO -   ➖ Produto removido (total até agora: 179)
2026-08-11 15:31:33,033 - INFO -   ➖ Produto removido (total até agora: 180)
2026-08-11 15:31:33,917 - INFO -   ➖ Produto removido (total até agora: 181)
2026-08-11 15:31:34,654 - INFO -   ➖ Produto removido (total até agora: 182)
2026-08-11 15:31:35,584 - INFO -   ➖ Produto removido (total até agora: 183)
2026-08-11 15:31:36,288 - INFO -   ➖ Produto removido (total até agora: 184)
2026-08-11 15:31:37,069 - INFO -   ➖ Produto removido (total até agora: 185)
2026-08-11 15:31:37,722 - INFO -   ➖ Produto removido (total até agora: 186)
2026-08-11 15:31:38,517 - INFO -   ➖ Produto removido (total até agora: 187)
2026-08-11 15:31:39,254 - INFO -   ➖ Produto removido (total até agora: 188)
2026-08-11 15:31:39,939 - INFO -   ➖ Produto removido (total até agora: 189)
2026-08-11 15:31:41,461 - INFO -   ➖ Produto removido (total até agora: 190)
2026-08-11 15:31:42,476 - INFO -   ➖ Produto removido (total até agora: 191)
2026-08-11 15:31:43,168 - INFO -   ➖ Produto removido (total até agora: 192)
2026-08-11 15:31:43,919 - INFO -   ➖ Produto removido (total até agora: 193)
2026-08-11 15:31:44,634 - INFO -   ➖ Produto removido (total até agora: 194)
2026-08-11 15:31:45,999 - INFO -   ➖ Produto removido (total até agora: 195)
2026-08-11 15:31:47,001 - INFO -   ➖ Produto removido (total até agora: 196)
2026-08-11 15:31:48,126 - INFO -   ➖ Produto removido (total até agora: 197)
2026-08-11 15:31:48,879 - INFO -   ➖ Produto removido (total até agora: 198)
2026-08-11 15:31:49,846 - INFO -   ➖ Produto removido (total até agora: 199)
2026-08-11 15:31:50,640 - INFO -   ➖ Produto removido (total até agora: 200)
2026-08-11 15:31:51,276 - INFO -   ➖ Produto removido (total até agora: 201)
2026-08-11 15:31:51,925 - INFO -   ➖ Produto removido (total até agora: 202)
2026-08-11 15:31:52,836 - INFO -   ➖ Produto removido (total até agora: 203)
2026-08-11 15:31:53,506 - INFO -   ➖ Produto removido (total até agora: 204)
2026-08-11 15:31:54,207 - INFO -   ➖ Produto removido (total até agora: 205)
2026-08-11 15:31:55,001 - INFO -   ➖ Produto removido (total até agora: 206)
2026-08-11 15:31:56,014 - INFO -   ➖ Produto removido (total até agora: 207)
2026-08-11 15:31:56,680 - INFO -   ➖ Produto removido (total até agora: 208)
2026-08-11 15:31:57,933 - INFO -   ➖ Produto removido (total até agora: 209)
2026-08-11 15:31:59,123 - INFO -   ➖ Produto removido (total até agora: 210)
2026-08-11 15:31:59,760 - INFO -   ➖ Produto removido (total até agora: 211)
2026-08-11 15:32:00,517 - INFO -   ➖ Produto removido (total até agora: 212)
2026-08-11 15:32:01,156 - INFO -   ➖ Produto removido (total até agora: 213)
2026-08-11 15:32:01,851 - INFO -   ➖ Produto removido (total até agora: 214)
2026-08-11 15:32:02,522 - INFO -   ➖ Produto removido (total até agora: 215)
2026-08-11 15:32:03,538 - INFO -   ➖ Produto removido (total até agora: 216)
2026-08-11 15:32:04,427 - INFO -   ➖ Produto removido (total até agora: 217)
2026-08-11 15:32:05,101 - INFO -   ➖ Produto removido (total até agora: 218)
2026-08-11 15:32:05,914 - INFO -   ➖ Produto removido (total até agora: 219)
2026-08-11 15:32:06,619 - INFO -   ➖ Produto removido (total até agora: 220)
2026-08-11 15:32:07,310 - INFO -   ➖ Produto removido (total até agora: 221)
2026-08-11 15:32:08,017 - INFO -   ➖ Produto removido (total até agora: 222)
2026-08-11 15:32:08,720 - INFO -   ➖ Produto removido (total até agora: 223)
2026-08-11 15:32:09,677 - INFO -   ➖ Produto removido (total até agora: 224)
2026-08-11 15:32:10,387 - INFO -   ➖ Produto removido (total até agora: 225)
2026-08-11 15:32:11,079 - INFO -   ➖ Produto removido (total até agora: 226)
2026-08-11 15:32:11,737 - INFO -   ➖ Produto removido (total até agora: 227)
2026-08-11 15:32:12,746 - INFO -   ➖ Produto removido (total até agora: 228)
2026-08-11 15:32:13,405 - INFO -   ➖ Produto removido (total até agora: 229)
2026-08-11 15:32:14,038 - INFO -   ➖ Produto removido (total até agora: 230)
2026-08-11 15:32:14,900 - INFO -   ➖ Produto removido (total até agora: 231)
2026-08-11 15:32:15,689 - INFO -   ➖ Produto removido (total até agora: 232)
2026-08-11 15:32:16,350 - INFO -   ➖ Produto removido (total até agora: 233)
2026-08-11 15:32:16,976 - INFO -   ➖ Produto removido (total até agora: 234)
2026-08-11 15:32:17,644 - INFO -   ➖ Produto removido (total até agora: 235)
2026-08-11 15:32:18,328 - INFO -   ➖ Produto removido (total até agora: 236)
2026-08-11 15:32:19,054 - INFO -   ➖ Produto removido (total até agora: 237)
2026-08-11 15:32:19,719 - INFO -   ➖ Produto removido (total até agora: 238)
2026-08-11 15:32:20,626 - INFO -   ➖ Produto removido (total até agora: 239)
2026-08-11 15:32:21,316 - INFO -   ➖ Produto removido (total até agora: 240)
2026-08-11 15:32:22,276 - INFO -   ➖ Produto removido (total até agora: 241)
2026-08-11 15:32:23,043 - INFO -   ➖ Produto removido (total até agora: 242)
2026-08-11 15:32:23,732 - INFO -   ➖ Produto removido (total até agora: 243)
2026-08-11 15:32:24,414 - INFO -   ➖ Produto removido (total até agora: 244)
2026-08-11 15:32:25,085 - INFO -   ➖ Produto removido (total até agora: 245)
2026-08-11 15:32:25,977 - INFO -   ➖ Produto removido (total até agora: 246)
2026-08-11 15:32:26,855 - INFO -   ➖ Produto removido (total até agora: 247)
2026-08-11 15:32:27,981 - INFO -   ➖ Produto removido (total até agora: 248)
2026-08-11 15:32:28,600 - INFO -   ➖ Produto removido (total até agora: 249)
2026-08-11 15:32:29,270 - INFO -   ➖ Produto removido (total até agora: 250)
2026-08-11 15:32:29,959 - INFO -   ➖ Produto removido (total até agora: 251)
2026-08-11 15:32:31,051 - INFO -   ➖ Produto removido (total até agora: 252)
2026-08-11 15:32:31,898 - INFO -   ➖ Produto removido (total até agora: 253)
2026-08-11 15:32:32,540 - INFO -   ➖ Produto removido (total até agora: 254)
2026-08-11 15:32:33,245 - INFO -   ➖ Produto removido (total até agora: 255)
2026-08-11 15:32:34,316 - INFO -   ➖ Produto removido (total até agora: 256)
2026-08-11 15:32:35,018 - INFO -   ➖ Produto removido (total até agora: 257)
2026-08-11 15:32:35,913 - INFO -   ➖ Produto removido (total até agora: 258)
2026-08-11 15:32:37,232 - INFO -   ➖ Produto removido (total até agora: 259)
2026-08-11 15:32:38,065 - INFO -   ➖ Produto removido (total até agora: 260)
2026-08-11 15:32:38,723 - INFO -   ➖ Produto removido (total até agora: 261)
2026-08-11 15:32:39,484 - INFO -   ➖ Produto removido (total até agora: 262)
2026-08-11 15:32:40,178 - INFO -   ➖ Produto removido (total até agora: 263)
2026-08-11 15:32:40,830 - INFO -   ➖ Produto removido (total até agora: 264)
2026-08-11 15:32:41,527 - INFO -   ➖ Produto removido (total até agora: 265)
2026-08-11 15:32:42,592 - INFO -   ➖ Produto removido (total até agora: 266)
2026-08-11 15:32:43,603 - INFO -   ➖ Produto removido (total até agora: 267)
2026-08-11 15:32:44,394 - INFO -   ➖ Produto removido (total até agora: 268)
2026-08-11 15:32:45,055 - INFO -   ➖ Produto removido (total até agora: 269)
2026-08-11 15:32:45,720 - INFO -   ➖ Produto removido (total até agora: 270)
2026-08-11 15:32:46,457 - INFO -   ➖ Produto removido (total até agora: 271)
2026-08-11 15:32:47,148 - INFO -   ➖ Produto removido (total até agora: 272)
2026-08-11 15:32:47,798 - INFO -   ➖ Produto removido (total até agora: 273)
2026-08-11 15:32:48,566 - INFO -   ➖ Produto removido (total até agora: 274)
2026-08-11 15:32:49,199 - INFO -   ➖ Produto removido (total até agora: 275)
2026-08-11 15:32:50,319 - INFO -   ➖ Produto removido (total até agora: 276)
2026-08-11 15:32:50,974 - INFO -   ➖ Produto removido (total até agora: 277)
2026-08-11 15:32:51,657 - INFO -   ➖ Produto removido (total até agora: 278)
2026-08-11 15:32:52,296 - INFO -   ➖ Produto removido (total até agora: 279)
2026-08-11 15:32:52,990 - INFO -   ➖ Produto removido (total até agora: 280)
2026-08-11 15:32:53,763 - INFO -   ➖ Produto removido (total até agora: 281)
2026-08-11 15:32:54,426 - INFO -   ➖ Produto removido (total até agora: 282)
2026-08-11 15:32:55,082 - INFO -   ➖ Produto removido (total até agora: 283)
2026-08-11 15:32:55,971 - INFO -   ➖ Produto removido (total até agora: 284)
2026-08-11 15:32:56,557 - INFO -   ➖ Produto removido (total até agora: 285)
2026-08-11 15:32:57,148 - INFO -   ➖ Produto removido (total até agora: 286)
2026-08-11 15:32:57,818 - INFO -   ➖ Produto removido (total até agora: 287)
2026-08-11 15:32:59,652 - INFO -   ➖ Produto removido (total até agora: 288)
2026-08-11 15:33:00,448 - INFO -   ➖ Produto removido (total até agora: 289)
2026-08-11 15:33:01,255 - INFO -   ➖ Produto removido (total até agora: 290)
2026-08-11 15:33:01,915 - INFO -   ➖ Produto removido (total até agora: 291)
2026-08-11 15:33:02,535 - INFO -   ➖ Produto removido (total até agora: 292)
2026-08-11 15:33:03,355 - INFO -   ➖ Produto removido (total até agora: 293)
2026-08-11 15:33:04,980 - INFO -   ➖ Produto removido (total até agora: 294)
2026-08-11 15:33:05,776 - INFO -   ➖ Produto removido (total até agora: 295)
2026-08-11 15:33:06,442 - INFO -   ➖ Produto removido (total até agora: 296)
2026-08-11 15:33:07,095 - INFO -   ➖ Produto removido (total até agora: 297)
2026-08-11 15:33:07,735 - INFO -   ➖ Produto removido (total até agora: 298)
2026-08-11 15:33:08,466 - INFO -   ➖ Produto removido (total até agora: 299)
2026-08-11 15:33:09,103 - INFO -   ➖ Produto removido (total até agora: 300)
2026-08-11 15:33:09,720 - INFO -   ➖ Produto removido (total até agora: 301)
2026-08-11 15:33:10,375 - INFO -   ➖ Produto removido (total até agora: 302)
2026-08-11 15:33:11,208 - INFO -   ➖ Produto removido (total até agora: 303)
2026-08-11 15:33:12,064 - INFO -   ➖ Produto removido (total até agora: 304)
2026-08-11 15:33:12,903 - INFO -   ➖ Produto removido (total até agora: 305)
2026-08-11 15:33:13,731 - INFO -   ➖ Produto removido (total até agora: 306)
2026-08-11 15:33:14,359 - INFO -   ➖ Produto removido (total até agora: 307)
2026-08-11 15:33:15,041 - INFO -   ➖ Produto removido (total até agora: 308)
2026-08-11 15:33:15,642 - INFO -   ➖ Produto removido (total até agora: 309)
2026-08-11 15:33:16,467 - INFO -   ➖ Produto removido (total até agora: 310)
2026-08-11 15:33:17,183 - INFO -   ➖ Produto removido (total até agora: 311)
2026-08-11 15:33:17,872 - INFO -   ➖ Produto removido (total até agora: 312)
2026-08-11 15:33:18,798 - INFO -   ➖ Produto removido (total até agora: 313)
2026-08-11 15:33:19,428 - INFO -   ➖ Produto removido (total até agora: 314)
2026-08-11 15:33:20,046 - INFO -   ➖ Produto removido (total até agora: 315)
2026-08-11 15:33:21,004 - INFO -   ➖ Produto removido (total até agora: 316)
2026-08-11 15:33:32,226 - INFO - ✓ Remoção concluída — 316 produto(s) removido(s)
2026-08-11 15:33:32,226 - INFO - Removendo filtro de Merchant 'Sportbay'...
2026-08-11 15:33:32,497 - INFO - ✓ Filtro de Merchant removido e confirmado (tag não existe mais no DOM)
2026-08-11 15:33:32,497 - INFO - Adicionando 298 produto(s) por shortHash...
2026-08-11 15:33:32,516 - INFO -   Total de produtos na coleção antes de adicionar: 0
2026-08-11 15:33:34,963 - INFO -   ➕ Produto adicionado: P-BGE8LTM2ZY (total 0 → 1)
2026-08-11 15:33:37,484 - INFO -   ➕ Produto adicionado: P-4Y96GOLY91 (total 1 → 2)
2026-08-11 15:33:40,202 - INFO -   ➕ Produto adicionado: P-3R1FSMXXUU (total 2 → 3)
2026-08-11 15:33:42,658 - INFO -   ➕ Produto adicionado: P-34FTNZ1QL2 (total 3 → 4)
2026-08-11 15:33:45,149 - INFO -   ➕ Produto adicionado: P-DRTMZ2LVJR (total 4 → 5)
2026-08-11 15:33:47,815 - INFO -   ➕ Produto adicionado: P-HEYR6GG0IW (total 5 → 6)
2026-08-11 15:33:50,612 - INFO -   ➕ Produto adicionado: P-20FNV1PET7 (total 6 → 7)
2026-08-11 15:33:53,194 - INFO -   ➕ Produto adicionado: P-8FVUSDSJIX (total 7 → 8)
2026-08-11 15:33:55,755 - INFO -   ➕ Produto adicionado: P-DNCLHN7BOC (total 8 → 9)
2026-08-11 15:33:58,315 - INFO -   ➕ Produto adicionado: P-2SZUHXPFBG (total 9 → 10)
2026-08-11 15:34:00,999 - INFO -   ➕ Produto adicionado: P-18E04IHT33 (total 10 → 11)
2026-08-11 15:34:03,484 - INFO -   ➕ Produto adicionado: P-25MICSKNLZ (total 11 → 12)
2026-08-11 15:34:06,308 - INFO -   ➕ Produto adicionado: P-25HP3G0BQ9 (total 12 → 13)
2026-08-11 15:34:08,853 - INFO -   ➕ Produto adicionado: P-8J3Y13M85V (total 13 → 14)
2026-08-11 15:34:11,301 - INFO -   ➕ Produto adicionado: P-4DZFQ5LCZ0 (total 14 → 15)
2026-08-11 15:34:13,917 - INFO -   ➕ Produto adicionado: P-7C2AAIG60G (total 15 → 16)
2026-08-11 15:34:16,380 - INFO -   ➕ Produto adicionado: P-8QVQFHES65 (total 16 → 17)
2026-08-11 15:34:19,305 - INFO -   ➕ Produto adicionado: P-A5MGITKIX9 (total 17 → 18)
2026-08-11 15:34:22,022 - INFO -   ➕ Produto adicionado: P-9WT8207RJW (total 18 → 19)
2026-08-11 15:34:24,643 - INFO -   ➕ Produto adicionado: P-QC7NLBR5Z0 (total 19 → 20)
2026-08-11 15:34:27,223 - INFO -   ➕ Produto adicionado: P-BFTCCPUZEN (total 20 → 21)
2026-08-11 15:34:29,845 - INFO -   ➕ Produto adicionado: P-B3GS3SOT2F (total 21 → 22)
2026-08-11 15:34:32,289 - INFO -   ➕ Produto adicionado: P-7N6ZZOAAKA (total 22 → 23)
2026-08-11 15:34:34,804 - INFO -   ➕ Produto adicionado: P-AZA08FCXGO (total 23 → 24)
2026-08-11 15:34:37,615 - INFO -   ➕ Produto adicionado: P-8VBHG6LGWZ (total 24 → 25)
2026-08-11 15:34:40,042 - INFO -   ➕ Produto adicionado: P-EOP98I6R2Y (total 25 → 26)
2026-08-11 15:34:42,449 - INFO -   ➕ Produto adicionado: P-2KRJ79X9H6 (total 26 → 27)
2026-08-11 15:34:45,130 - INFO -   ➕ Produto adicionado: P-2846EWEE9W (total 27 → 28)
2026-08-11 15:34:47,627 - INFO -   ➕ Produto adicionado: P-CLT3U70AYX (total 28 → 29)
2026-08-11 15:34:50,426 - INFO -   ➕ Produto adicionado: P-7L8WLER3RP (total 29 → 30)
2026-08-11 15:34:52,922 - INFO -   ➕ Produto adicionado: P-2AQCIZNBQL (total 30 → 31)
2026-08-11 15:34:55,600 - INFO -   ➕ Produto adicionado: P-CIXHX6Z6GT (total 31 → 32)
2026-08-11 15:34:58,018 - INFO -   ➕ Produto adicionado: P-4H2XP1DLU4 (total 32 → 33)
2026-08-11 15:35:00,483 - INFO -   ➕ Produto adicionado: P-A1V2DGVDC9 (total 33 → 34)
2026-08-11 15:35:03,066 - INFO -   ➕ Produto adicionado: P-DUP2FOIF17 (total 34 → 35)
2026-08-11 15:35:05,490 - INFO -   ➕ Produto adicionado: P-8J4VYBVMQ4 (total 35 → 36)
2026-08-11 15:35:08,231 - INFO -   ➕ Produto adicionado: P-CGN02MS3K8 (total 36 → 37)
2026-08-11 15:35:10,816 - INFO -   ➕ Produto adicionado: P-76JD2QFZMF (total 37 → 38)
2026-08-11 15:35:13,391 - INFO -   ➕ Produto adicionado: P-35XME22D0K (total 38 → 39)
2026-08-11 15:35:16,015 - INFO -   ➕ Produto adicionado: P-587YRCQVOD (total 39 → 40)
2026-08-11 15:35:18,681 - INFO -   ➕ Produto adicionado: P-5L9SQAE7QW (total 40 → 41)
2026-08-11 15:35:21,228 - INFO -   ➕ Produto adicionado: P-8CSXCH5F7X (total 41 → 42)
2026-08-11 15:35:23,896 - INFO -   ➕ Produto adicionado: P-4OFPU3F7V2 (total 42 → 43)
2026-08-11 15:35:26,474 - INFO -   ➕ Produto adicionado: P-XKJBLNM3H2 (total 43 → 44)
2026-08-11 15:35:29,159 - INFO -   ➕ Produto adicionado: P-9W1T6WPYET (total 44 → 45)
2026-08-11 15:35:31,730 - INFO -   ➕ Produto adicionado: P-6X8CS8E3VB (total 45 → 46)
2026-08-11 15:35:34,290 - INFO -   ➕ Produto adicionado: P-7U0GFTZZFG (total 46 → 47)
2026-08-11 15:35:36,894 - INFO -   ➕ Produto adicionado: P-9V6PJN32BA (total 47 → 48)
2026-08-11 15:35:39,535 - INFO -   ➕ Produto adicionado: P-ASUVZM86LM (total 48 → 49)
2026-08-11 15:35:41,990 - INFO -   ➕ Produto adicionado: P-6QL9DSGN35 (total 49 → 50)
2026-08-11 15:35:44,710 - INFO -   ➕ Produto adicionado: P-F1MYG0OEWB (total 50 → 51)
2026-08-11 15:35:47,216 - INFO -   ➕ Produto adicionado: P-CJ6JLLZODU (total 51 → 52)
2026-08-11 15:35:49,688 - INFO -   ➕ Produto adicionado: P-3F5S1M6JNK (total 52 → 53)
2026-08-11 15:35:52,563 - INFO -   ➕ Produto adicionado: P-ABG4TS9OKO (total 53 → 54)
2026-08-11 15:35:55,073 - INFO -   ➕ Produto adicionado: P-72KUV1QRNW (total 54 → 55)
2026-08-11 15:35:57,760 - INFO -   ➕ Produto adicionado: P-5HRN13KWV8 (total 55 → 56)
2026-08-11 15:36:00,238 - INFO -   ➕ Produto adicionado: P-9T3500FHDT (total 56 → 57)
2026-08-11 15:36:02,923 - INFO -   ➕ Produto adicionado: P-4AJATF7QWN (total 57 → 58)
2026-08-11 15:36:05,439 - INFO -   ➕ Produto adicionado: P-6R5S9UBLG3 (total 58 → 59)
2026-08-11 15:36:08,189 - INFO -   ➕ Produto adicionado: P-8QFQH7ITLS (total 59 → 60)
2026-08-11 15:36:10,817 - INFO -   ➕ Produto adicionado: P-4IUHMXX7Y2 (total 60 → 61)
2026-08-11 15:36:13,431 - INFO -   ➕ Produto adicionado: P-6IQPDJAQKS (total 61 → 62)
2026-08-11 15:36:15,926 - INFO -   ➕ Produto adicionado: P-6KDGUKC9UP (total 62 → 63)
2026-08-11 15:36:18,830 - INFO -   ➕ Produto adicionado: P-CWPJA2ERYG (total 63 → 64)
2026-08-11 15:36:21,726 - INFO -   ➕ Produto adicionado: P-80LR23WGOS (total 64 → 65)
2026-08-11 15:36:24,495 - INFO -   ➕ Produto adicionado: P-3NVDCLTH9V (total 65 → 66)
2026-08-11 15:36:27,234 - INFO -   ➕ Produto adicionado: P-9AFLTJN83H (total 66 → 67)
2026-08-11 15:36:29,871 - INFO -   ➕ Produto adicionado: P-2137NRGWHB (total 67 → 68)
2026-08-11 15:36:32,373 - INFO -   ➕ Produto adicionado: P-8MBJTNEAQF (total 68 → 69)
2026-08-11 15:36:35,230 - INFO -   ➕ Produto adicionado: P-7B7NRXQRLE (total 69 → 70)
2026-08-11 15:36:37,747 - INFO -   ➕ Produto adicionado: P-5YGKGX1HOG (total 70 → 71)
2026-08-11 15:36:40,436 - INFO -   ➕ Produto adicionado: P-4TEB3A8PYU (total 71 → 72)
2026-08-11 15:36:42,402 - WARNING -   ⚠ shortHash 'P-6E87EGZPMK': código '125410' não bate com o SKU da linha ('PAI-126599', Merchant: 'WORLD MOTOPARTS LTDA') — pulando para não arriscar adicionar o produto errado
2026-08-11 15:36:44,766 - INFO -   ➕ Produto adicionado: P-5269OM95UC (total 72 → 73)
2026-08-11 15:36:47,432 - INFO -   ➕ Produto adicionado: P-51PCZXI6H1 (total 73 → 74)
2026-08-11 15:36:50,094 - INFO -   ➕ Produto adicionado: P-EVV2L1MH1H (total 74 → 75)
2026-08-11 15:36:52,695 - INFO -   ➕ Produto adicionado: P-CD1EZBN8T9 (total 75 → 76)
2026-08-11 15:36:55,140 - INFO -   ➕ Produto adicionado: P-3JQAXF1CRU (total 76 → 77)
2026-08-11 15:36:57,819 - INFO -   ➕ Produto adicionado: P-4KFBG1VV9Z (total 77 → 78)
2026-08-11 15:37:00,388 - INFO -   ➕ Produto adicionado: P-1HD81A78K0 (total 78 → 79)
2026-08-11 15:37:03,137 - INFO -   ➕ Produto adicionado: P-ETPC4K1N3E (total 79 → 80)
2026-08-11 15:37:05,617 - INFO -   ➕ Produto adicionado: P-BASZ342JAR (total 80 → 81)
2026-08-11 15:37:08,479 - INFO -   ➕ Produto adicionado: P-M1D7Z5MIEN (total 81 → 82)
2026-08-11 15:37:11,202 - INFO -   ➕ Produto adicionado: P-1E3EIP961T (total 82 → 83)
2026-08-11 15:37:13,881 - INFO -   ➕ Produto adicionado: P-AGW4CLN3WS (total 83 → 84)
2026-08-11 15:37:16,561 - INFO -   ➕ Produto adicionado: P-8ZX92PZDWQ (total 84 → 85)
2026-08-11 15:37:19,193 - INFO -   ➕ Produto adicionado: P-6ZUWUQ6DX5 (total 85 → 86)
2026-08-11 15:37:21,717 - INFO -   ➕ Produto adicionado: P-6LFPWSD56O (total 86 → 87)
2026-08-11 15:37:24,381 - INFO -   ➕ Produto adicionado: P-4A3RNZMN1B (total 87 → 88)
2026-08-11 15:37:27,009 - INFO -   ➕ Produto adicionado: P-5SLYQ2L19U (total 88 → 89)
2026-08-11 15:37:29,714 - INFO -   ➕ Produto adicionado: P-2EGXW2UW29 (total 89 → 90)
2026-08-11 15:37:32,385 - INFO -   ➕ Produto adicionado: P-MNTSAFPU8K (total 90 → 91)
2026-08-11 15:37:35,021 - INFO -   ➕ Produto adicionado: P-CHQ41WZY77 (total 91 → 92)
2026-08-11 15:37:37,893 - INFO -   ➕ Produto adicionado: P-CM96VKR8HY (total 92 → 93)
2026-08-11 15:37:40,514 - INFO -   ➕ Produto adicionado: P-4FUPLUZTFT (total 93 → 94)
2026-08-11 15:37:43,291 - INFO -   ➕ Produto adicionado: P-46CC0BFNDZ (total 94 → 95)
2026-08-11 15:37:45,905 - INFO -   ➕ Produto adicionado: P-DV4Z0GKM9I (total 95 → 96)
2026-08-11 15:37:48,419 - INFO -   ➕ Produto adicionado: P-2XGYK6IGZN (total 96 → 97)
2026-08-11 15:37:51,140 - INFO -   ➕ Produto adicionado: P-27KQA9AVJ8 (total 97 → 98)
2026-08-11 15:37:53,771 - INFO -   ➕ Produto adicionado: P-6MNCJP0RRC (total 98 → 99)
2026-08-11 15:37:56,580 - INFO -   ➕ Produto adicionado: P-177BNL65BJ (total 99 → 100)
2026-08-11 15:37:59,360 - INFO -   ➕ Produto adicionado: P-AU28J36J00 (total 100 → 101)
2026-08-11 15:38:02,147 - INFO -   ➕ Produto adicionado: P-8TT74OHLLY (total 101 → 102)
2026-08-11 15:38:04,824 - INFO -   ➕ Produto adicionado: P-8R3IZSDGVO (total 102 → 103)
2026-08-11 15:38:07,728 - INFO -   ➕ Produto adicionado: P-B0GN02T0ZY (total 103 → 104)
2026-08-11 15:38:10,658 - INFO -   ➕ Produto adicionado: P-C8HEYD9TWZ (total 104 → 105)
2026-08-11 15:38:13,374 - INFO -   ➕ Produto adicionado: P-5M1GD0U2LN (total 105 → 106)
2026-08-11 15:38:15,245 - WARNING -   ⚠ shortHash 'P-4ZHOI7SX45': código '110923' não bate com o SKU da linha ('PAI-117234', Merchant: 'FISHING PLACE LTDA') — pulando para não arriscar adicionar o produto errado
2026-08-11 15:38:17,640 - INFO -   ➕ Produto adicionado: P-F454OKU43L (total 106 → 107)
2026-08-11 15:38:19,410 - WARNING -   ⚠ shortHash 'P-1JF8RJL49X': código '120061' não bate com o SKU da linha ('116187', Merchant: 'Sportbay') — pulando para não arriscar adicionar o produto errado
2026-08-11 15:38:22,084 - INFO -   ➕ Produto adicionado: P-DW4LK24L1Z (total 107 → 108)
2026-08-11 15:38:24,656 - INFO -   ➕ Produto adicionado: P-6J3LDAOQIL (total 108 → 109)
2026-08-11 15:38:27,557 - INFO -   ➕ Produto adicionado: P-77YTW5D3BX (total 109 → 110)
2026-08-11 15:38:30,134 - INFO -   ➕ Produto adicionado: P-E5AC3X4RY2 (total 110 → 111)
2026-08-11 15:38:33,108 - INFO -   ➕ Produto adicionado: P-48Z1M1XOYD (total 111 → 112)
2026-08-11 15:38:35,830 - INFO -   ➕ Produto adicionado: P-BTFVGNMZD9 (total 112 → 113)
2026-08-11 15:38:38,533 - INFO -   ➕ Produto adicionado: P-5ON4GHZFSS (total 113 → 114)
2026-08-11 15:38:41,169 - INFO -   ➕ Produto adicionado: P-D3UXGEZMBD (total 114 → 115)
2026-08-11 15:38:43,835 - WARNING -   ⚠ shortHash 'P-A9HBBJNVXG': código '120060' não bate com o SKU da linha ('', Merchant: '') — pulando para não arriscar adicionar o produto errado
2026-08-11 15:38:46,658 - INFO -   ➕ Produto adicionado: P-24JNHR25VB (total 115 → 116)
2026-08-11 15:38:49,173 - INFO -   ➕ Produto adicionado: P-6M9YA1YURK (total 116 → 117)
2026-08-11 15:38:51,944 - INFO -   ➕ Produto adicionado: P-F1A0IWIW4O (total 117 → 118)
2026-08-11 15:38:54,466 - INFO -   ➕ Produto adicionado: P-9I14RYD6RN (total 118 → 119)
2026-08-11 15:38:57,143 - INFO -   ➕ Produto adicionado: P-BDSARGCGL6 (total 119 → 120)
2026-08-11 15:38:59,763 - INFO -   ➕ Produto adicionado: P-A7CQ8A1O35 (total 120 → 121)
2026-08-11 15:39:02,627 - INFO -   ➕ Produto adicionado: P-A2FJ6QZ0I3 (total 121 → 122)
2026-08-11 15:39:05,701 - INFO -   ➕ Produto adicionado: P-617A8E9VKU (total 122 → 123)
2026-08-11 15:39:08,524 - INFO -   ➕ Produto adicionado: P-EYZQY66486 (total 123 → 124)
2026-08-11 15:39:11,509 - INFO -   ➕ Produto adicionado: P-BRKEHZJ70I (total 124 → 125)
2026-08-11 15:39:14,166 - INFO -   ➕ Produto adicionado: P-8QGMHLF6IC (total 125 → 126)
2026-08-11 15:39:16,723 - INFO -   ➕ Produto adicionado: P-1VI9WQCG2R (total 126 → 127)
2026-08-11 15:39:19,787 - INFO -   ➕ Produto adicionado: P-7AG75NQTP3 (total 127 → 128)
2026-08-11 15:39:22,279 - INFO -   ➕ Produto adicionado: P-ATTL0UODPJ (total 128 → 129)
2026-08-11 15:39:24,901 - INFO -   ➕ Produto adicionado: P-4030JJX0QE (total 129 → 130)
2026-08-11 15:39:27,361 - INFO -   ➕ Produto adicionado: P-29O3KJOZ69 (total 130 → 131)
2026-08-11 15:39:29,912 - INFO -   ➕ Produto adicionado: P-8FN3ASC4SA (total 131 → 132)
2026-08-11 15:39:32,533 - INFO -   ➕ Produto adicionado: P-2LJFIFT50O (total 132 → 133)
2026-08-11 15:39:34,953 - INFO -   ➕ Produto adicionado: P-CX5NTZP44W (total 133 → 134)
2026-08-11 15:39:37,523 - INFO -   ➕ Produto adicionado: P-ESWFJB375U (total 134 → 135)
2026-08-11 15:39:40,229 - INFO -   ➕ Produto adicionado: P-1QRF66FJUL (total 135 → 136)
2026-08-11 15:39:42,663 - INFO -   ➕ Produto adicionado: P-D0CLX88J9V (total 136 → 137)
2026-08-11 15:39:45,134 - INFO -   ➕ Produto adicionado: P-3KIF753JAC (total 137 → 138)
2026-08-11 15:39:47,788 - INFO -   ➕ Produto adicionado: P-39DQGU6R2O (total 138 → 139)
2026-08-11 15:39:50,239 - INFO -   ➕ Produto adicionado: P-DJUCDMUUAU (total 139 → 140)
2026-08-11 15:39:52,761 - INFO -   ➕ Produto adicionado: P-2P2GZUZSGF (total 140 → 141)
2026-08-11 15:39:55,528 - INFO -   ➕ Produto adicionado: P-7JEA3RAOLK (total 141 → 142)
2026-08-11 15:39:57,968 - INFO -   ➕ Produto adicionado: P-9E5QA4UOQL (total 142 → 143)
2026-08-11 15:40:00,833 - INFO -   ➕ Produto adicionado: P-88HZQ6L3KZ (total 143 → 144)
2026-08-11 15:40:03,759 - INFO -   ➕ Produto adicionado: P-AX0W0O2RFV (total 144 → 145)
2026-08-11 15:40:06,405 - INFO -   ➕ Produto adicionado: P-F4Q64G155Q (total 145 → 146)
2026-08-11 15:40:08,982 - INFO -   ➕ Produto adicionado: P-9WEIDBWPK4 (total 146 → 147)
2026-08-11 15:40:11,412 - INFO -   ➕ Produto adicionado: P-2R8149F6OJ (total 147 → 148)
2026-08-11 15:40:14,021 - INFO -   ➕ Produto adicionado: P-9HNYUOPQ1O (total 148 → 149)
2026-08-11 15:40:16,488 - INFO -   ➕ Produto adicionado: P-DB91DVJFR7 (total 149 → 150)
2026-08-11 15:40:19,216 - INFO -   ➕ Produto adicionado: P-7J89BO7A3K (total 150 → 151)
2026-08-11 15:40:21,658 - INFO -   ➕ Produto adicionado: P-7OU20B7ADZ (total 151 → 152)
2026-08-11 15:40:24,900 - INFO -   ➕ Produto adicionado: P-D7MEQSQQ79 (total 152 → 153)
2026-08-11 15:40:27,371 - INFO -   ➕ Produto adicionado: P-7CO3A2HCEM (total 153 → 154)
2026-08-11 15:40:29,821 - INFO -   ➕ Produto adicionado: P-AEWTHG7WUD (total 154 → 155)
2026-08-11 15:40:32,481 - INFO -   ➕ Produto adicionado: P-1JK6UW6EGY (total 155 → 156)
2026-08-11 15:40:35,099 - INFO -   ➕ Produto adicionado: P-DKPAP1WN67 (total 156 → 157)
2026-08-11 15:40:37,939 - INFO -   ➕ Produto adicionado: P-9U0S63LFHP (total 157 → 158)
2026-08-11 15:40:40,940 - INFO -   ➕ Produto adicionado: P-BY64IDK0UE (total 158 → 159)
2026-08-11 15:40:43,765 - INFO -   ➕ Produto adicionado: P-24BOB9G2V8 (total 159 → 160)
2026-08-11 15:40:46,678 - INFO -   ➕ Produto adicionado: P-89ZTAN6JJ6 (total 160 → 161)
2026-08-11 15:40:49,461 - INFO -   ➕ Produto adicionado: P-A87YGS41SJ (total 161 → 162)
2026-08-11 15:40:52,137 - INFO -   ➕ Produto adicionado: P-68LNIE6JB8 (total 162 → 163)
2026-08-11 15:40:54,974 - INFO -   ➕ Produto adicionado: P-6BU1G6ZRUP (total 163 → 164)
2026-08-11 15:40:57,656 - INFO -   ➕ Produto adicionado: P-4HBCK08YU6 (total 164 → 165)
2026-08-11 15:41:00,474 - INFO -   ➕ Produto adicionado: P-ARLIVPMM7C (total 165 → 166)
2026-08-11 15:41:03,311 - INFO -   ➕ Produto adicionado: P-BL3YPQAZPL (total 166 → 167)
2026-08-11 15:41:06,115 - INFO -   ➕ Produto adicionado: P-6DIP3IG5HC (total 167 → 168)
2026-08-11 15:41:09,138 - INFO -   ➕ Produto adicionado: P-3ZBS8BK50J (total 168 → 169)
2026-08-11 15:41:11,728 - INFO -   ➕ Produto adicionado: P-2MYGLV5KR4 (total 169 → 170)
2026-08-11 15:41:14,537 - INFO -   ➕ Produto adicionado: P-E4ZUWF7O1X (total 170 → 171)
2026-08-11 15:41:18,333 - INFO -   ➕ Produto adicionado: P-5SG53FPA6N (total 171 → 172)
2026-08-11 15:41:21,492 - INFO -   ➕ Produto adicionado: P-6BOA068FAX (total 172 → 173)
2026-08-11 15:41:24,711 - INFO -   ➕ Produto adicionado: P-9GR45FGQ2K (total 173 → 174)
2026-08-11 15:41:27,681 - INFO -   ➕ Produto adicionado: P-F1TO9ESZ61 (total 174 → 175)
2026-08-11 15:41:30,482 - INFO -   ➕ Produto adicionado: P-60ECQ8I3UE (total 175 → 176)
2026-08-11 15:41:33,233 - INFO -   ➕ Produto adicionado: P-ES7HCEZLY7 (total 176 → 177)
2026-08-11 15:41:37,288 - INFO -   ➕ Produto adicionado: P-1YYYP9SLXA (total 177 → 178)
2026-08-11 15:41:40,042 - INFO -   ➕ Produto adicionado: P-2M6CCUGEV6 (total 178 → 179)
2026-08-11 15:41:43,116 - INFO -   ➕ Produto adicionado: P-1PIJH30YAL (total 179 → 180)
2026-08-11 15:41:54,116 - WARNING -   ⚠ shortHash 'P-7C82YIJ00O': tabela não convergiu para 1 resultado novo (contagem no timeout: 10) — pesquisando novamente...
2026-08-11 15:41:56,662 - INFO -   ➕ Produto adicionado: P-7C82YIJ00O (total 180 → 181)
2026-08-11 15:41:59,487 - INFO -   ➕ Produto adicionado: P-E0ISCQBE4G (total 181 → 182)
2026-08-11 15:42:02,186 - INFO -   ➕ Produto adicionado: P-CZA5GGLGRK (total 182 → 183)
2026-08-11 15:42:04,701 - INFO -   ➕ Produto adicionado: P-2ONLNVFZ8I (total 183 → 184)
2026-08-11 15:42:07,376 - INFO -   ➕ Produto adicionado: P-8FZA9G819S (total 184 → 185)
2026-08-11 15:42:10,103 - INFO -   ➕ Produto adicionado: P-4VQ0IH85ZO (total 185 → 186)
2026-08-11 15:42:12,766 - INFO -   ➕ Produto adicionado: P-57QWCLCB4D (total 186 → 187)
2026-08-11 15:42:15,327 - INFO -   ➕ Produto adicionado: P-1U7M540OF8 (total 187 → 188)
2026-08-11 15:42:18,364 - INFO -   ➕ Produto adicionado: P-9VS8T9OFW6 (total 188 → 189)
2026-08-11 15:42:21,148 - INFO -   ➕ Produto adicionado: P-BZEO7WV5RI (total 189 → 190)
2026-08-11 15:42:24,648 - INFO -   ➕ Produto adicionado: P-6V5H1P6FE7 (total 190 → 191)
2026-08-11 15:42:27,276 - INFO -   ➕ Produto adicionado: P-378WA0FLHH (total 191 → 192)
2026-08-11 15:42:29,999 - INFO -   ➕ Produto adicionado: P-95Q2TGDJLM (total 192 → 193)
2026-08-11 15:42:32,460 - INFO -   ➕ Produto adicionado: P-51PMWRJ240 (total 193 → 194)
2026-08-11 15:42:35,180 - INFO -   ➕ Produto adicionado: P-116O1MUVGP (total 194 → 195)
2026-08-11 15:42:37,736 - INFO -   ➕ Produto adicionado: P-GVGC0S9TC1 (total 195 → 196)
2026-08-11 15:42:40,724 - INFO -   ➕ Produto adicionado: P-4Z6TY9NHVA (total 196 → 197)
2026-08-11 15:42:43,275 - INFO -   ➕ Produto adicionado: P-5QWTN8WDRZ (total 197 → 198)
2026-08-11 15:42:46,138 - INFO -   ➕ Produto adicionado: P-CN2L0JPQ85 (total 198 → 199)
2026-08-11 15:42:48,876 - INFO -   ➕ Produto adicionado: P-7Z0H3SPN5T (total 199 → 200)
2026-08-11 15:42:51,644 - INFO -   ➕ Produto adicionado: P-1JN69NVXQH (total 200 → 201)
2026-08-11 15:42:54,096 - INFO -   ➕ Produto adicionado: P-75A2AJH740 (total 201 → 202)
2026-08-11 15:42:56,922 - INFO -   ➕ Produto adicionado: P-AZ4880V2VF (total 202 → 203)
2026-08-11 15:42:59,497 - INFO -   ➕ Produto adicionado: P-8VH6MWNTWR (total 203 → 204)
2026-08-11 15:43:02,291 - INFO -   ➕ Produto adicionado: P-7UAWSPJJJG (total 204 → 205)
2026-08-11 15:43:04,949 - INFO -   ➕ Produto adicionado: P-E2NII6GCYW (total 205 → 206)
2026-08-11 15:43:07,692 - INFO -   ➕ Produto adicionado: P-44VB4CGIHC (total 206 → 207)
2026-08-11 15:43:10,264 - INFO -   ➕ Produto adicionado: P-ZHC60NGDU2 (total 207 → 208)
2026-08-11 15:43:13,316 - INFO -   ➕ Produto adicionado: P-D5MX73SLD3 (total 208 → 209)
2026-08-11 15:43:15,900 - INFO -   ➕ Produto adicionado: P-EBZEOIHF52 (total 209 → 210)
2026-08-11 15:43:18,551 - INFO -   ➕ Produto adicionado: P-AFKZY1BUXU (total 210 → 211)
2026-08-11 15:43:21,161 - INFO -   ➕ Produto adicionado: P-6X9QRA1YVS (total 211 → 212)
2026-08-11 15:43:24,231 - INFO -   ➕ Produto adicionado: P-53LJ1LIJBJ (total 212 → 213)
2026-08-11 15:43:26,838 - INFO -   ➕ Produto adicionado: P-EWR1ZOVPVG (total 213 → 214)
2026-08-11 15:43:29,447 - INFO -   ➕ Produto adicionado: P-EWCBCMO9TJ (total 214 → 215)
2026-08-11 15:43:31,883 - INFO -   ➕ Produto adicionado: P-AE2UPGJ7TI (total 215 → 216)
2026-08-11 15:43:34,400 - INFO -   ➕ Produto adicionado: P-B51N8XREK9 (total 216 → 217)
2026-08-11 15:43:37,101 - INFO -   ➕ Produto adicionado: P-11Z9M9WMVA (total 217 → 218)
2026-08-11 15:43:39,672 - INFO -   ➕ Produto adicionado: P-CQF5P3804U (total 218 → 219)
2026-08-11 15:43:42,564 - INFO -   ➕ Produto adicionado: P-C25X6SUNC5 (total 219 → 220)
2026-08-11 15:43:44,990 - INFO -   ➕ Produto adicionado: P-32J48RVIEB (total 220 → 221)
2026-08-11 15:43:48,101 - INFO -   ➕ Produto adicionado: P-6I38PY2O6F (total 221 → 222)
2026-08-11 15:43:50,906 - INFO -   ➕ Produto adicionado: P-1U1B7AP1CM (total 222 → 223)
2026-08-11 15:43:53,487 - INFO -   ➕ Produto adicionado: P-7F88L2LBHY (total 223 → 224)
2026-08-11 15:43:55,995 - INFO -   ➕ Produto adicionado: P-C1AJJW8AKB (total 224 → 225)
2026-08-11 15:43:58,686 - INFO -   ➕ Produto adicionado: P-5W413W3CMW (total 225 → 226)
2026-08-11 15:44:01,187 - INFO -   ➕ Produto adicionado: P-5ILLMIYE2C (total 226 → 227)
2026-08-11 15:44:04,147 - INFO -   ➕ Produto adicionado: P-AB8Q06R7YI (total 227 → 228)
2026-08-11 15:44:06,853 - INFO -   ➕ Produto adicionado: P-86A6UOX59Q (total 228 → 229)
2026-08-11 15:44:09,458 - INFO -   ➕ Produto adicionado: P-6OXAKRAZ79 (total 229 → 230)
2026-08-11 15:44:12,043 - INFO -   ➕ Produto adicionado: P-BACOJIIVDI (total 230 → 231)
2026-08-11 15:44:15,156 - INFO -   ➕ Produto adicionado: P-2OVC3J46AI (total 231 → 232)
2026-08-11 15:44:17,652 - INFO -   ➕ Produto adicionado: P-ELRULJOSLK (total 232 → 233)
2026-08-11 15:44:20,468 - INFO -   ➕ Produto adicionado: P-784X7Z0B9Z (total 233 → 234)
2026-08-11 15:44:23,227 - INFO -   ➕ Produto adicionado: P-C5UTI8A5TV (total 234 → 235)
2026-08-11 15:44:26,616 - INFO -   ➕ Produto adicionado: P-F6W74FCI3W (total 235 → 236)
2026-08-11 15:44:29,199 - INFO -   ➕ Produto adicionado: P-B8875L9J4T (total 236 → 237)
2026-08-11 15:44:31,948 - INFO -   ➕ Produto adicionado: P-ANK65AS78R (total 237 → 238)
2026-08-11 15:44:35,305 - INFO -   ➕ Produto adicionado: P-CK7GZNPGBQ (total 238 → 239)
2026-08-11 15:44:37,895 - INFO -   ➕ Produto adicionado: P-2VBEH3KFJT (total 239 → 240)
2026-08-11 15:44:40,509 - INFO -   ➕ Produto adicionado: P-2JMJYS36YU (total 240 → 241)
2026-08-11 15:44:43,452 - INFO -   ➕ Produto adicionado: P-ALZ1DU27I4 (total 241 → 242)
2026-08-11 15:44:46,004 - INFO -   ➕ Produto adicionado: P-CSPZC6455Q (total 242 → 243)
2026-08-11 15:44:48,694 - INFO -   ➕ Produto adicionado: P-37PS8O2QR5 (total 243 → 244)
2026-08-11 15:44:51,261 - INFO -   ➕ Produto adicionado: P-DYF5FHO4O5 (total 244 → 245)
2026-08-11 15:44:54,501 - INFO -   ➕ Produto adicionado: P-1SAXZMCYI4 (total 245 → 246)
2026-08-11 15:44:57,144 - INFO -   ➕ Produto adicionado: P-C98ZO4039M (total 246 → 247)
2026-08-11 15:45:00,152 - INFO -   ➕ Produto adicionado: P-378ERPQPJF (total 247 → 248)
2026-08-11 15:45:02,726 - INFO -   ➕ Produto adicionado: P-9EOPEM3R0J (total 248 → 249)
2026-08-11 15:45:05,741 - INFO -   ➕ Produto adicionado: P-52R9SNACSO (total 249 → 250)
2026-08-11 15:45:08,436 - INFO -   ➕ Produto adicionado: P-DKL5SLNY9T (total 250 → 251)
2026-08-11 15:45:19,177 - WARNING -   ⚠ shortHash 'P-9C1I665TUV': tabela não convergiu para 1 resultado novo (contagem no timeout: 10) — pesquisando novamente...
2026-08-11 15:45:22,062 - INFO -   ➕ Produto adicionado: P-9C1I665TUV (total 251 → 252)
2026-08-11 15:45:24,941 - INFO -   ➕ Produto adicionado: P-EABTX7HEII (total 252 → 253)
2026-08-11 15:45:27,657 - INFO -   ➕ Produto adicionado: P-4MR5ZYI61Y (total 253 → 254)
2026-08-11 15:45:30,876 - INFO -   ➕ Produto adicionado: P-42BNMXIZBY (total 254 → 255)
2026-08-11 15:45:33,554 - INFO -   ➕ Produto adicionado: P-9N9SWL0VJF (total 255 → 256)
2026-08-11 15:45:36,272 - INFO -   ➕ Produto adicionado: P-4Z37HVJA5Z (total 256 → 257)
2026-08-11 15:45:38,972 - INFO -   ➕ Produto adicionado: P-BLFSUE4NZ2 (total 257 → 258)
2026-08-11 15:45:41,585 - INFO -   ➕ Produto adicionado: P-7J4SMX5HDT (total 258 → 259)
2026-08-11 15:45:44,372 - INFO -   ➕ Produto adicionado: P-88BR3MI6Y2 (total 259 → 260)
2026-08-11 15:45:46,950 - INFO -   ➕ Produto adicionado: P-BWO3PICD6B (total 260 → 261)
2026-08-11 15:45:49,671 - INFO -   ➕ Produto adicionado: P-6XDF4L06BR (total 261 → 262)
2026-08-11 15:45:52,614 - INFO -   ➕ Produto adicionado: P-4TSW6O94YM (total 262 → 263)
2026-08-11 15:45:55,228 - INFO -   ➕ Produto adicionado: P-6V4856X0W3 (total 263 → 264)
2026-08-11 15:45:57,731 - INFO -   ➕ Produto adicionado: P-2GFAF37P36 (total 264 → 265)
2026-08-11 15:46:00,584 - INFO -   ➕ Produto adicionado: P-BKS963MSKC (total 265 → 266)
2026-08-11 15:46:03,296 - INFO -   ➕ Produto adicionado: P-9MTMGEWVVU (total 266 → 267)
2026-08-11 15:46:06,474 - INFO -   ➕ Produto adicionado: P-2HC6M8R4IA (total 267 → 268)
2026-08-11 15:46:09,084 - INFO -   ➕ Produto adicionado: P-1Q50PNVBJ2 (total 268 → 269)
2026-08-11 15:46:12,748 - INFO -   ➕ Produto adicionado: P-1KR9D46OVI (total 269 → 270)
2026-08-11 15:46:16,637 - INFO -   ➕ Produto adicionado: P-3RRLIENMJ7 (total 270 → 271)
2026-08-11 15:46:19,361 - INFO -   ➕ Produto adicionado: P-762R4VEI1W (total 271 → 272)
2026-08-11 15:46:22,283 - INFO -   ➕ Produto adicionado: P-39TWNPPJM5 (total 272 → 273)
2026-08-11 15:46:24,976 - INFO -   ➕ Produto adicionado: P-257PGBVTGP (total 273 → 274)
2026-08-11 15:46:27,633 - INFO -   ➕ Produto adicionado: P-82MEU7P0XJ (total 274 → 275)
2026-08-11 15:46:30,413 - INFO -   ➕ Produto adicionado: P-1UAT8LAU2O (total 275 → 276)
2026-08-11 15:46:33,031 - INFO -   ➕ Produto adicionado: P-DCYJXLHZLY (total 276 → 277)
2026-08-11 15:46:35,803 - INFO -   ➕ Produto adicionado: P-5NMAWYX7GC (total 277 → 278)
2026-08-11 15:46:38,471 - INFO -   ➕ Produto adicionado: P-28FFP0N425 (total 278 → 279)
2026-08-11 15:46:41,213 - INFO -   ➕ Produto adicionado: P-F1XMJ4W6YE (total 279 → 280)
2026-08-11 15:46:44,303 - INFO -   ➕ Produto adicionado: P-4WI0JAN7LU (total 280 → 281)
2026-08-11 15:46:47,254 - INFO -   ➕ Produto adicionado: P-EM8FBECS25 (total 281 → 282)
2026-08-11 15:46:50,062 - INFO -   ➕ Produto adicionado: P-7YMRSXRTVI (total 282 → 283)
2026-08-11 15:46:52,751 - INFO -   ➕ Produto adicionado: P-4ECU79D1BS (total 283 → 284)
2026-08-11 15:46:55,438 - INFO -   ➕ Produto adicionado: P-2V28P5UB2T (total 284 → 285)
2026-08-11 15:46:58,072 - INFO -   ➕ Produto adicionado: P-DJ90E3MKJQ (total 285 → 286)
2026-08-11 15:47:00,612 - INFO -   ➕ Produto adicionado: P-DIHLYRYWN6 (total 286 → 287)
2026-08-11 15:47:03,390 - INFO -   ➕ Produto adicionado: P-6KOXXWOR38 (total 287 → 288)
2026-08-11 15:47:05,944 - INFO -   ➕ Produto adicionado: P-3XOB2US7F6 (total 288 → 289)
2026-08-11 15:47:09,088 - INFO -   ➕ Produto adicionado: P-BQWK49XBVN (total 289 → 290)
2026-08-11 15:47:11,782 - INFO -   ➕ Produto adicionado: P-B70Y20555Y (total 290 → 291)
2026-08-11 15:47:14,422 - INFO -   ➕ Produto adicionado: P-3HFEUBJSQ1 (total 291 → 292)
2026-08-11 15:47:17,406 - INFO -   ➕ Produto adicionado: P-2708PIT0XS (total 292 → 293)
2026-08-11 15:47:20,344 - INFO -   ➕ Produto adicionado: P-3X8CI4BBWF (total 293 → 294)
2026-08-11 15:47:20,517 - INFO - ✓ Adição concluída — 294 adicionado(s), 0 não encontrado(s), 0 sem efeito, 4 com código divergente
2026-08-11 15:47:20,517 - WARNING -   shortHashes com código divergente do SKU (não adicionados): ['P-6E87EGZPMK', 'P-4ZHOI7SX45', 'P-1JF8RJL49X', 'P-A9HBBJNVXG']
2026-08-11 15:47:20,517 - INFO - Salvando alterações...
2026-08-11 15:47:20,690 - INFO - ✓ Alterações salvas com sucesso
2026-08-11 15:47:20,690 - INFO - Conferindo resultado final da coleção...
2026-08-11 15:47:22,805 - ERROR -   ✗ DIVERGÊNCIA FINAL — esperado: 298 | encontrado na coleção: 294 | diferença: 4
2026-08-11 15:47:25,133 - INFO - ============================================================
2026-08-11 15:47:25,133 - INFO - ✓ FLUXO CONCLUÍDO
2026-08-11 15:47:25,133 - INFO - ============================================================
2026-08-11 15:47:27,494 - INFO - Chrome fechado
2026-08-11 15:47:27,495 - INFO - ============================================================
2026-08-11 15:47:27,495 - INFO - RESUMO DE TEMPOS POR FASE (MEDIR_TEMPOS=True)
2026-08-11 15:47:27,495 - INFO -   busca                      513.03s total |  298x | média 1.722s |  45.7%
2026-08-11 15:47:27,496 - INFO -   remocao_item               293.61s total |  317x | média 0.926s |  26.2%
2026-08-11 15:47:27,496 - INFO -   confirmacao_contador       238.81s total |  294x | média 0.812s |  21.3%
2026-08-11 15:47:27,496 - INFO -   limpeza_filtro              52.24s total |  298x | média 0.175s |   4.7%
2026-08-11 15:47:27,496 - INFO -   clique                      22.10s total |  294x | média 0.075s |   2.0%
2026-08-11 15:47:27,496 - INFO -   validacao_sku                1.81s total |  298x | média 0.006s |   0.2%
2026-08-11 15:47:27,497 - INFO -   TOTAL MEDIDO              1121.61s
2026-08-11 15:47:27,497 - INFO - ============================================================
2026-08-14 10:52:58,870 - WARNING -   ⚠ Chip de filtro 'P-ANLDG969WO' não saiu da tela após clicar no 'x'
